fonction,localisation,experience,management,diplome,secteur,salaire_min_k,salaire_moyen_k,salaire_max_k,note,source
CFO,Île-de-France,0 ans,Pas de management,Bac +5,DeepTech,"52,42 K€","58,24 K€","72,80 K€",effectif,DataRecrutement
CFO,Île-de-France,1 ans,Pas de management,Bac +5,DeepTech,"57,10 K€","63,44 K€","79,30 K€",effectif,DataRecrutement
CFO,Île-de-France,2 ans,Pas de management,Bac +5,DeepTech,"61,78 K€","68,64 K€","85,80 K€",effectif,DataRecrutement
CFO,Île-de-France,3 ans,Pas de management,Bac +5,DeepTech,"66,46 K€","73,84 K€","92,30 K€",effectif,DataRecrutement
CFO,Île-de-France,4 ans,Pas de management,Bac +5,DeepTech,"71,14 K€","79,04 K€","98,80 K€",effectif,DataRecrutement
CFO,Île-de-France,5 ans,Pas de management,Bac +5,DeepTech,"75,82 K€","84,24 K€","105,30 K€",effectif,DataRecrutement
CFO,Île-de-France,8 ans,Pas de management,Bac +5,DeepTech,"89,86 K€","99,84 K€","124,80 K€",effectif,DataRecrutement
CFO,Île-de-France,10 ans,Pas de management,Bac +5,DeepTech,"99,22 K€","110,24 K€","137,80 K€",effectif,DataRecrutement
CFO,Île-de-France,15 ans,Pas de management,Bac +5,DeepTech,"122,62 K€","136,24 K€","170,30 K€",effectif,DataRecrutement
CFO,Île-de-France,30 ans,Pas de management,Bac +5,DeepTech,"192,82 K€","214,24 K€","267,80 K€",effectif,DataRecrutement
Chief Technology Officer,Île-de-France,0 ans,Pas de management,Bac +5,DeepTech,"52,42 K€","58,24 K€","72,80 K€",effectif,DataRecrutement
Chief Technology Officer,Île-de-France,1 ans,Pas de management,Bac +5,DeepTech,"57,10 K€","63,44 K€","79,30 K€",effectif,DataRecrutement
Chief Technology Officer,Île-de-France,2 ans,Pas de management,Bac +5,DeepTech,"61,78 K€","68,64 K€","85,80 K€",effectif,DataRecrutement
Chief Technology Officer,Île-de-France,3 ans,Pas de management,Bac +5,DeepTech,"66,46 K€","73,84 K€","92,30 K€",effectif,DataRecrutement
Chief Technology Officer,Île-de-France,4 ans,Pas de management,Bac +5,DeepTech,"71,14 K€","79,04 K€","98,80 K€",effectif,DataRecrutement
Chief Technology Officer,Île-de-France,5 ans,Pas de management,Bac +5,DeepTech,"75,82 K€","84,24 K€","105,30 K€",effectif,DataRecrutement
Chief Technology Officer,Île-de-France,8 ans,Pas de management,Bac +5,DeepTech,"89,86 K€","99,84 K€","124,80 K€",effectif,DataRecrutement
Chief Technology Officer,Île-de-France,10 ans,Pas de management,Bac +5,DeepTech,"99,22 K€","110,24 K€","137,80 K€",effectif,DataRecrutement
Chief Technology Officer,Île-de-France,15 ans,Pas de management,Bac +5,DeepTech,"122,62 K€","136,24 K€","170,30 K€",effectif,DataRecrutement
Chief Technology Officer,Île-de-France,30 ans,Pas de management,Bac +5,DeepTech,"192,82 K€","214,24 K€","267,80 K€",effectif,DataRecrutement
Chief People Officer / DRH,Île-de-France,0 ans,Pas de management,Bac +5,DeepTech,"45,72 K€","50,80 K€","63,50 K€",effectif,DataRecrutement
Chief People Officer / DRH,Île-de-France,1 ans,Pas de management,Bac +5,DeepTech,"49,81 K€","55,34 K€","69,17 K€",effectif,DataRecrutement
Chief People Officer / DRH,Île-de-France,2 ans,Pas de management,Bac +5,DeepTech,"53,89 K€","59,88 K€","74,84 K€",effectif,DataRecrutement
Chief People Officer / DRH,Île-de-France,3 ans,Pas de management,Bac +5,DeepTech,"57,97 K€","64,41 K€","80,51 K€",effectif,DataRecrutement
Chief People Officer / DRH,Île-de-France,4 ans,Pas de management,Bac +5,DeepTech,"62,05 K€","68,95 K€","86,18 K€",effectif,DataRecrutement
Chief People Officer / DRH,Île-de-France,5 ans,Pas de management,Bac +5,DeepTech,"66,13 K€","73,48 K€","91,85 K€",effectif,DataRecrutement
Chief People Officer / DRH,Île-de-France,8 ans,Pas de management,Bac +5,DeepTech,"78,38 K€","87,09 K€","108,86 K€",effectif,DataRecrutement
Chief People Officer / DRH,Île-de-France,10 ans,Pas de management,Bac +5,DeepTech,"86,55 K€","96,16 K€","120,20 K€",effectif,DataRecrutement
Chief People Officer / DRH,Île-de-France,15 ans,Pas de management,Bac +5,DeepTech,"106,96 K€","118,84 K€","148,55 K€",effectif,DataRecrutement
Chief People Officer / DRH,Île-de-France,30 ans,Pas de management,Bac +5,DeepTech,"168,19 K€","186,88 K€","233,60 K€",effectif,DataRecrutement
Chief Marketing Officer,Île-de-France,0 ans,Pas de management,Bac +5,DeepTech,"46,37 K€","51,52 K€","64,40 K€",effectif,DataRecrutement
Chief Marketing Officer,Île-de-France,1 ans,Pas de management,Bac +5,DeepTech,"50,51 K€","56,12 K€","70,15 K€",effectif,DataRecrutement
Chief Marketing Officer,Île-de-France,2 ans,Pas de management,Bac +5,DeepTech,"54,65 K€","60,72 K€","75,90 K€",effectif,DataRecrutement
Chief Marketing Officer,Île-de-France,3 ans,Pas de management,Bac +5,DeepTech,"58,79 K€","65,32 K€","81,65 K€",effectif,DataRecrutement
Chief Marketing Officer,Île-de-France,4 ans,Pas de management,Bac +5,DeepTech,"62,93 K€","69,92 K€","87,40 K€",effectif,DataRecrutement
Chief Marketing Officer,Île-de-France,5 ans,Pas de management,Bac +5,DeepTech,"67,07 K€","74,52 K€","93,15 K€",effectif,DataRecrutement
Chief Marketing Officer,Île-de-France,8 ans,Pas de management,Bac +5,DeepTech,"79,49 K€","88,32 K€","110,40 K€",effectif,DataRecrutement
Chief Marketing Officer,Île-de-France,10 ans,Pas de management,Bac +5,DeepTech,"87,77 K€","97,52 K€","121,90 K€",effectif,DataRecrutement
Chief Marketing Officer,Île-de-France,15 ans,Pas de management,Bac +5,DeepTech,"108,47 K€","120,52 K€","150,65 K€",effectif,DataRecrutement
Chief Marketing Officer,Île-de-France,30 ans,Pas de management,Bac +5,DeepTech,"170,57 K€","189,52 K€","236,90 K€",effectif,DataRecrutement
Chief Product Officer,Île-de-France,0 ans,Pas de management,Bac +5,DeepTech,"50,90 K€","56,56 K€","70,70 K€",effectif,DataRecrutement
Chief Product Officer,Île-de-France,1 ans,Pas de management,Bac +5,DeepTech,"55,45 K€","61,61 K€","77,01 K€",effectif,DataRecrutement
Chief Product Officer,Île-de-France,2 ans,Pas de management,Bac +5,DeepTech,"59,99 K€","66,66 K€","83,33 K€",effectif,DataRecrutement
Chief Product Officer,Île-de-France,3 ans,Pas de management,Bac +5,DeepTech,"64,54 K€","71,71 K€","89,64 K€",effectif,DataRecrutement
Chief Product Officer,Île-de-France,4 ans,Pas de management,Bac +5,DeepTech,"69,08 K€","76,76 K€","95,95 K€",effectif,DataRecrutement
Chief Product Officer,Île-de-France,5 ans,Pas de management,Bac +5,DeepTech,"73,63 K€","81,81 K€","102,26 K€",effectif,DataRecrutement
Chief Product Officer,Île-de-France,8 ans,Pas de management,Bac +5,DeepTech,"87,26 K€","96,96 K€","121,20 K€",effectif,DataRecrutement
Chief Product Officer,Île-de-France,10 ans,Pas de management,Bac +5,DeepTech,"96,35 K€","107,06 K€","133,82 K€",effectif,DataRecrutement
Chief Product Officer,Île-de-France,15 ans,Pas de management,Bac +5,DeepTech,"119,08 K€","132,31 K€","165,39 K€",effectif,DataRecrutement
Chief Product Officer,Île-de-France,30 ans,Pas de management,Bac +5,DeepTech,"187,25 K€","208,06 K€","260,07 K€",effectif,DataRecrutement
Chief Sales Officer,Île-de-France,0 ans,Pas de management,Bac +5,DeepTech,"59,98 K€","66,64 K€","83,30 K€",effectif,DataRecrutement
Chief Sales Officer,Île-de-France,1 ans,Pas de management,Bac +5,DeepTech,"65,33 K€","72,59 K€","90,74 K€",effectif,DataRecrutement
Chief Sales Officer,Île-de-France,2 ans,Pas de management,Bac +5,DeepTech,"70,69 K€","78,54 K€","98,17 K€",effectif,DataRecrutement
Chief Sales Officer,Île-de-France,3 ans,Pas de management,Bac +5,DeepTech,"76,04 K€","84,49 K€","105,61 K€",effectif,DataRecrutement
Chief Sales Officer,Île-de-France,4 ans,Pas de management,Bac +5,DeepTech,"81,40 K€","90,44 K€","113,05 K€",effectif,DataRecrutement
Chief Sales Officer,Île-de-France,5 ans,Pas de management,Bac +5,DeepTech,"86,75 K€","96,39 K€","120,49 K€",effectif,DataRecrutement
Chief Sales Officer,Île-de-France,8 ans,Pas de management,Bac +5,DeepTech,"102,82 K€","114,24 K€","142,80 K€",effectif,DataRecrutement
Chief Sales Officer,Île-de-France,10 ans,Pas de management,Bac +5,DeepTech,"113,53 K€","126,14 K€","157,68 K€",effectif,DataRecrutement
Chief Sales Officer,Île-de-France,15 ans,Pas de management,Bac +5,DeepTech,"140,30 K€","155,89 K€","194,86 K€",effectif,DataRecrutement
Chief Sales Officer,Île-de-France,30 ans,Pas de management,Bac +5,DeepTech,"220,63 K€","245,14 K€","306,43 K€",effectif,DataRecrutement
Chief Data Officer,Île-de-France,0 ans,Pas de management,Bac +5,DeepTech,"54,94 K€","61,04 K€","76,30 K€",effectif,DataRecrutement
Chief Data Officer,Île-de-France,1 ans,Pas de management,Bac +5,DeepTech,"59,84 K€","66,49 K€","83,11 K€",effectif,DataRecrutement
Chief Data Officer,Île-de-France,2 ans,Pas de management,Bac +5,DeepTech,"64,75 K€","71,94 K€","89,92 K€",effectif,DataRecrutement
Chief Data Officer,Île-de-France,3 ans,Pas de management,Bac +5,DeepTech,"69,65 K€","77,39 K€","96,74 K€",effectif,DataRecrutement
Chief Data Officer,Île-de-France,4 ans,Pas de management,Bac +5,DeepTech,"74,56 K€","82,84 K€","103,55 K€",effectif,DataRecrutement
Chief Data Officer,Île-de-France,5 ans,Pas de management,Bac +5,DeepTech,"79,46 K€","88,29 K€","110,36 K€",effectif,DataRecrutement
Chief Data Officer,Île-de-France,8 ans,Pas de management,Bac +5,DeepTech,"94,18 K€","104,64 K€","130,80 K€",effectif,DataRecrutement
Chief Data Officer,Île-de-France,10 ans,Pas de management,Bac +5,DeepTech,"103,99 K€","115,54 K€","144,43 K€",effectif,DataRecrutement
Chief Data Officer,Île-de-France,15 ans,Pas de management,Bac +5,DeepTech,"128,51 K€","142,79 K€","178,49 K€",effectif,DataRecrutement
Chief Data Officer,Île-de-France,30 ans,Pas de management,Bac +5,DeepTech,"202,09 K€","224,54 K€","280,68 K€",effectif,DataRecrutement
Talent Acquisition Manager,Île-de-France,0 ans,Pas de management,Bac +5,DeepTech,"41,33 K€","45,92 K€","57,40 K€",effectif,DataRecrutement
Talent Acquisition Manager,Île-de-France,1 ans,Pas de management,Bac +5,DeepTech,"43,21 K€","48,02 K€","60,02 K€",effectif,DataRecrutement
Talent Acquisition Manager,Île-de-France,2 ans,Pas de management,Bac +5,DeepTech,"45,10 K€","50,11 K€","62,64 K€",effectif,DataRecrutement
Talent Acquisition Manager,Île-de-France,3 ans,Pas de management,Bac +5,DeepTech,"46,98 K€","52,21 K€","65,26 K€",effectif,DataRecrutement
Talent Acquisition Manager,Île-de-France,4 ans,Pas de management,Bac +5,DeepTech,"48,87 K€","54,30 K€","67,88 K€",effectif,DataRecrutement
Talent Acquisition Manager,Île-de-France,5 ans,Pas de management,Bac +5,DeepTech,"50,76 K€","56,40 K€","70,49 K€",effectif,DataRecrutement
Talent Acquisition Manager,Île-de-France,8 ans,Pas de management,Bac +5,DeepTech,"56,41 K€","62,68 K€","78,35 K€",effectif,DataRecrutement
Talent Acquisition Manager,Île-de-France,10 ans,Pas de management,Bac +5,DeepTech,"60,18 K€","66,87 K€","83,59 K€",effectif,DataRecrutement
Talent Acquisition Manager,Île-de-France,15 ans,Pas de management,Bac +5,DeepTech,"69,61 K€","77,35 K€","96,68 K€",effectif,DataRecrutement
Talent Acquisition Manager,Île-de-France,30 ans,Pas de management,Bac +5,DeepTech,"97,90 K€","108,77 K€","135,97 K€",effectif,DataRecrutement
Architecte,Île-de-France,0 ans,Pas de management,Bac +5,DeepTech,"47,19 K€","52,43 K€","65,54 K€",effectif,DataRecrutement
Architecte,Île-de-France,1 ans,Pas de management,Bac +5,DeepTech,"49,34 K€","54,83 K€","68,53 K€",effectif,DataRecrutement
Architecte,Île-de-France,2 ans,Pas de management,Bac +5,DeepTech,"51,50 K€","57,22 K€","71,52 K€",effectif,DataRecrutement
Architecte,Île-de-France,3 ans,Pas de management,Bac +5,DeepTech,"53,65 K€","59,61 K€","74,51 K€",effectif,DataRecrutement
Architecte,Île-de-France,4 ans,Pas de management,Bac +5,DeepTech,"55,80 K€","62,00 K€","77,50 K€",effectif,DataRecrutement
Architecte,Île-de-France,5 ans,Pas de management,Bac +5,DeepTech,"57,96 K€","64,40 K€","80,49 K€",effectif,DataRecrutement
Architecte,Île-de-France,8 ans,Pas de management,Bac +5,DeepTech,"64,42 K€","71,57 K€","89,47 K€",effectif,DataRecrutement
Architecte,Île-de-France,10 ans,Pas de management,Bac +5,DeepTech,"68,72 K€","76,36 K€","95,45 K€",effectif,DataRecrutement
Architecte,Île-de-France,15 ans,Pas de management,Bac +5,DeepTech,"79,49 K€","88,32 K€","110,40 K€",effectif,DataRecrutement
Architecte,Île-de-France,30 ans,Pas de management,Bac +5,DeepTech,"111,78 K€","124,20 K€","155,25 K€",effectif,DataRecrutement
Back-end engineer,Île-de-France,0 ans,Pas de management,Bac +5,DeepTech,"42,52 K€","47,25 K€","59,06 K€",effectif,DataRecrutement
Back-end engineer,Île-de-France,1 ans,Pas de management,Bac +5,DeepTech,"44,46 K€","49,40 K€","61,76 K€",effectif,DataRecrutement
Back-end engineer,Île-de-France,2 ans,Pas de management,Bac +5,DeepTech,"46,40 K€","51,56 K€","64,45 K€",effectif,DataRecrutement
Back-end engineer,Île-de-France,3 ans,Pas de management,Bac +5,DeepTech,"48,34 K€","53,72 K€","67,14 K€",effectif,DataRecrutement
Back-end engineer,Île-de-France,4 ans,Pas de management,Bac +5,DeepTech,"50,28 K€","55,87 K€","69,84 K€",effectif,DataRecrutement
Back-end engineer,Île-de-France,5 ans,Pas de management,Bac +5,DeepTech,"52,22 K€","58,03 K€","72,53 K€",effectif,DataRecrutement
Back-end engineer,Île-de-France,8 ans,Pas de management,Bac +5,DeepTech,"58,04 K€","64,49 K€","80,62 K€",effectif,DataRecrutement
Back-end engineer,Île-de-France,10 ans,Pas de management,Bac +5,DeepTech,"61,92 K€","68,81 K€","86,01 K€",effectif,DataRecrutement
Back-end engineer,Île-de-France,15 ans,Pas de management,Bac +5,DeepTech,"71,63 K€","79,58 K€","99,48 K€",effectif,DataRecrutement
Back-end engineer,Île-de-France,30 ans,Pas de management,Bac +5,DeepTech,"100,73 K€","111,92 K€","139,90 K€",effectif,DataRecrutement
Front-end engineer,Île-de-France,0 ans,Pas de management,Bac +5,DeepTech,"42,47 K€","47,19 K€","58,99 K€",effectif,DataRecrutement
Front-end engineer,Île-de-France,1 ans,Pas de management,Bac +5,DeepTech,"44,41 K€","49,34 K€","61,68 K€",effectif,DataRecrutement
Front-end engineer,Île-de-France,2 ans,Pas de management,Bac +5,DeepTech,"46,35 K€","51,50 K€","64,37 K€",effectif,DataRecrutement
Front-end engineer,Île-de-France,3 ans,Pas de management,Bac +5,DeepTech,"48,28 K€","53,65 K€","67,06 K€",effectif,DataRecrutement
Front-end engineer,Île-de-France,4 ans,Pas de management,Bac +5,DeepTech,"50,22 K€","55,80 K€","69,75 K€",effectif,DataRecrutement
Front-end engineer,Île-de-France,5 ans,Pas de management,Bac +5,DeepTech,"52,16 K€","57,96 K€","72,44 K€",effectif,DataRecrutement
Front-end engineer,Île-de-France,8 ans,Pas de management,Bac +5,DeepTech,"57,97 K€","64,41 K€","80,52 K€",effectif,DataRecrutement
Front-end engineer,Île-de-France,10 ans,Pas de management,Bac +5,DeepTech,"61,85 K€","68,72 K€","85,90 K€",effectif,DataRecrutement
Front-end engineer,Île-de-France,15 ans,Pas de management,Bac +5,DeepTech,"71,54 K€","79,49 K€","99,36 K€",effectif,DataRecrutement
Front-end engineer,Île-de-France,30 ans,Pas de management,Bac +5,DeepTech,"100,60 K€","111,78 K€","139,73 K€",effectif,DataRecrutement
Full stack engineer,Île-de-France,0 ans,Pas de management,Bac +5,DeepTech,"42,90 K€","47,67 K€","59,58 K€",effectif,DataRecrutement
Full stack engineer,Île-de-France,1 ans,Pas de management,Bac +5,DeepTech,"44,86 K€","49,84 K€","62,30 K€",effectif,DataRecrutement
Full stack engineer,Île-de-France,2 ans,Pas de management,Bac +5,DeepTech,"46,82 K€","52,02 K€","65,02 K€",effectif,DataRecrutement
Full stack engineer,Île-de-France,3 ans,Pas de management,Bac +5,DeepTech,"48,77 K€","54,19 K€","67,74 K€",effectif,DataRecrutement
Full stack engineer,Île-de-France,4 ans,Pas de management,Bac +5,DeepTech,"50,73 K€","56,37 K€","70,46 K€",effectif,DataRecrutement
Full stack engineer,Île-de-France,5 ans,Pas de management,Bac +5,DeepTech,"52,69 K€","58,54 K€","73,18 K€",effectif,DataRecrutement
Full stack engineer,Île-de-France,8 ans,Pas de management,Bac +5,DeepTech,"58,56 K€","65,07 K€","81,33 K€",effectif,DataRecrutement
Full stack engineer,Île-de-France,10 ans,Pas de management,Bac +5,DeepTech,"62,47 K€","69,42 K€","86,77 K€",effectif,DataRecrutement
Full stack engineer,Île-de-France,15 ans,Pas de management,Bac +5,DeepTech,"72,26 K€","80,29 K€","100,36 K€",effectif,DataRecrutement
Full stack engineer,Île-de-France,30 ans,Pas de management,Bac +5,DeepTech,"101,62 K€","112,91 K€","141,14 K€",effectif,DataRecrutement
C++ engineer,Île-de-France,0 ans,Pas de management,Bac +5,DeepTech,"42,47 K€","47,19 K€","58,99 K€",effectif,DataRecrutement
C++ engineer,Île-de-France,1 ans,Pas de management,Bac +5,DeepTech,"44,41 K€","49,34 K€","61,68 K€",effectif,DataRecrutement
C++ engineer,Île-de-France,2 ans,Pas de management,Bac +5,DeepTech,"46,35 K€","51,50 K€","64,37 K€",effectif,DataRecrutement
C++ engineer,Île-de-France,3 ans,Pas de management,Bac +5,DeepTech,"48,28 K€","53,65 K€","67,06 K€",effectif,DataRecrutement
C++ engineer,Île-de-France,4 ans,Pas de management,Bac +5,DeepTech,"50,22 K€","55,80 K€","69,75 K€",effectif,DataRecrutement
C++ engineer,Île-de-France,5 ans,Pas de management,Bac +5,DeepTech,"52,16 K€","57,96 K€","72,44 K€",effectif,DataRecrutement
C++ engineer,Île-de-France,8 ans,Pas de management,Bac +5,DeepTech,"57,97 K€","64,41 K€","80,52 K€",effectif,DataRecrutement
C++ engineer,Île-de-France,10 ans,Pas de management,Bac +5,DeepTech,"61,85 K€","68,72 K€","85,90 K€",effectif,DataRecrutement
C++ engineer,Île-de-France,15 ans,Pas de management,Bac +5,DeepTech,"71,54 K€","79,49 K€","99,36 K€",effectif,DataRecrutement
C++ engineer,Île-de-France,30 ans,Pas de management,Bac +5,DeepTech,"100,60 K€","111,78 K€","139,73 K€",effectif,DataRecrutement
C# engineer,Île-de-France,0 ans,Pas de management,Bac +5,DeepTech,"44,19 K€","49,10 K€","61,37 K€",effectif,DataRecrutement
C# engineer,Île-de-France,1 ans,Pas de management,Bac +5,DeepTech,"46,20 K€","51,34 K€","64,17 K€",effectif,DataRecrutement
C# engineer,Île-de-France,2 ans,Pas de management,Bac +5,DeepTech,"48,22 K€","53,58 K€","66,97 K€",effectif,DataRecrutement
C# engineer,Île-de-France,3 ans,Pas de management,Bac +5,DeepTech,"50,24 K€","55,82 K€","69,77 K€",effectif,DataRecrutement
C# engineer,Île-de-France,4 ans,Pas de management,Bac +5,DeepTech,"52,25 K€","58,06 K€","72,57 K€",effectif,DataRecrutement
C# engineer,Île-de-France,5 ans,Pas de management,Bac +5,DeepTech,"54,27 K€","60,30 K€","75,37 K€",effectif,DataRecrutement
C# engineer,Île-de-France,8 ans,Pas de management,Bac +5,DeepTech,"60,32 K€","67,02 K€","83,77 K€",effectif,DataRecrutement
C# engineer,Île-de-France,10 ans,Pas de management,Bac +5,DeepTech,"64,35 K€","71,50 K€","89,37 K€",effectif,DataRecrutement
C# engineer,Île-de-France,15 ans,Pas de management,Bac +5,DeepTech,"74,43 K€","82,70 K€","103,37 K€",effectif,DataRecrutement
C# engineer,Île-de-France,30 ans,Pas de management,Bac +5,DeepTech,"104,67 K€","116,30 K€","145,37 K€",effectif,DataRecrutement
Intégrateur web,Île-de-France,0 ans,Pas de management,Bac +5,DeepTech,"37,47 K€","41,64 K€","52,05 K€",effectif,DataRecrutement
Intégrateur web,Île-de-France,1 ans,Pas de management,Bac +5,DeepTech,"39,18 K€","43,53 K€","54,42 K€",effectif,DataRecrutement
Intégrateur web,Île-de-France,2 ans,Pas de management,Bac +5,DeepTech,"40,89 K€","45,43 K€","56,79 K€",effectif,DataRecrutement
Intégrateur web,Île-de-France,3 ans,Pas de management,Bac +5,DeepTech,"42,59 K€","47,33 K€","59,16 K€",effectif,DataRecrutement
Intégrateur web,Île-de-France,4 ans,Pas de management,Bac +5,DeepTech,"44,30 K€","49,22 K€","61,53 K€",effectif,DataRecrutement
Intégrateur web,Île-de-France,5 ans,Pas de management,Bac +5,DeepTech,"46,01 K€","51,12 K€","63,90 K€",effectif,DataRecrutement
Intégrateur web,Île-de-France,8 ans,Pas de management,Bac +5,DeepTech,"51,12 K€","56,80 K€","71,01 K€",effectif,DataRecrutement
Intégrateur web,Île-de-France,10 ans,Pas de management,Bac +5,DeepTech,"54,54 K€","60,60 K€","75,75 K€",effectif,DataRecrutement
Intégrateur web,Île-de-France,15 ans,Pas de management,Bac +5,DeepTech,"63,07 K€","70,08 K€","87,60 K€",effectif,DataRecrutement
Intégrateur web,Île-de-France,30 ans,Pas de management,Bac +5,DeepTech,"88,66 K€","98,52 K€","123,15 K€",effectif,DataRecrutement
Java engineer,Île-de-France,0 ans,Pas de management,Bac +5,DeepTech,"41,55 K€","46,17 K€","57,71 K€",effectif,DataRecrutement
Java engineer,Île-de-France,1 ans,Pas de management,Bac +5,DeepTech,"43,44 K€","48,27 K€","60,34 K€",effectif,DataRecrutement
Java engineer,Île-de-France,2 ans,Pas de management,Bac +5,DeepTech,"45,33 K€","50,37 K€","62,96 K€",effectif,DataRecrutement
Java engineer,Île-de-France,3 ans,Pas de management,Bac +5,DeepTech,"47,22 K€","52,46 K€","65,58 K€",effectif,DataRecrutement
Java engineer,Île-de-France,4 ans,Pas de management,Bac +5,DeepTech,"49,11 K€","54,56 K€","68,20 K€",effectif,DataRecrutement
Java engineer,Île-de-France,5 ans,Pas de management,Bac +5,DeepTech,"50,99 K€","56,66 K€","70,83 K€",effectif,DataRecrutement
Java engineer,Île-de-France,8 ans,Pas de management,Bac +5,DeepTech,"56,66 K€","62,96 K€","78,69 K€",effectif,DataRecrutement
Java engineer,Île-de-France,10 ans,Pas de management,Bac +5,DeepTech,"60,44 K€","67,15 K€","83,94 K€",effectif,DataRecrutement
Java engineer,Île-de-France,15 ans,Pas de management,Bac +5,DeepTech,"69,88 K€","77,64 K€","97,05 K€",effectif,DataRecrutement
Java engineer,Île-de-France,30 ans,Pas de management,Bac +5,DeepTech,"98,21 K€","109,12 K€","136,40 K€",effectif,DataRecrutement
Node.js engineer,Île-de-France,0 ans,Pas de management,Bac +5,DeepTech,"48,05 K€","53,39 K€","66,73 K€",effectif,DataRecrutement
Node.js engineer,Île-de-France,1 ans,Pas de management,Bac +5,DeepTech,"50,24 K€","55,82 K€","69,78 K€",effectif,DataRecrutement
Node.js engineer,Île-de-France,2 ans,Pas de management,Bac +5,DeepTech,"52,43 K€","58,26 K€","72,82 K€",effectif,DataRecrutement
Node.js engineer,Île-de-France,3 ans,Pas de management,Bac +5,DeepTech,"54,62 K€","60,69 K€","75,87 K€",effectif,DataRecrutement
Node.js engineer,Île-de-France,4 ans,Pas de management,Bac +5,DeepTech,"56,82 K€","63,13 K€","78,91 K€",effectif,DataRecrutement
Node.js engineer,Île-de-France,5 ans,Pas de management,Bac +5,DeepTech,"59,01 K€","65,57 K€","81,96 K€",effectif,DataRecrutement
Node.js engineer,Île-de-France,8 ans,Pas de management,Bac +5,DeepTech,"65,59 K€","72,87 K€","91,09 K€",effectif,DataRecrutement
Node.js engineer,Île-de-France,10 ans,Pas de management,Bac +5,DeepTech,"69,97 K€","77,74 K€","97,18 K€",effectif,DataRecrutement
Node.js engineer,Île-de-France,15 ans,Pas de management,Bac +5,DeepTech,"80,93 K€","89,92 K€","112,40 K€",effectif,DataRecrutement
Node.js engineer,Île-de-France,30 ans,Pas de management,Bac +5,DeepTech,"113,81 K€","126,46 K€","158,08 K€",effectif,DataRecrutement
PHP engineer,Île-de-France,0 ans,Pas de management,Bac +5,DeepTech,"38,61 K€","42,90 K€","53,63 K€",effectif,DataRecrutement
PHP engineer,Île-de-France,1 ans,Pas de management,Bac +5,DeepTech,"40,37 K€","44,85 K€","56,07 K€",effectif,DataRecrutement
PHP engineer,Île-de-France,2 ans,Pas de management,Bac +5,DeepTech,"42,13 K€","46,81 K€","58,51 K€",effectif,DataRecrutement
PHP engineer,Île-de-France,3 ans,Pas de management,Bac +5,DeepTech,"43,88 K€","48,76 K€","60,95 K€",effectif,DataRecrutement
PHP engineer,Île-de-France,4 ans,Pas de management,Bac +5,DeepTech,"45,64 K€","50,71 K€","63,39 K€",effectif,DataRecrutement
PHP engineer,Île-de-France,5 ans,Pas de management,Bac +5,DeepTech,"47,40 K€","52,67 K€","65,83 K€",effectif,DataRecrutement
PHP engineer,Île-de-France,8 ans,Pas de management,Bac +5,DeepTech,"52,68 K€","58,53 K€","73,16 K€",effectif,DataRecrutement
PHP engineer,Île-de-France,10 ans,Pas de management,Bac +5,DeepTech,"56,19 K€","62,44 K€","78,04 K€",effectif,DataRecrutement
PHP engineer,Île-de-France,15 ans,Pas de management,Bac +5,DeepTech,"64,98 K€","72,20 K€","90,25 K€",effectif,DataRecrutement
PHP engineer,Île-de-France,30 ans,Pas de management,Bac +5,DeepTech,"91,36 K€","101,51 K€","126,88 K€",effectif,DataRecrutement
Python engineer,Île-de-France,0 ans,Pas de management,Bac +5,DeepTech,"46,33 K€","51,48 K€","64,35 K€",effectif,DataRecrutement
Python engineer,Île-de-France,1 ans,Pas de management,Bac +5,DeepTech,"48,44 K€","53,83 K€","67,28 K€",effectif,DataRecrutement
Python engineer,Île-de-France,2 ans,Pas de management,Bac +5,DeepTech,"50,55 K€","56,17 K€","70,21 K€",effectif,DataRecrutement
Python engineer,Île-de-France,3 ans,Pas de management,Bac +5,DeepTech,"52,66 K€","58,51 K€","73,14 K€",effectif,DataRecrutement
Python engineer,Île-de-France,4 ans,Pas de management,Bac +5,DeepTech,"54,77 K€","60,86 K€","76,07 K€",effectif,DataRecrutement
Python engineer,Île-de-France,5 ans,Pas de management,Bac +5,DeepTech,"56,88 K€","63,20 K€","79,00 K€",effectif,DataRecrutement
Python engineer,Île-de-France,8 ans,Pas de management,Bac +5,DeepTech,"63,21 K€","70,23 K€","87,79 K€",effectif,DataRecrutement
Python engineer,Île-de-France,10 ans,Pas de management,Bac +5,DeepTech,"67,43 K€","74,92 K€","93,65 K€",effectif,DataRecrutement
Python engineer,Île-de-France,15 ans,Pas de management,Bac +5,DeepTech,"77,98 K€","86,64 K€","108,31 K€",effectif,DataRecrutement
Python engineer,Île-de-France,30 ans,Pas de management,Bac +5,DeepTech,"109,63 K€","121,81 K€","152,26 K€",effectif,DataRecrutement
Ruby engineer,Île-de-France,0 ans,Pas de management,Bac +5,DeepTech,"44,19 K€","49,10 K€","61,37 K€",effectif,DataRecrutement
Ruby engineer,Île-de-France,1 ans,Pas de management,Bac +5,DeepTech,"46,20 K€","51,34 K€","64,17 K€",effectif,DataRecrutement
Ruby engineer,Île-de-France,2 ans,Pas de management,Bac +5,DeepTech,"48,22 K€","53,58 K€","66,97 K€",effectif,DataRecrutement
Ruby engineer,Île-de-France,3 ans,Pas de management,Bac +5,DeepTech,"50,24 K€","55,82 K€","69,77 K€",effectif,DataRecrutement
Ruby engineer,Île-de-France,4 ans,Pas de management,Bac +5,DeepTech,"52,25 K€","58,06 K€","72,57 K€",effectif,DataRecrutement
Ruby engineer,Île-de-France,5 ans,Pas de management,Bac +5,DeepTech,"54,27 K€","60,30 K€","75,37 K€",effectif,DataRecrutement
Ruby engineer,Île-de-France,8 ans,Pas de management,Bac +5,DeepTech,"60,32 K€","67,02 K€","83,77 K€",effectif,DataRecrutement
Ruby engineer,Île-de-France,10 ans,Pas de management,Bac +5,DeepTech,"64,35 K€","71,50 K€","89,37 K€",effectif,DataRecrutement
Ruby engineer,Île-de-France,15 ans,Pas de management,Bac +5,DeepTech,"74,43 K€","82,70 K€","103,37 K€",effectif,DataRecrutement
Ruby engineer,Île-de-France,30 ans,Pas de management,Bac +5,DeepTech,"104,67 K€","116,30 K€","145,37 K€",effectif,DataRecrutement
Scala engineer,Île-de-France,0 ans,Pas de management,Bac +5,DeepTech,"45,47 K€","50,53 K€","63,16 K€",effectif,DataRecrutement
Scala engineer,Île-de-France,1 ans,Pas de management,Bac +5,DeepTech,"47,55 K€","52,83 K€","66,04 K€",effectif,DataRecrutement
Scala engineer,Île-de-France,2 ans,Pas de management,Bac +5,DeepTech,"49,62 K€","55,14 K€","68,92 K€",effectif,DataRecrutement
Scala engineer,Île-de-France,3 ans,Pas de management,Bac +5,DeepTech,"51,70 K€","57,44 K€","71,80 K€",effectif,DataRecrutement
Scala engineer,Île-de-France,4 ans,Pas de management,Bac +5,DeepTech,"53,77 K€","59,75 K€","74,69 K€",effectif,DataRecrutement
Scala engineer,Île-de-France,5 ans,Pas de management,Bac +5,DeepTech,"55,85 K€","62,05 K€","77,57 K€",effectif,DataRecrutement
Scala engineer,Île-de-France,8 ans,Pas de management,Bac +5,DeepTech,"62,07 K€","68,97 K€","86,21 K€",effectif,DataRecrutement
Scala engineer,Île-de-France,10 ans,Pas de management,Bac +5,DeepTech,"66,22 K€","73,58 K€","91,98 K€",effectif,DataRecrutement
Scala engineer,Île-de-France,15 ans,Pas de management,Bac +5,DeepTech,"76,60 K€","85,11 K€","106,38 K€",effectif,DataRecrutement
Scala engineer,Île-de-France,30 ans,Pas de management,Bac +5,DeepTech,"107,72 K€","119,69 K€","149,61 K€",effectif,DataRecrutement
Android engineer,Île-de-France,0 ans,Pas de management,Bac +5,DeepTech,"45,47 K€","50,53 K€","63,16 K€",effectif,DataRecrutement
Android engineer,Île-de-France,1 ans,Pas de management,Bac +5,DeepTech,"47,55 K€","52,83 K€","66,04 K€",effectif,DataRecrutement
Android engineer,Île-de-France,2 ans,Pas de management,Bac +5,DeepTech,"49,62 K€","55,14 K€","68,92 K€",effectif,DataRecrutement
Android engineer,Île-de-France,3 ans,Pas de management,Bac +5,DeepTech,"51,70 K€","57,44 K€","71,80 K€",effectif,DataRecrutement
Android engineer,Île-de-France,4 ans,Pas de management,Bac +5,DeepTech,"53,77 K€","59,75 K€","74,69 K€",effectif,DataRecrutement
Android engineer,Île-de-France,5 ans,Pas de management,Bac +5,DeepTech,"55,85 K€","62,05 K€","77,57 K€",effectif,DataRecrutement
Android engineer,Île-de-France,8 ans,Pas de management,Bac +5,DeepTech,"62,07 K€","68,97 K€","86,21 K€",effectif,DataRecrutement
Android engineer,Île-de-France,10 ans,Pas de management,Bac +5,DeepTech,"66,22 K€","73,58 K€","91,98 K€",effectif,DataRecrutement
Android engineer,Île-de-France,15 ans,Pas de management,Bac +5,DeepTech,"76,60 K€","85,11 K€","106,38 K€",effectif,DataRecrutement
Android engineer,Île-de-France,30 ans,Pas de management,Bac +5,DeepTech,"107,72 K€","119,69 K€","149,61 K€",effectif,DataRecrutement
iOS engineer,Île-de-France,0 ans,Pas de management,Bac +5,DeepTech,"45,90 K€","51,00 K€","63,75 K€",effectif,DataRecrutement
iOS engineer,Île-de-France,1 ans,Pas de management,Bac +5,DeepTech,"48,00 K€","53,33 K€","66,66 K€",effectif,DataRecrutement
iOS engineer,Île-de-France,2 ans,Pas de management,Bac +5,DeepTech,"50,09 K€","55,66 K€","69,57 K€",effectif,DataRecrutement
iOS engineer,Île-de-France,3 ans,Pas de management,Bac +5,DeepTech,"52,19 K€","57,98 K€","72,48 K€",effectif,DataRecrutement
iOS engineer,Île-de-France,4 ans,Pas de management,Bac +5,DeepTech,"54,28 K€","60,31 K€","75,39 K€",effectif,DataRecrutement
iOS engineer,Île-de-France,5 ans,Pas de management,Bac +5,DeepTech,"56,38 K€","62,64 K€","78,30 K€",effectif,DataRecrutement
iOS engineer,Île-de-France,8 ans,Pas de management,Bac +5,DeepTech,"62,66 K€","69,62 K€","87,03 K€",effectif,DataRecrutement
iOS engineer,Île-de-France,10 ans,Pas de management,Bac +5,DeepTech,"66,85 K€","74,27 K€","92,84 K€",effectif,DataRecrutement
iOS engineer,Île-de-France,15 ans,Pas de management,Bac +5,DeepTech,"77,32 K€","85,91 K€","107,39 K€",effectif,DataRecrutement
iOS engineer,Île-de-France,30 ans,Pas de management,Bac +5,DeepTech,"108,73 K€","120,81 K€","151,02 K€",effectif,DataRecrutement
Devops / SRE engineer,Île-de-France,0 ans,Pas de management,Bac +5,DeepTech,"47,19 K€","52,43 K€","65,54 K€",effectif,DataRecrutement
Devops / SRE engineer,Île-de-France,1 ans,Pas de management,Bac +5,DeepTech,"48,92 K€","54,36 K€","67,95 K€",effectif,DataRecrutement
Devops / SRE engineer,Île-de-France,2 ans,Pas de management,Bac +5,DeepTech,"50,65 K€","56,28 K€","70,35 K€",effectif,DataRecrutement
Devops / SRE engineer,Île-de-France,3 ans,Pas de management,Bac +5,DeepTech,"52,39 K€","58,21 K€","72,76 K€",effectif,DataRecrutement
Devops / SRE engineer,Île-de-France,4 ans,Pas de management,Bac +5,DeepTech,"54,12 K€","60,13 K€","75,16 K€",effectif,DataRecrutement
Devops / SRE engineer,Île-de-France,5 ans,Pas de management,Bac +5,DeepTech,"55,85 K€","62,05 K€","77,57 K€",effectif,DataRecrutement
Devops / SRE engineer,Île-de-France,8 ans,Pas de management,Bac +5,DeepTech,"61,04 K€","67,83 K€","84,78 K€",effectif,DataRecrutement
Devops / SRE engineer,Île-de-France,10 ans,Pas de management,Bac +5,DeepTech,"64,51 K€","71,68 K€","89,59 K€",effectif,DataRecrutement
Devops / SRE engineer,Île-de-France,15 ans,Pas de management,Bac +5,DeepTech,"73,17 K€","81,30 K€","101,62 K€",effectif,DataRecrutement
Devops / SRE engineer,Île-de-France,30 ans,Pas de management,Bac +5,DeepTech,"99,14 K€","110,16 K€","137,70 K€",effectif,DataRecrutement
Head of Infrastructure / Cloud Architect,Île-de-France,0 ans,Pas de management,Bac +5,DeepTech,"48,05 K€","53,39 K€","66,73 K€",effectif,DataRecrutement
Head of Infrastructure / Cloud Architect,Île-de-France,1 ans,Pas de management,Bac +5,DeepTech,"51,53 K€","57,25 K€","71,57 K€",effectif,DataRecrutement
Head of Infrastructure / Cloud Architect,Île-de-France,2 ans,Pas de management,Bac +5,DeepTech,"55,01 K€","61,12 K€","76,40 K€",effectif,DataRecrutement
Head of Infrastructure / Cloud Architect,Île-de-France,3 ans,Pas de management,Bac +5,DeepTech,"58,49 K€","64,98 K€","81,23 K€",effectif,DataRecrutement
Head of Infrastructure / Cloud Architect,Île-de-France,4 ans,Pas de management,Bac +5,DeepTech,"61,97 K€","68,85 K€","86,06 K€",effectif,DataRecrutement
Head of Infrastructure / Cloud Architect,Île-de-France,5 ans,Pas de management,Bac +5,DeepTech,"65,44 K€","72,72 K€","90,90 K€",effectif,DataRecrutement
Head of Infrastructure / Cloud Architect,Île-de-France,8 ans,Pas de management,Bac +5,DeepTech,"75,88 K€","84,31 K€","105,39 K€",effectif,DataRecrutement
Head of Infrastructure / Cloud Architect,Île-de-France,10 ans,Pas de management,Bac +5,DeepTech,"82,84 K€","92,04 K€","115,06 K€",effectif,DataRecrutement
Head of Infrastructure / Cloud Architect,Île-de-France,15 ans,Pas de management,Bac +5,DeepTech,"100,24 K€","111,37 K€","139,22 K€",effectif,DataRecrutement
Head of Infrastructure / Cloud Architect,Île-de-France,30 ans,Pas de management,Bac +5,DeepTech,"152,42 K€","169,36 K€","211,70 K€",effectif,DataRecrutement
QA engineer,Île-de-France,0 ans,Pas de management,Bac +5,DeepTech,"38,61 K€","42,90 K€","53,63 K€",effectif,DataRecrutement
QA engineer,Île-de-France,1 ans,Pas de management,Bac +5,DeepTech,"40,37 K€","44,86 K€","56,07 K€",effectif,DataRecrutement
QA engineer,Île-de-France,2 ans,Pas de management,Bac +5,DeepTech,"42,13 K€","46,82 K€","58,52 K€",effectif,DataRecrutement
QA engineer,Île-de-France,3 ans,Pas de management,Bac +5,DeepTech,"43,90 K€","48,77 K€","60,97 K€",effectif,DataRecrutement
QA engineer,Île-de-France,4 ans,Pas de management,Bac +5,DeepTech,"45,66 K€","50,73 K€","63,41 K€",effectif,DataRecrutement
QA engineer,Île-de-France,5 ans,Pas de management,Bac +5,DeepTech,"47,42 K€","52,69 K€","65,86 K€",effectif,DataRecrutement
QA engineer,Île-de-France,8 ans,Pas de management,Bac +5,DeepTech,"52,70 K€","58,56 K€","73,20 K€",effectif,DataRecrutement
QA engineer,Île-de-France,10 ans,Pas de management,Bac +5,DeepTech,"56,23 K€","62,47 K€","78,09 K€",effectif,DataRecrutement
QA engineer,Île-de-France,15 ans,Pas de management,Bac +5,DeepTech,"65,03 K€","72,26 K€","90,33 K€",effectif,DataRecrutement
QA engineer,Île-de-France,30 ans,Pas de management,Bac +5,DeepTech,"91,46 K€","101,62 K€","127,03 K€",effectif,DataRecrutement
Network Security engineer,Île-de-France,0 ans,Pas de management,Bac +5,DeepTech,"42,90 K€","47,67 K€","59,58 K€",effectif,DataRecrutement
Network Security engineer,Île-de-France,1 ans,Pas de management,Bac +5,DeepTech,"44,86 K€","49,84 K€","62,30 K€",effectif,DataRecrutement
Network Security engineer,Île-de-France,2 ans,Pas de management,Bac +5,DeepTech,"46,82 K€","52,02 K€","65,02 K€",effectif,DataRecrutement
Network Security engineer,Île-de-France,3 ans,Pas de management,Bac +5,DeepTech,"48,77 K€","54,19 K€","67,74 K€",effectif,DataRecrutement
Network Security engineer,Île-de-France,4 ans,Pas de management,Bac +5,DeepTech,"50,73 K€","56,37 K€","70,46 K€",effectif,DataRecrutement
Network Security engineer,Île-de-France,5 ans,Pas de management,Bac +5,DeepTech,"52,69 K€","58,54 K€","73,18 K€",effectif,DataRecrutement
Network Security engineer,Île-de-France,8 ans,Pas de management,Bac +5,DeepTech,"58,56 K€","65,07 K€","81,33 K€",effectif,DataRecrutement
Network Security engineer,Île-de-France,10 ans,Pas de management,Bac +5,DeepTech,"62,47 K€","69,42 K€","86,77 K€",effectif,DataRecrutement
Network Security engineer,Île-de-France,15 ans,Pas de management,Bac +5,DeepTech,"72,26 K€","80,29 K€","100,36 K€",effectif,DataRecrutement
Network Security engineer,Île-de-France,30 ans,Pas de management,Bac +5,DeepTech,"101,62 K€","112,91 K€","141,14 K€",effectif,DataRecrutement
Machine Learning Engineer,Île-de-France,0 ans,Pas de management,Bac +5,DeepTech,"46,38 K€","51,53 K€","64,41 K€",effectif,DataRecrutement
Machine Learning Engineer,Île-de-France,1 ans,Pas de management,Bac +5,DeepTech,"48,49 K€","53,88 K€","67,35 K€",effectif,DataRecrutement
Machine Learning Engineer,Île-de-France,2 ans,Pas de management,Bac +5,DeepTech,"50,61 K€","56,23 K€","70,29 K€",effectif,DataRecrutement
Machine Learning Engineer,Île-de-France,3 ans,Pas de management,Bac +5,DeepTech,"52,72 K€","58,58 K€","73,23 K€",effectif,DataRecrutement
Machine Learning Engineer,Île-de-France,4 ans,Pas de management,Bac +5,DeepTech,"54,84 K€","60,93 K€","76,16 K€",effectif,DataRecrutement
Machine Learning Engineer,Île-de-France,5 ans,Pas de management,Bac +5,DeepTech,"56,95 K€","63,28 K€","79,10 K€",effectif,DataRecrutement
Machine Learning Engineer,Île-de-France,8 ans,Pas de management,Bac +5,DeepTech,"63,30 K€","70,34 K€","87,92 K€",effectif,DataRecrutement
Machine Learning Engineer,Île-de-France,10 ans,Pas de management,Bac +5,DeepTech,"67,53 K€","75,04 K€","93,80 K€",effectif,DataRecrutement
Machine Learning Engineer,Île-de-France,15 ans,Pas de management,Bac +5,DeepTech,"78,11 K€","86,79 K€","108,49 K€",effectif,DataRecrutement
Machine Learning Engineer,Île-de-France,30 ans,Pas de management,Bac +5,DeepTech,"109,85 K€","122,06 K€","152,57 K€",effectif,DataRecrutement
Data Scientist,Île-de-France,0 ans,Pas de management,Bac +5,DeepTech,"51,35 K€","57,06 K€","71,32 K€",effectif,DataRecrutement
Data Scientist,Île-de-France,1 ans,Pas de management,Bac +5,DeepTech,"53,69 K€","59,66 K€","74,58 K€",effectif,DataRecrutement
Data Scientist,Île-de-France,2 ans,Pas de management,Bac +5,DeepTech,"56,04 K€","62,26 K€","77,83 K€",effectif,DataRecrutement
Data Scientist,Île-de-France,3 ans,Pas de management,Bac +5,DeepTech,"58,38 K€","64,87 K€","81,08 K€",effectif,DataRecrutement
Data Scientist,Île-de-France,4 ans,Pas de management,Bac +5,DeepTech,"60,72 K€","67,47 K€","84,34 K€",effectif,DataRecrutement
Data Scientist,Île-de-France,5 ans,Pas de management,Bac +5,DeepTech,"63,07 K€","70,07 K€","87,59 K€",effectif,DataRecrutement
Data Scientist,Île-de-France,8 ans,Pas de management,Bac +5,DeepTech,"70,09 K€","77,88 K€","97,35 K€",effectif,DataRecrutement
Data Scientist,Île-de-France,10 ans,Pas de management,Bac +5,DeepTech,"74,78 K€","83,09 K€","103,86 K€",effectif,DataRecrutement
Data Scientist,Île-de-France,15 ans,Pas de management,Bac +5,DeepTech,"86,50 K€","96,11 K€","120,13 K€",effectif,DataRecrutement
Data Scientist,Île-de-France,30 ans,Pas de management,Bac +5,DeepTech,"121,64 K€","135,15 K€","168,94 K€",effectif,DataRecrutement
Data Engineer,Île-de-France,0 ans,Pas de management,Bac +5,DeepTech,"43,96 K€","48,84 K€","61,05 K€",effectif,DataRecrutement
Data Engineer,Île-de-France,1 ans,Pas de management,Bac +5,DeepTech,"47,14 K€","52,38 K€","65,47 K€",effectif,DataRecrutement
Data Engineer,Île-de-France,2 ans,Pas de management,Bac +5,DeepTech,"50,32 K€","55,91 K€","69,89 K€",effectif,DataRecrutement
Data Engineer,Île-de-France,3 ans,Pas de management,Bac +5,DeepTech,"53,50 K€","59,45 K€","74,31 K€",effectif,DataRecrutement
Data Engineer,Île-de-France,4 ans,Pas de management,Bac +5,DeepTech,"56,69 K€","62,99 K€","78,73 K€",effectif,DataRecrutement
Data Engineer,Île-de-France,5 ans,Pas de management,Bac +5,DeepTech,"59,87 K€","66,52 K€","83,15 K€",effectif,DataRecrutement
Data Engineer,Île-de-France,8 ans,Pas de management,Bac +5,DeepTech,"69,42 K€","77,13 K€","96,42 K€",effectif,DataRecrutement
Data Engineer,Île-de-France,10 ans,Pas de management,Bac +5,DeepTech,"75,78 K€","84,21 K€","105,26 K€",effectif,DataRecrutement
Data Engineer,Île-de-France,15 ans,Pas de management,Bac +5,DeepTech,"91,70 K€","101,89 K€","127,36 K€",effectif,DataRecrutement
Data Engineer,Île-de-France,30 ans,Pas de management,Bac +5,DeepTech,"139,44 K€","154,94 K€","193,67 K€",effectif,DataRecrutement
Data Manager,Île-de-France,0 ans,Pas de management,Bac +5,DeepTech,"39,92 K€","44,36 K€","55,45 K€",effectif,DataRecrutement
Data Manager,Île-de-France,1 ans,Pas de management,Bac +5,DeepTech,"41,74 K€","46,38 K€","57,98 K€",effectif,DataRecrutement
Data Manager,Île-de-France,2 ans,Pas de management,Bac +5,DeepTech,"43,57 K€","48,41 K€","60,51 K€",effectif,DataRecrutement
Data Manager,Île-de-France,3 ans,Pas de management,Bac +5,DeepTech,"45,39 K€","50,43 K€","63,04 K€",effectif,DataRecrutement
Data Manager,Île-de-France,4 ans,Pas de management,Bac +5,DeepTech,"47,21 K€","52,45 K€","65,57 K€",effectif,DataRecrutement
Data Manager,Île-de-France,5 ans,Pas de management,Bac +5,DeepTech,"49,03 K€","54,48 K€","68,10 K€",effectif,DataRecrutement
Data Manager,Île-de-France,8 ans,Pas de management,Bac +5,DeepTech,"54,49 K€","60,55 K€","75,69 K€",effectif,DataRecrutement
Data Manager,Île-de-France,10 ans,Pas de management,Bac +5,DeepTech,"58,14 K€","64,60 K€","80,75 K€",effectif,DataRecrutement
Data Manager,Île-de-France,15 ans,Pas de management,Bac +5,DeepTech,"67,25 K€","74,72 K€","93,40 K€",effectif,DataRecrutement
Data Manager,Île-de-France,30 ans,Pas de management,Bac +5,DeepTech,"94,57 K€","105,07 K€","131,34 K€",effectif,DataRecrutement
Web Data Analyst,Île-de-France,0 ans,Pas de management,Bac +5,DeepTech,"42,34 K€","47,05 K€","58,81 K€",effectif,DataRecrutement
Web Data Analyst,Île-de-France,1 ans,Pas de management,Bac +5,DeepTech,"44,27 K€","49,19 K€","61,49 K€",effectif,DataRecrutement
Web Data Analyst,Île-de-France,2 ans,Pas de management,Bac +5,DeepTech,"46,21 K€","51,34 K€","64,18 K€",effectif,DataRecrutement
Web Data Analyst,Île-de-France,3 ans,Pas de management,Bac +5,DeepTech,"48,14 K€","53,49 K€","66,86 K€",effectif,DataRecrutement
Web Data Analyst,Île-de-France,4 ans,Pas de management,Bac +5,DeepTech,"50,07 K€","55,63 K€","69,54 K€",effectif,DataRecrutement
Web Data Analyst,Île-de-France,5 ans,Pas de management,Bac +5,DeepTech,"52,00 K€","57,78 K€","72,23 K€",effectif,DataRecrutement
Web Data Analyst,Île-de-France,8 ans,Pas de management,Bac +5,DeepTech,"57,80 K€","64,22 K€","80,28 K€",effectif,DataRecrutement
Web Data Analyst,Île-de-France,10 ans,Pas de management,Bac +5,DeepTech,"61,66 K€","68,51 K€","85,64 K€",effectif,DataRecrutement
Web Data Analyst,Île-de-France,15 ans,Pas de management,Bac +5,DeepTech,"71,32 K€","79,25 K€","99,06 K€",effectif,DataRecrutement
Web Data Analyst,Île-de-France,30 ans,Pas de management,Bac +5,DeepTech,"100,30 K€","111,44 K€","139,31 K€",effectif,DataRecrutement
Data Analyst,Île-de-France,0 ans,Pas de management,Bac +5,DeepTech,"41,89 K€","46,55 K€","58,18 K€",effectif,DataRecrutement
Data Analyst,Île-de-France,1 ans,Pas de management,Bac +5,DeepTech,"43,80 K€","48,67 K€","60,84 K€",effectif,DataRecrutement
Data Analyst,Île-de-France,2 ans,Pas de management,Bac +5,DeepTech,"45,72 K€","50,79 K€","63,49 K€",effectif,DataRecrutement
Data Analyst,Île-de-France,3 ans,Pas de management,Bac +5,DeepTech,"47,63 K€","52,92 K€","66,15 K€",effectif,DataRecrutement
Data Analyst,Île-de-France,4 ans,Pas de management,Bac +5,DeepTech,"49,54 K€","55,04 K€","68,80 K€",effectif,DataRecrutement
Data Analyst,Île-de-France,5 ans,Pas de management,Bac +5,DeepTech,"51,45 K€","57,17 K€","71,46 K€",effectif,DataRecrutement
Data Analyst,Île-de-France,8 ans,Pas de management,Bac +5,DeepTech,"57,18 K€","63,54 K€","79,42 K€",effectif,DataRecrutement
Data Analyst,Île-de-France,10 ans,Pas de management,Bac +5,DeepTech,"61,01 K€","67,78 K€","84,73 K€",effectif,DataRecrutement
Data Analyst,Île-de-France,15 ans,Pas de management,Bac +5,DeepTech,"70,56 K€","78,40 K€","98,00 K€",effectif,DataRecrutement
Data Analyst,Île-de-France,30 ans,Pas de management,Bac +5,DeepTech,"99,23 K€","110,26 K€","137,82 K€",effectif,DataRecrutement
Ingénieur BI,Île-de-France,0 ans,Pas de management,Bac +5,DeepTech,"38,11 K€","42,34 K€","52,93 K€",effectif,DataRecrutement
Ingénieur BI,Île-de-France,1 ans,Pas de management,Bac +5,DeepTech,"39,85 K€","44,27 K€","55,34 K€",effectif,DataRecrutement
Ingénieur BI,Île-de-France,2 ans,Pas de management,Bac +5,DeepTech,"41,59 K€","46,21 K€","57,76 K€",effectif,DataRecrutement
Ingénieur BI,Île-de-France,3 ans,Pas de management,Bac +5,DeepTech,"43,32 K€","48,14 K€","60,17 K€",effectif,DataRecrutement
Ingénieur BI,Île-de-France,4 ans,Pas de management,Bac +5,DeepTech,"45,06 K€","50,07 K€","62,59 K€",effectif,DataRecrutement
Ingénieur BI,Île-de-France,5 ans,Pas de management,Bac +5,DeepTech,"46,80 K€","52,00 K€","65,00 K€",effectif,DataRecrutement
Ingénieur BI,Île-de-France,8 ans,Pas de management,Bac +5,DeepTech,"52,02 K€","57,80 K€","72,25 K€",effectif,DataRecrutement
Ingénieur BI,Île-de-France,10 ans,Pas de management,Bac +5,DeepTech,"55,50 K€","61,66 K€","77,08 K€",effectif,DataRecrutement
Ingénieur BI,Île-de-France,15 ans,Pas de management,Bac +5,DeepTech,"64,19 K€","71,32 K€","89,15 K€",effectif,DataRecrutement
Ingénieur BI,Île-de-France,30 ans,Pas de management,Bac +5,DeepTech,"90,27 K€","100,30 K€","125,37 K€",effectif,DataRecrutement
Data Analyst Études & Panels,Île-de-France,0 ans,Pas de management,Bac +5,DeepTech,"41,89 K€","46,55 K€","58,18 K€",effectif,DataRecrutement
Data Analyst Études & Panels,Île-de-France,1 ans,Pas de management,Bac +5,DeepTech,"43,80 K€","48,67 K€","60,84 K€",effectif,DataRecrutement
Data Analyst Études & Panels,Île-de-France,2 ans,Pas de management,Bac +5,DeepTech,"45,72 K€","50,79 K€","63,49 K€",effectif,DataRecrutement
Data Analyst Études & Panels,Île-de-France,3 ans,Pas de management,Bac +5,DeepTech,"47,63 K€","52,92 K€","66,15 K€",effectif,DataRecrutement
Data Analyst Études & Panels,Île-de-France,4 ans,Pas de management,Bac +5,DeepTech,"49,54 K€","55,04 K€","68,80 K€",effectif,DataRecrutement
Data Analyst Études & Panels,Île-de-France,5 ans,Pas de management,Bac +5,DeepTech,"51,45 K€","57,17 K€","71,46 K€",effectif,DataRecrutement
Data Analyst Études & Panels,Île-de-France,8 ans,Pas de management,Bac +5,DeepTech,"57,18 K€","63,54 K€","79,42 K€",effectif,DataRecrutement
Data Analyst Études & Panels,Île-de-France,10 ans,Pas de management,Bac +5,DeepTech,"61,01 K€","67,78 K€","84,73 K€",effectif,DataRecrutement
Data Analyst Études & Panels,Île-de-France,15 ans,Pas de management,Bac +5,DeepTech,"70,56 K€","78,40 K€","98,00 K€",effectif,DataRecrutement
Data Analyst Études & Panels,Île-de-France,30 ans,Pas de management,Bac +5,DeepTech,"99,23 K€","110,26 K€","137,82 K€",effectif,DataRecrutement
Consultant data,Île-de-France,0 ans,Pas de management,Bac +5,DeepTech,"41,94 K€","46,60 K€","58,25 K€",effectif,DataRecrutement
Consultant data,Île-de-France,1 ans,Pas de management,Bac +5,DeepTech,"43,85 K€","48,73 K€","60,91 K€",effectif,DataRecrutement
Consultant data,Île-de-France,2 ans,Pas de management,Bac +5,DeepTech,"45,77 K€","50,85 K€","63,57 K€",effectif,DataRecrutement
Consultant data,Île-de-France,3 ans,Pas de management,Bac +5,DeepTech,"47,68 K€","52,98 K€","66,22 K€",effectif,DataRecrutement
Consultant data,Île-de-France,4 ans,Pas de management,Bac +5,DeepTech,"49,59 K€","55,10 K€","68,88 K€",effectif,DataRecrutement
Consultant data,Île-de-France,5 ans,Pas de management,Bac +5,DeepTech,"51,51 K€","57,23 K€","71,54 K€",effectif,DataRecrutement
Consultant data,Île-de-France,8 ans,Pas de management,Bac +5,DeepTech,"57,25 K€","63,61 K€","79,51 K€",effectif,DataRecrutement
Consultant data,Île-de-France,10 ans,Pas de management,Bac +5,DeepTech,"61,07 K€","67,86 K€","84,83 K€",effectif,DataRecrutement
Consultant data,Île-de-France,15 ans,Pas de management,Bac +5,DeepTech,"70,64 K€","78,49 K€","98,11 K€",effectif,DataRecrutement
Consultant data,Île-de-France,30 ans,Pas de management,Bac +5,DeepTech,"99,35 K€","110,38 K€","137,98 K€",effectif,DataRecrutement
Product Marketing Manager,Île-de-France,0 ans,Pas de management,Bac +5,DeepTech,"49,85 K€","55,38 K€","69,23 K€",effectif,DataRecrutement
Product Marketing Manager,Île-de-France,1 ans,Pas de management,Bac +5,DeepTech,"52,12 K€","57,91 K€","72,39 K€",effectif,DataRecrutement
Product Marketing Manager,Île-de-France,2 ans,Pas de management,Bac +5,DeepTech,"54,39 K€","60,44 K€","75,55 K€",effectif,DataRecrutement
Product Marketing Manager,Île-de-France,3 ans,Pas de management,Bac +5,DeepTech,"56,67 K€","62,96 K€","78,71 K€",effectif,DataRecrutement
Product Marketing Manager,Île-de-France,4 ans,Pas de management,Bac +5,DeepTech,"58,94 K€","65,49 K€","81,86 K€",effectif,DataRecrutement
Product Marketing Manager,Île-de-France,5 ans,Pas de management,Bac +5,DeepTech,"61,22 K€","68,02 K€","85,02 K€",effectif,DataRecrutement
Product Marketing Manager,Île-de-France,8 ans,Pas de management,Bac +5,DeepTech,"68,04 K€","75,60 K€","94,50 K€",effectif,DataRecrutement
Product Marketing Manager,Île-de-France,10 ans,Pas de management,Bac +5,DeepTech,"72,59 K€","80,65 K€","100,82 K€",effectif,DataRecrutement
Product Marketing Manager,Île-de-France,15 ans,Pas de management,Bac +5,DeepTech,"83,96 K€","93,29 K€","116,61 K€",effectif,DataRecrutement
Product Marketing Manager,Île-de-France,30 ans,Pas de management,Bac +5,DeepTech,"118,07 K€","131,19 K€","163,99 K€",effectif,DataRecrutement
Product Designer,Île-de-France,0 ans,Pas de management,Bac +5,DeepTech,"42,56 K€","47,29 K€","59,11 K€",effectif,DataRecrutement
Product Designer,Île-de-France,1 ans,Pas de management,Bac +5,DeepTech,"44,50 K€","49,44 K€","61,80 K€",effectif,DataRecrutement
Product Designer,Île-de-France,2 ans,Pas de management,Bac +5,DeepTech,"46,44 K€","51,60 K€","64,50 K€",effectif,DataRecrutement
Product Designer,Île-de-France,3 ans,Pas de management,Bac +5,DeepTech,"48,38 K€","53,76 K€","67,20 K€",effectif,DataRecrutement
Product Designer,Île-de-France,4 ans,Pas de management,Bac +5,DeepTech,"50,32 K€","55,92 K€","69,90 K€",effectif,DataRecrutement
Product Designer,Île-de-France,5 ans,Pas de management,Bac +5,DeepTech,"52,27 K€","58,07 K€","72,59 K€",effectif,DataRecrutement
Product Designer,Île-de-France,8 ans,Pas de management,Bac +5,DeepTech,"58,09 K€","64,55 K€","80,68 K€",effectif,DataRecrutement
Product Designer,Île-de-France,10 ans,Pas de management,Bac +5,DeepTech,"61,97 K€","68,86 K€","86,08 K€",effectif,DataRecrutement
Product Designer,Île-de-France,15 ans,Pas de management,Bac +5,DeepTech,"71,68 K€","79,65 K€","99,56 K€",effectif,DataRecrutement
Product Designer,Île-de-France,30 ans,Pas de management,Bac +5,DeepTech,"100,81 K€","112,01 K€","140,01 K€",effectif,DataRecrutement
UX Researcher,Île-de-France,0 ans,Pas de management,Bac +5,DeepTech,"42,34 K€","47,04 K€","58,80 K€",effectif,DataRecrutement
UX Researcher,Île-de-France,1 ans,Pas de management,Bac +5,DeepTech,"44,27 K€","49,19 K€","61,48 K€",effectif,DataRecrutement
UX Researcher,Île-de-France,2 ans,Pas de management,Bac +5,DeepTech,"46,20 K€","51,33 K€","64,17 K€",effectif,DataRecrutement
UX Researcher,Île-de-France,3 ans,Pas de management,Bac +5,DeepTech,"48,13 K€","53,48 K€","66,85 K€",effectif,DataRecrutement
UX Researcher,Île-de-France,4 ans,Pas de management,Bac +5,DeepTech,"50,06 K€","55,62 K€","69,53 K€",effectif,DataRecrutement
UX Researcher,Île-de-France,5 ans,Pas de management,Bac +5,DeepTech,"51,99 K€","57,77 K€","72,21 K€",effectif,DataRecrutement
UX Researcher,Île-de-France,8 ans,Pas de management,Bac +5,DeepTech,"57,79 K€","64,21 K€","80,26 K€",effectif,DataRecrutement
UX Researcher,Île-de-France,10 ans,Pas de management,Bac +5,DeepTech,"61,65 K€","68,50 K€","85,63 K€",effectif,DataRecrutement
UX Researcher,Île-de-France,15 ans,Pas de management,Bac +5,DeepTech,"71,31 K€","79,23 K€","99,04 K€",effectif,DataRecrutement
UX Researcher,Île-de-France,30 ans,Pas de management,Bac +5,DeepTech,"100,28 K€","111,43 K€","139,28 K€",effectif,DataRecrutement
Product Manager,Île-de-France,0 ans,Pas de management,Bac +5,DeepTech,"44,68 K€","49,64 K€","62,05 K€",effectif,DataRecrutement
Product Manager,Île-de-France,1 ans,Pas de management,Bac +5,DeepTech,"46,72 K€","51,91 K€","64,88 K€",effectif,DataRecrutement
Product Manager,Île-de-France,2 ans,Pas de management,Bac +5,DeepTech,"48,75 K€","54,17 K€","67,71 K€",effectif,DataRecrutement
Product Manager,Île-de-France,3 ans,Pas de management,Bac +5,DeepTech,"50,79 K€","56,44 K€","70,55 K€",effectif,DataRecrutement
Product Manager,Île-de-France,4 ans,Pas de management,Bac +5,DeepTech,"52,83 K€","58,70 K€","73,38 K€",effectif,DataRecrutement
Product Manager,Île-de-France,5 ans,Pas de management,Bac +5,DeepTech,"54,87 K€","60,97 K€","76,21 K€",effectif,DataRecrutement
Product Manager,Île-de-France,8 ans,Pas de management,Bac +5,DeepTech,"60,98 K€","67,76 K€","84,70 K€",effectif,DataRecrutement
Product Manager,Île-de-France,10 ans,Pas de management,Bac +5,DeepTech,"65,06 K€","72,29 K€","90,36 K€",effectif,DataRecrutement
Product Manager,Île-de-France,15 ans,Pas de management,Bac +5,DeepTech,"75,25 K€","83,62 K€","104,52 K€",effectif,DataRecrutement
Product Manager,Île-de-France,30 ans,Pas de management,Bac +5,DeepTech,"105,83 K€","117,59 K€","146,99 K€",effectif,DataRecrutement
Product Owner,Île-de-France,0 ans,Pas de management,Bac +5,DeepTech,"44,57 K€","49,52 K€","61,90 K€",effectif,DataRecrutement
Product Owner,Île-de-France,1 ans,Pas de management,Bac +5,DeepTech,"46,60 K€","51,78 K€","64,73 K€",effectif,DataRecrutement
Product Owner,Île-de-France,2 ans,Pas de management,Bac +5,DeepTech,"48,64 K€","54,04 K€","67,55 K€",effectif,DataRecrutement
Product Owner,Île-de-France,3 ans,Pas de management,Bac +5,DeepTech,"50,67 K€","56,30 K€","70,37 K€",effectif,DataRecrutement
Product Owner,Île-de-France,4 ans,Pas de management,Bac +5,DeepTech,"52,70 K€","58,56 K€","73,20 K€",effectif,DataRecrutement
Product Owner,Île-de-France,5 ans,Pas de management,Bac +5,DeepTech,"54,74 K€","60,82 K€","76,02 K€",effectif,DataRecrutement
Product Owner,Île-de-France,8 ans,Pas de management,Bac +5,DeepTech,"60,84 K€","67,60 K€","84,49 K€",effectif,DataRecrutement
Product Owner,Île-de-France,10 ans,Pas de management,Bac +5,DeepTech,"64,90 K€","72,11 K€","90,14 K€",effectif,DataRecrutement
Product Owner,Île-de-France,15 ans,Pas de management,Bac +5,DeepTech,"75,07 K€","83,41 K€","104,26 K€",effectif,DataRecrutement
Product Owner,Île-de-France,30 ans,Pas de management,Bac +5,DeepTech,"105,57 K€","117,30 K€","146,63 K€",effectif,DataRecrutement
Scrum Master,Île-de-France,0 ans,Pas de management,Bac +5,DeepTech,"42,94 K€","47,71 K€","59,63 K€",effectif,DataRecrutement
Scrum Master,Île-de-France,1 ans,Pas de management,Bac +5,DeepTech,"44,89 K€","49,88 K€","62,35 K€",effectif,DataRecrutement
Scrum Master,Île-de-France,2 ans,Pas de management,Bac +5,DeepTech,"46,85 K€","52,06 K€","65,07 K€",effectif,DataRecrutement
Scrum Master,Île-de-France,3 ans,Pas de management,Bac +5,DeepTech,"48,81 K€","54,24 K€","67,80 K€",effectif,DataRecrutement
Scrum Master,Île-de-France,4 ans,Pas de management,Bac +5,DeepTech,"50,77 K€","56,41 K€","70,52 K€",effectif,DataRecrutement
Scrum Master,Île-de-France,5 ans,Pas de management,Bac +5,DeepTech,"52,73 K€","58,59 K€","73,24 K€",effectif,DataRecrutement
Scrum Master,Île-de-France,8 ans,Pas de management,Bac +5,DeepTech,"58,61 K€","65,12 K€","81,40 K€",effectif,DataRecrutement
Scrum Master,Île-de-France,10 ans,Pas de management,Bac +5,DeepTech,"62,53 K€","69,47 K€","86,84 K€",effectif,DataRecrutement
Scrum Master,Île-de-France,15 ans,Pas de management,Bac +5,DeepTech,"72,32 K€","80,36 K€","100,44 K€",effectif,DataRecrutement
Scrum Master,Île-de-France,30 ans,Pas de management,Bac +5,DeepTech,"101,70 K€","113,00 K€","141,26 K€",effectif,DataRecrutement
Chef de projet,Île-de-France,0 ans,Pas de management,Bac +5,DeepTech,"40,06 K€","44,51 K€","55,64 K€",effectif,DataRecrutement
Chef de projet,Île-de-France,1 ans,Pas de management,Bac +5,DeepTech,"41,89 K€","46,54 K€","58,18 K€",effectif,DataRecrutement
Chef de projet,Île-de-France,2 ans,Pas de management,Bac +5,DeepTech,"43,72 K€","48,58 K€","60,72 K€",effectif,DataRecrutement
Chef de projet,Île-de-France,3 ans,Pas de management,Bac +5,DeepTech,"45,55 K€","50,61 K€","63,26 K€",effectif,DataRecrutement
Chef de projet,Île-de-France,4 ans,Pas de management,Bac +5,DeepTech,"47,37 K€","52,64 K€","65,80 K€",effectif,DataRecrutement
Chef de projet,Île-de-France,5 ans,Pas de management,Bac +5,DeepTech,"49,20 K€","54,67 K€","68,33 K€",effectif,DataRecrutement
Chef de projet,Île-de-France,8 ans,Pas de management,Bac +5,DeepTech,"54,68 K€","60,76 K€","75,95 K€",effectif,DataRecrutement
Chef de projet,Île-de-France,10 ans,Pas de management,Bac +5,DeepTech,"58,34 K€","64,82 K€","81,03 K€",effectif,DataRecrutement
Chef de projet,Île-de-France,15 ans,Pas de management,Bac +5,DeepTech,"67,48 K€","74,98 K€","93,72 K€",effectif,DataRecrutement
Chef de projet,Île-de-France,30 ans,Pas de management,Bac +5,DeepTech,"94,90 K€","105,44 K€","131,80 K€",effectif,DataRecrutement
Coach Agile,Île-de-France,0 ans,Pas de management,Bac +5,DeepTech,"43,76 K€","48,63 K€","60,78 K€",effectif,DataRecrutement
Coach Agile,Île-de-France,1 ans,Pas de management,Bac +5,DeepTech,"45,76 K€","50,84 K€","63,56 K€",effectif,DataRecrutement
Coach Agile,Île-de-France,2 ans,Pas de management,Bac +5,DeepTech,"47,76 K€","53,06 K€","66,33 K€",effectif,DataRecrutement
Coach Agile,Île-de-France,3 ans,Pas de management,Bac +5,DeepTech,"49,75 K€","55,28 K€","69,10 K€",effectif,DataRecrutement
Coach Agile,Île-de-France,4 ans,Pas de management,Bac +5,DeepTech,"51,75 K€","57,50 K€","71,88 K€",effectif,DataRecrutement
Coach Agile,Île-de-France,5 ans,Pas de management,Bac +5,DeepTech,"53,75 K€","59,72 K€","74,65 K€",effectif,DataRecrutement
Coach Agile,Île-de-France,8 ans,Pas de management,Bac +5,DeepTech,"59,74 K€","66,37 K€","82,97 K€",effectif,DataRecrutement
Coach Agile,Île-de-France,10 ans,Pas de management,Bac +5,DeepTech,"63,73 K€","70,81 K€","88,51 K€",effectif,DataRecrutement
Coach Agile,Île-de-France,15 ans,Pas de management,Bac +5,DeepTech,"73,71 K€","81,90 K€","102,38 K€",effectif,DataRecrutement
Coach Agile,Île-de-France,30 ans,Pas de management,Bac +5,DeepTech,"103,66 K€","115,18 K€","143,98 K€",effectif,DataRecrutement
Head of Design,Île-de-France,0 ans,Pas de management,Bac +5,DeepTech,"45,24 K€","50,27 K€","62,84 K€",effectif,DataRecrutement
Head of Design,Île-de-France,1 ans,Pas de management,Bac +5,DeepTech,"48,92 K€","54,36 K€","67,95 K€",effectif,DataRecrutement
Head of Design,Île-de-France,2 ans,Pas de management,Bac +5,DeepTech,"52,60 K€","58,45 K€","73,06 K€",effectif,DataRecrutement
Head of Design,Île-de-France,3 ans,Pas de management,Bac +5,DeepTech,"56,28 K€","62,54 K€","78,17 K€",effectif,DataRecrutement
Head of Design,Île-de-France,4 ans,Pas de management,Bac +5,DeepTech,"59,96 K€","66,63 K€","83,28 K€",effectif,DataRecrutement
Head of Design,Île-de-France,5 ans,Pas de management,Bac +5,DeepTech,"63,64 K€","70,71 K€","88,39 K€",effectif,DataRecrutement
Head of Design,Île-de-France,8 ans,Pas de management,Bac +5,DeepTech,"74,68 K€","82,98 K€","103,73 K€",effectif,DataRecrutement
Head of Design,Île-de-France,10 ans,Pas de management,Bac +5,DeepTech,"82,04 K€","91,16 K€","113,95 K€",effectif,DataRecrutement
Head of Design,Île-de-France,15 ans,Pas de management,Bac +5,DeepTech,"100,44 K€","111,60 K€","139,51 K€",effectif,DataRecrutement
Head of Design,Île-de-France,30 ans,Pas de management,Bac +5,DeepTech,"155,64 K€","172,94 K€","216,17 K€",effectif,DataRecrutement
UX Designer,Île-de-France,0 ans,Pas de management,Bac +5,DeepTech,"41,61 K€","46,23 K€","57,79 K€",effectif,DataRecrutement
UX Designer,Île-de-France,1 ans,Pas de management,Bac +5,DeepTech,"43,51 K€","48,34 K€","60,43 K€",effectif,DataRecrutement
UX Designer,Île-de-France,2 ans,Pas de management,Bac +5,DeepTech,"45,41 K€","50,45 K€","63,06 K€",effectif,DataRecrutement
UX Designer,Île-de-France,3 ans,Pas de management,Bac +5,DeepTech,"47,30 K€","52,56 K€","65,70 K€",effectif,DataRecrutement
UX Designer,Île-de-France,4 ans,Pas de management,Bac +5,DeepTech,"49,20 K€","54,67 K€","68,34 K€",effectif,DataRecrutement
UX Designer,Île-de-France,5 ans,Pas de management,Bac +5,DeepTech,"51,10 K€","56,78 K€","70,97 K€",effectif,DataRecrutement
UX Designer,Île-de-France,8 ans,Pas de management,Bac +5,DeepTech,"56,80 K€","63,11 K€","78,88 K€",effectif,DataRecrutement
UX Designer,Île-de-France,10 ans,Pas de management,Bac +5,DeepTech,"60,59 K€","67,33 K€","84,16 K€",effectif,DataRecrutement
UX Designer,Île-de-France,15 ans,Pas de management,Bac +5,DeepTech,"70,09 K€","77,87 K€","97,34 K€",effectif,DataRecrutement
UX Designer,Île-de-France,30 ans,Pas de management,Bac +5,DeepTech,"98,56 K€","109,51 K€","136,89 K€",effectif,DataRecrutement
UI Designer,Île-de-France,0 ans,Pas de management,Bac +5,DeepTech,"39,65 K€","44,06 K€","55,08 K€",effectif,DataRecrutement
UI Designer,Île-de-France,1 ans,Pas de management,Bac +5,DeepTech,"41,46 K€","46,07 K€","57,59 K€",effectif,DataRecrutement
UI Designer,Île-de-France,2 ans,Pas de management,Bac +5,DeepTech,"43,27 K€","48,08 K€","60,10 K€",effectif,DataRecrutement
UI Designer,Île-de-France,3 ans,Pas de management,Bac +5,DeepTech,"45,08 K€","50,09 K€","62,61 K€",effectif,DataRecrutement
UI Designer,Île-de-France,4 ans,Pas de management,Bac +5,DeepTech,"46,89 K€","52,10 K€","65,13 K€",effectif,DataRecrutement
UI Designer,Île-de-France,5 ans,Pas de management,Bac +5,DeepTech,"48,70 K€","54,11 K€","67,64 K€",effectif,DataRecrutement
UI Designer,Île-de-France,8 ans,Pas de management,Bac +5,DeepTech,"54,13 K€","60,14 K€","75,18 K€",effectif,DataRecrutement
UI Designer,Île-de-France,10 ans,Pas de management,Bac +5,DeepTech,"57,75 K€","64,16 K€","80,20 K€",effectif,DataRecrutement
UI Designer,Île-de-France,15 ans,Pas de management,Bac +5,DeepTech,"66,79 K€","74,21 K€","92,77 K€",effectif,DataRecrutement
UI Designer,Île-de-France,30 ans,Pas de management,Bac +5,DeepTech,"93,93 K€","104,37 K€","130,46 K€",effectif,DataRecrutement
Motion Designer,Île-de-France,0 ans,Pas de management,Bac +5,DeepTech,"37,31 K€","41,46 K€","51,82 K€",effectif,DataRecrutement
Motion Designer,Île-de-France,1 ans,Pas de management,Bac +5,DeepTech,"38,35 K€","42,61 K€","53,26 K€",effectif,DataRecrutement
Motion Designer,Île-de-France,2 ans,Pas de management,Bac +5,DeepTech,"39,38 K€","43,76 K€","54,70 K€",effectif,DataRecrutement
Motion Designer,Île-de-France,3 ans,Pas de management,Bac +5,DeepTech,"40,42 K€","44,91 K€","56,14 K€",effectif,DataRecrutement
Motion Designer,Île-de-France,4 ans,Pas de management,Bac +5,DeepTech,"41,46 K€","46,06 K€","57,58 K€",effectif,DataRecrutement
Motion Designer,Île-de-France,5 ans,Pas de management,Bac +5,DeepTech,"42,49 K€","47,21 K€","59,02 K€",effectif,DataRecrutement
Motion Designer,Île-de-France,8 ans,Pas de management,Bac +5,DeepTech,"45,60 K€","50,67 K€","63,33 K€",effectif,DataRecrutement
Motion Designer,Île-de-France,10 ans,Pas de management,Bac +5,DeepTech,"47,67 K€","52,97 K€","66,21 K€",effectif,DataRecrutement
Motion Designer,Île-de-France,15 ans,Pas de management,Bac +5,DeepTech,"52,85 K€","58,73 K€","73,41 K€",effectif,DataRecrutement
Motion Designer,Île-de-France,30 ans,Pas de management,Bac +5,DeepTech,"68,39 K€","75,99 K€","94,99 K€",effectif,DataRecrutement
Account Manager,Île-de-France,0 ans,Pas de management,Bac +5,DeepTech,"44,56 K€","49,52 K€","61,89 K€",effectif,DataRecrutement
Account Manager,Île-de-France,1 ans,Pas de management,Bac +5,DeepTech,"46,60 K€","51,77 K€","64,72 K€",effectif,DataRecrutement
Account Manager,Île-de-France,2 ans,Pas de management,Bac +5,DeepTech,"48,63 K€","54,03 K€","67,54 K€",effectif,DataRecrutement
Account Manager,Île-de-France,3 ans,Pas de management,Bac +5,DeepTech,"50,66 K€","56,29 K€","70,37 K€",effectif,DataRecrutement
Account Manager,Île-de-France,4 ans,Pas de management,Bac +5,DeepTech,"52,70 K€","58,55 K€","73,19 K€",effectif,DataRecrutement
Account Manager,Île-de-France,5 ans,Pas de management,Bac +5,DeepTech,"54,73 K€","60,81 K€","76,01 K€",effectif,DataRecrutement
Account Manager,Île-de-France,8 ans,Pas de management,Bac +5,DeepTech,"60,83 K€","67,59 K€","84,49 K€",effectif,DataRecrutement
Account Manager,Île-de-France,10 ans,Pas de management,Bac +5,DeepTech,"64,90 K€","72,11 K€","90,13 K€",effectif,DataRecrutement
Account Manager,Île-de-France,15 ans,Pas de management,Bac +5,DeepTech,"75,06 K€","83,40 K€","104,25 K€",effectif,DataRecrutement
Account Manager,Île-de-France,30 ans,Pas de management,Bac +5,DeepTech,"105,56 K€","117,29 K€","146,61 K€",effectif,DataRecrutement
Business Developer,Île-de-France,0 ans,Pas de management,Bac +5,DeepTech,"48,28 K€","53,65 K€","67,06 K€",effectif,DataRecrutement
Business Developer,Île-de-France,1 ans,Pas de management,Bac +5,DeepTech,"50,49 K€","56,10 K€","70,13 K€",effectif,DataRecrutement
Business Developer,Île-de-France,2 ans,Pas de management,Bac +5,DeepTech,"52,70 K€","58,55 K€","73,19 K€",effectif,DataRecrutement
Business Developer,Île-de-France,3 ans,Pas de management,Bac +5,DeepTech,"54,90 K€","61,01 K€","76,26 K€",effectif,DataRecrutement
Business Developer,Île-de-France,4 ans,Pas de management,Bac +5,DeepTech,"57,11 K€","63,46 K€","79,32 K€",effectif,DataRecrutement
Business Developer,Île-de-France,5 ans,Pas de management,Bac +5,DeepTech,"59,32 K€","65,91 K€","82,39 K€",effectif,DataRecrutement
Business Developer,Île-de-France,8 ans,Pas de management,Bac +5,DeepTech,"65,94 K€","73,27 K€","91,58 K€",effectif,DataRecrutement
Business Developer,Île-de-France,10 ans,Pas de management,Bac +5,DeepTech,"70,36 K€","78,17 K€","97,72 K€",effectif,DataRecrutement
Business Developer,Île-de-France,15 ans,Pas de management,Bac +5,DeepTech,"81,39 K€","90,44 K€","113,04 K€",effectif,DataRecrutement
Business Developer,Île-de-France,30 ans,Pas de management,Bac +5,DeepTech,"114,50 K€","127,22 K€","159,03 K€",effectif,DataRecrutement
Business Manager,Île-de-France,0 ans,Pas de management,Bac +5,DeepTech,"45,86 K€","50,96 K€","63,70 K€",effectif,DataRecrutement
Business Manager,Île-de-France,1 ans,Pas de management,Bac +5,DeepTech,"47,96 K€","53,29 K€","66,61 K€",effectif,DataRecrutement
Business Manager,Île-de-France,2 ans,Pas de management,Bac +5,DeepTech,"50,05 K€","55,61 K€","69,51 K€",effectif,DataRecrutement
Business Manager,Île-de-France,3 ans,Pas de management,Bac +5,DeepTech,"52,14 K€","57,94 K€","72,42 K€",effectif,DataRecrutement
Business Manager,Île-de-France,4 ans,Pas de management,Bac +5,DeepTech,"54,23 K€","60,26 K€","75,33 K€",effectif,DataRecrutement
Business Manager,Île-de-France,5 ans,Pas de management,Bac +5,DeepTech,"56,33 K€","62,59 K€","78,23 K€",effectif,DataRecrutement
Business Manager,Île-de-France,8 ans,Pas de management,Bac +5,DeepTech,"62,60 K€","69,56 K€","86,95 K€",effectif,DataRecrutement
Business Manager,Île-de-France,10 ans,Pas de management,Bac +5,DeepTech,"66,79 K€","74,21 K€","92,76 K€",effectif,DataRecrutement
Business Manager,Île-de-France,15 ans,Pas de management,Bac +5,DeepTech,"77,25 K€","85,84 K€","107,29 K€",effectif,DataRecrutement
Business Manager,Île-de-France,30 ans,Pas de management,Bac +5,DeepTech,"108,64 K€","120,71 K€","150,89 K€",effectif,DataRecrutement
Partnership Manager,Île-de-France,0 ans,Pas de management,Bac +5,DeepTech,"47,38 K€","52,64 K€","65,80 K€",effectif,DataRecrutement
Partnership Manager,Île-de-France,1 ans,Pas de management,Bac +5,DeepTech,"49,54 K€","55,04 K€","68,80 K€",effectif,DataRecrutement
Partnership Manager,Île-de-France,2 ans,Pas de management,Bac +5,DeepTech,"51,70 K€","57,44 K€","71,80 K€",effectif,DataRecrutement
Partnership Manager,Île-de-France,3 ans,Pas de management,Bac +5,DeepTech,"53,86 K€","59,85 K€","74,81 K€",effectif,DataRecrutement
Partnership Manager,Île-de-France,4 ans,Pas de management,Bac +5,DeepTech,"56,02 K€","62,25 K€","77,81 K€",effectif,DataRecrutement
Partnership Manager,Île-de-France,5 ans,Pas de management,Bac +5,DeepTech,"58,18 K€","64,65 K€","80,81 K€",effectif,DataRecrutement
Partnership Manager,Île-de-France,8 ans,Pas de management,Bac +5,DeepTech,"64,67 K€","71,85 K€","89,82 K€",effectif,DataRecrutement
Partnership Manager,Île-de-France,10 ans,Pas de management,Bac +5,DeepTech,"68,99 K€","76,66 K€","95,82 K€",effectif,DataRecrutement
Partnership Manager,Île-de-France,15 ans,Pas de management,Bac +5,DeepTech,"79,80 K€","88,67 K€","110,83 K€",effectif,DataRecrutement
Partnership Manager,Île-de-France,30 ans,Pas de management,Bac +5,DeepTech,"112,22 K€","124,69 K€","155,86 K€",effectif,DataRecrutement
Inside Sales / SDR / BDR,Île-de-France,0 ans,Pas de management,Bac +5,DeepTech,"44,35 K€","49,28 K€","61,60 K€",effectif,DataRecrutement
Inside Sales / SDR / BDR,Île-de-France,1 ans,Pas de management,Bac +5,DeepTech,"46,38 K€","51,53 K€","64,41 K€",effectif,DataRecrutement
Inside Sales / SDR / BDR,Île-de-France,2 ans,Pas de management,Bac +5,DeepTech,"48,40 K€","53,78 K€","67,22 K€",effectif,DataRecrutement
Inside Sales / SDR / BDR,Île-de-France,3 ans,Pas de management,Bac +5,DeepTech,"50,42 K€","56,03 K€","70,03 K€",effectif,DataRecrutement
Inside Sales / SDR / BDR,Île-de-France,4 ans,Pas de management,Bac +5,DeepTech,"52,45 K€","58,27 K€","72,84 K€",effectif,DataRecrutement
Inside Sales / SDR / BDR,Île-de-France,5 ans,Pas de management,Bac +5,DeepTech,"54,47 K€","60,52 K€","75,65 K€",effectif,DataRecrutement
Inside Sales / SDR / BDR,Île-de-France,8 ans,Pas de management,Bac +5,DeepTech,"60,54 K€","67,27 K€","84,08 K€",effectif,DataRecrutement
Inside Sales / SDR / BDR,Île-de-France,10 ans,Pas de management,Bac +5,DeepTech,"64,59 K€","71,76 K€","89,71 K€",effectif,DataRecrutement
Inside Sales / SDR / BDR,Île-de-France,15 ans,Pas de management,Bac +5,DeepTech,"74,71 K€","83,01 K€","103,76 K€",effectif,DataRecrutement
Inside Sales / SDR / BDR,Île-de-France,30 ans,Pas de management,Bac +5,DeepTech,"105,06 K€","116,73 K€","145,92 K€",effectif,DataRecrutement
Customer Success Manager,Île-de-France,0 ans,Pas de management,Bac +5,DeepTech,"38,61 K€","42,90 K€","53,62 K€",effectif,DataRecrutement
Customer Success Manager,Île-de-France,1 ans,Pas de management,Bac +5,DeepTech,"40,37 K€","44,86 K€","56,07 K€",effectif,DataRecrutement
Customer Success Manager,Île-de-France,2 ans,Pas de management,Bac +5,DeepTech,"42,14 K€","46,82 K€","58,52 K€",effectif,DataRecrutement
Customer Success Manager,Île-de-France,3 ans,Pas de management,Bac +5,DeepTech,"43,90 K€","48,78 K€","60,97 K€",effectif,DataRecrutement
Customer Success Manager,Île-de-France,4 ans,Pas de management,Bac +5,DeepTech,"45,67 K€","50,74 K€","63,42 K€",effectif,DataRecrutement
Customer Success Manager,Île-de-France,5 ans,Pas de management,Bac +5,DeepTech,"47,43 K€","52,70 K€","65,88 K€",effectif,DataRecrutement
Customer Success Manager,Île-de-France,8 ans,Pas de management,Bac +5,DeepTech,"52,73 K€","58,58 K€","73,23 K€",effectif,DataRecrutement
Customer Success Manager,Île-de-France,10 ans,Pas de management,Bac +5,DeepTech,"56,26 K€","62,51 K€","78,13 K€",effectif,DataRecrutement
Customer Success Manager,Île-de-France,15 ans,Pas de management,Bac +5,DeepTech,"65,08 K€","72,31 K€","90,39 K€",effectif,DataRecrutement
Customer Success Manager,Île-de-France,30 ans,Pas de management,Bac +5,DeepTech,"91,55 K€","101,72 K€","127,16 K€",effectif,DataRecrutement
Pre-sales,Île-de-France,0 ans,Pas de management,Bac +5,DeepTech,"48,18 K€","53,54 K€","66,92 K€",effectif,DataRecrutement
Pre-sales,Île-de-France,1 ans,Pas de management,Bac +5,DeepTech,"51,24 K€","56,93 K€","71,17 K€",effectif,DataRecrutement
Pre-sales,Île-de-France,2 ans,Pas de management,Bac +5,DeepTech,"54,30 K€","60,33 K€","75,42 K€",effectif,DataRecrutement
Pre-sales,Île-de-France,3 ans,Pas de management,Bac +5,DeepTech,"57,36 K€","63,73 K€","79,66 K€",effectif,DataRecrutement
Pre-sales,Île-de-France,4 ans,Pas de management,Bac +5,DeepTech,"60,42 K€","67,13 K€","83,91 K€",effectif,DataRecrutement
Pre-sales,Île-de-France,5 ans,Pas de management,Bac +5,DeepTech,"63,48 K€","70,53 K€","88,16 K€",effectif,DataRecrutement
Pre-sales,Île-de-France,8 ans,Pas de management,Bac +5,DeepTech,"72,65 K€","80,72 K€","100,91 K€",effectif,DataRecrutement
Pre-sales,Île-de-France,10 ans,Pas de management,Bac +5,DeepTech,"78,77 K€","87,52 K€","109,40 K€",effectif,DataRecrutement
Pre-sales,Île-de-France,15 ans,Pas de management,Bac +5,DeepTech,"94,06 K€","104,51 K€","130,64 K€",effectif,DataRecrutement
Pre-sales,Île-de-France,30 ans,Pas de management,Bac +5,DeepTech,"139,94 K€","155,49 K€","194,37 K€",effectif,DataRecrutement
Trafic Manager ou Responsable SEO / SEA,Île-de-France,0 ans,Pas de management,Bac +5,DeepTech,"39,11 K€","43,46 K€","54,32 K€",effectif,DataRecrutement
Trafic Manager ou Responsable SEO / SEA,Île-de-France,1 ans,Pas de management,Bac +5,DeepTech,"40,89 K€","45,44 K€","56,80 K€",effectif,DataRecrutement
Trafic Manager ou Responsable SEO / SEA,Île-de-France,2 ans,Pas de management,Bac +5,DeepTech,"42,68 K€","47,42 K€","59,28 K€",effectif,DataRecrutement
Trafic Manager ou Responsable SEO / SEA,Île-de-France,3 ans,Pas de management,Bac +5,DeepTech,"44,46 K€","49,40 K€","61,76 K€",effectif,DataRecrutement
Trafic Manager ou Responsable SEO / SEA,Île-de-France,4 ans,Pas de management,Bac +5,DeepTech,"46,25 K€","51,39 K€","64,23 K€",effectif,DataRecrutement
Trafic Manager ou Responsable SEO / SEA,Île-de-France,5 ans,Pas de management,Bac +5,DeepTech,"48,03 K€","53,37 K€","66,71 K€",effectif,DataRecrutement
Trafic Manager ou Responsable SEO / SEA,Île-de-France,8 ans,Pas de management,Bac +5,DeepTech,"53,39 K€","59,32 K€","74,15 K€",effectif,DataRecrutement
Trafic Manager ou Responsable SEO / SEA,Île-de-France,10 ans,Pas de management,Bac +5,DeepTech,"56,95 K€","63,28 K€","79,10 K€",effectif,DataRecrutement
Trafic Manager ou Responsable SEO / SEA,Île-de-France,15 ans,Pas de management,Bac +5,DeepTech,"65,88 K€","73,20 K€","91,50 K€",effectif,DataRecrutement
Trafic Manager ou Responsable SEO / SEA,Île-de-France,30 ans,Pas de management,Bac +5,DeepTech,"92,64 K€","102,94 K€","128,67 K€",effectif,DataRecrutement
Directeur Artistique,Île-de-France,0 ans,Pas de management,Bac +5,DeepTech,"39,31 K€","43,68 K€","54,60 K€",effectif,DataRecrutement
Directeur Artistique,Île-de-France,1 ans,Pas de management,Bac +5,DeepTech,"41,81 K€","46,45 K€","58,07 K€",effectif,DataRecrutement
Directeur Artistique,Île-de-France,2 ans,Pas de management,Bac +5,DeepTech,"44,30 K€","49,23 K€","61,53 K€",effectif,DataRecrutement
Directeur Artistique,Île-de-France,3 ans,Pas de management,Bac +5,DeepTech,"46,80 K€","52,00 K€","65,00 K€",effectif,DataRecrutement
Directeur Artistique,Île-de-France,4 ans,Pas de management,Bac +5,DeepTech,"49,29 K€","54,77 K€","68,46 K€",effectif,DataRecrutement
Directeur Artistique,Île-de-France,5 ans,Pas de management,Bac +5,DeepTech,"51,79 K€","57,54 K€","71,93 K€",effectif,DataRecrutement
Directeur Artistique,Île-de-France,8 ans,Pas de management,Bac +5,DeepTech,"59,28 K€","65,86 K€","82,33 K€",effectif,DataRecrutement
Directeur Artistique,Île-de-France,10 ans,Pas de management,Bac +5,DeepTech,"64,27 K€","71,41 K€","89,26 K€",effectif,DataRecrutement
Directeur Artistique,Île-de-France,15 ans,Pas de management,Bac +5,DeepTech,"76,75 K€","85,27 K€","106,59 K€",effectif,DataRecrutement
Directeur Artistique,Île-de-France,30 ans,Pas de management,Bac +5,DeepTech,"114,18 K€","126,87 K€","158,58 K€",effectif,DataRecrutement
Programmatic campaign manager,Île-de-France,0 ans,Pas de management,Bac +5,DeepTech,"38,10 K€","42,34 K€","52,92 K€",effectif,DataRecrutement
Programmatic campaign manager,Île-de-France,1 ans,Pas de management,Bac +5,DeepTech,"39,84 K€","44,27 K€","55,33 K€",effectif,DataRecrutement
Programmatic campaign manager,Île-de-France,2 ans,Pas de management,Bac +5,DeepTech,"41,58 K€","46,20 K€","57,75 K€",effectif,DataRecrutement
Programmatic campaign manager,Île-de-France,3 ans,Pas de management,Bac +5,DeepTech,"43,32 K€","48,13 K€","60,16 K€",effectif,DataRecrutement
Programmatic campaign manager,Île-de-France,4 ans,Pas de management,Bac +5,DeepTech,"45,06 K€","50,06 K€","62,58 K€",effectif,DataRecrutement
Programmatic campaign manager,Île-de-France,5 ans,Pas de management,Bac +5,DeepTech,"46,79 K€","51,99 K€","64,99 K€",effectif,DataRecrutement
Programmatic campaign manager,Île-de-France,8 ans,Pas de management,Bac +5,DeepTech,"52,01 K€","57,79 K€","72,24 K€",effectif,DataRecrutement
Programmatic campaign manager,Île-de-France,10 ans,Pas de management,Bac +5,DeepTech,"55,49 K€","61,65 K€","77,06 K€",effectif,DataRecrutement
Programmatic campaign manager,Île-de-France,15 ans,Pas de management,Bac +5,DeepTech,"64,18 K€","71,31 K€","89,14 K€",effectif,DataRecrutement
Programmatic campaign manager,Île-de-France,30 ans,Pas de management,Bac +5,DeepTech,"90,26 K€","100,28 K€","125,35 K€",effectif,DataRecrutement
Growth Hacker,Île-de-France,0 ans,Pas de management,Bac +5,DeepTech,"40,28 K€","44,76 K€","55,94 K€",effectif,DataRecrutement
Growth Hacker,Île-de-France,1 ans,Pas de management,Bac +5,DeepTech,"42,12 K€","46,80 K€","58,50 K€",effectif,DataRecrutement
Growth Hacker,Île-de-France,2 ans,Pas de management,Bac +5,DeepTech,"43,96 K€","48,84 K€","61,05 K€",effectif,DataRecrutement
Growth Hacker,Île-de-France,3 ans,Pas de management,Bac +5,DeepTech,"45,79 K€","50,88 K€","63,60 K€",effectif,DataRecrutement
Growth Hacker,Île-de-France,4 ans,Pas de management,Bac +5,DeepTech,"47,63 K€","52,92 K€","66,15 K€",effectif,DataRecrutement
Growth Hacker,Île-de-France,5 ans,Pas de management,Bac +5,DeepTech,"49,47 K€","54,96 K€","68,71 K€",effectif,DataRecrutement
Growth Hacker,Île-de-France,8 ans,Pas de management,Bac +5,DeepTech,"54,98 K€","61,09 K€","76,36 K€",effectif,DataRecrutement
Growth Hacker,Île-de-France,10 ans,Pas de management,Bac +5,DeepTech,"58,66 K€","65,17 K€","81,47 K€",effectif,DataRecrutement
Growth Hacker,Île-de-France,15 ans,Pas de management,Bac +5,DeepTech,"67,85 K€","75,38 K€","94,23 K€",effectif,DataRecrutement
Growth Hacker,Île-de-France,30 ans,Pas de management,Bac +5,DeepTech,"95,41 K€","106,01 K€","132,52 K€",effectif,DataRecrutement
Brand Manager,Île-de-France,0 ans,Pas de management,Bac +5,DeepTech,"40,82 K€","45,36 K€","56,70 K€",effectif,DataRecrutement
Brand Manager,Île-de-France,1 ans,Pas de management,Bac +5,DeepTech,"42,28 K€","46,98 K€","58,73 K€",effectif,DataRecrutement
Brand Manager,Île-de-France,2 ans,Pas de management,Bac +5,DeepTech,"43,74 K€","48,60 K€","60,75 K€",effectif,DataRecrutement
Brand Manager,Île-de-France,3 ans,Pas de management,Bac +5,DeepTech,"45,20 K€","50,22 K€","62,78 K€",effectif,DataRecrutement
Brand Manager,Île-de-France,4 ans,Pas de management,Bac +5,DeepTech,"46,66 K€","51,84 K€","64,80 K€",effectif,DataRecrutement
Brand Manager,Île-de-France,5 ans,Pas de management,Bac +5,DeepTech,"48,11 K€","53,46 K€","66,83 K€",effectif,DataRecrutement
Brand Manager,Île-de-France,8 ans,Pas de management,Bac +5,DeepTech,"52,49 K€","58,32 K€","72,90 K€",effectif,DataRecrutement
Brand Manager,Île-de-France,10 ans,Pas de management,Bac +5,DeepTech,"55,40 K€","61,56 K€","76,95 K€",effectif,DataRecrutement
Brand Manager,Île-de-France,15 ans,Pas de management,Bac +5,DeepTech,"62,69 K€","69,66 K€","87,08 K€",effectif,DataRecrutement
Brand Manager,Île-de-France,30 ans,Pas de management,Bac +5,DeepTech,"84,56 K€","93,96 K€","117,45 K€",effectif,DataRecrutement
Content Manager,Île-de-France,0 ans,Pas de management,Bac +5,DeepTech,"38,51 K€","42,78 K€","53,48 K€",effectif,DataRecrutement
Content Manager,Île-de-France,1 ans,Pas de management,Bac +5,DeepTech,"40,26 K€","44,74 K€","55,92 K€",effectif,DataRecrutement
Content Manager,Île-de-France,2 ans,Pas de management,Bac +5,DeepTech,"42,02 K€","46,69 K€","58,36 K€",effectif,DataRecrutement
Content Manager,Île-de-France,3 ans,Pas de management,Bac +5,DeepTech,"43,78 K€","48,64 K€","60,80 K€",effectif,DataRecrutement
Content Manager,Île-de-France,4 ans,Pas de management,Bac +5,DeepTech,"45,53 K€","50,59 K€","63,24 K€",effectif,DataRecrutement
Content Manager,Île-de-France,5 ans,Pas de management,Bac +5,DeepTech,"47,29 K€","52,54 K€","65,68 K€",effectif,DataRecrutement
Content Manager,Île-de-France,8 ans,Pas de management,Bac +5,DeepTech,"52,56 K€","58,40 K€","73,00 K€",effectif,DataRecrutement
Content Manager,Île-de-France,10 ans,Pas de management,Bac +5,DeepTech,"56,07 K€","62,30 K€","77,88 K€",effectif,DataRecrutement
Content Manager,Île-de-France,15 ans,Pas de management,Bac +5,DeepTech,"64,86 K€","72,06 K€","90,08 K€",effectif,DataRecrutement
Content Manager,Île-de-France,30 ans,Pas de management,Bac +5,DeepTech,"91,21 K€","101,34 K€","126,68 K€",effectif,DataRecrutement
Social Media Manager,Île-de-France,0 ans,Pas de management,Bac +5,DeepTech,"39,77 K€","44,18 K€","55,23 K€",effectif,DataRecrutement
Social Media Manager,Île-de-France,1 ans,Pas de management,Bac +5,DeepTech,"41,58 K€","46,20 K€","57,75 K€",effectif,DataRecrutement
Social Media Manager,Île-de-France,2 ans,Pas de management,Bac +5,DeepTech,"43,39 K€","48,22 K€","60,27 K€",effectif,DataRecrutement
Social Media Manager,Île-de-France,3 ans,Pas de management,Bac +5,DeepTech,"45,21 K€","50,23 K€","62,79 K€",effectif,DataRecrutement
Social Media Manager,Île-de-France,4 ans,Pas de management,Bac +5,DeepTech,"47,02 K€","52,25 K€","65,31 K€",effectif,DataRecrutement
Social Media Manager,Île-de-France,5 ans,Pas de management,Bac +5,DeepTech,"48,84 K€","54,26 K€","67,83 K€",effectif,DataRecrutement
Social Media Manager,Île-de-France,8 ans,Pas de management,Bac +5,DeepTech,"54,28 K€","60,31 K€","75,39 K€",effectif,DataRecrutement
Social Media Manager,Île-de-France,10 ans,Pas de management,Bac +5,DeepTech,"57,91 K€","64,34 K€","80,43 K€",effectif,DataRecrutement
Social Media Manager,Île-de-France,15 ans,Pas de management,Bac +5,DeepTech,"66,98 K€","74,42 K€","93,03 K€",effectif,DataRecrutement
Social Media Manager,Île-de-France,30 ans,Pas de management,Bac +5,DeepTech,"94,19 K€","104,66 K€","130,83 K€",effectif,DataRecrutement
Community manager,Île-de-France,0 ans,Pas de management,Bac +5,DeepTech,"38,02 K€","42,25 K€","52,81 K€",effectif,DataRecrutement
Community manager,Île-de-France,1 ans,Pas de management,Bac +5,DeepTech,"39,76 K€","44,17 K€","55,22 K€",effectif,DataRecrutement
Community manager,Île-de-France,2 ans,Pas de management,Bac +5,DeepTech,"41,49 K€","46,10 K€","57,63 K€",effectif,DataRecrutement
Community manager,Île-de-France,3 ans,Pas de management,Bac +5,DeepTech,"43,23 K€","48,03 K€","60,04 K€",effectif,DataRecrutement
Community manager,Île-de-France,4 ans,Pas de management,Bac +5,DeepTech,"44,96 K€","49,96 K€","62,45 K€",effectif,DataRecrutement
Community manager,Île-de-France,5 ans,Pas de management,Bac +5,DeepTech,"46,70 K€","51,88 K€","64,85 K€",effectif,DataRecrutement
Community manager,Île-de-France,8 ans,Pas de management,Bac +5,DeepTech,"51,90 K€","57,67 K€","72,08 K€",effectif,DataRecrutement
Community manager,Île-de-France,10 ans,Pas de management,Bac +5,DeepTech,"55,37 K€","61,52 K€","76,90 K€",effectif,DataRecrutement
Community manager,Île-de-France,15 ans,Pas de management,Bac +5,DeepTech,"64,04 K€","71,16 K€","88,95 K€",effectif,DataRecrutement
Community manager,Île-de-France,30 ans,Pas de management,Bac +5,DeepTech,"90,06 K€","100,07 K€","125,09 K€",effectif,DataRecrutement
Expert CRM,Île-de-France,0 ans,Pas de management,Bac +5,DeepTech,"42,46 K€","47,17 K€","58,97 K€",effectif,DataRecrutement
Expert CRM,Île-de-France,1 ans,Pas de management,Bac +5,DeepTech,"44,39 K€","49,33 K€","61,66 K€",effectif,DataRecrutement
Expert CRM,Île-de-France,2 ans,Pas de management,Bac +5,DeepTech,"46,33 K€","51,48 K€","64,35 K€",effectif,DataRecrutement
Expert CRM,Île-de-France,3 ans,Pas de management,Bac +5,DeepTech,"48,27 K€","53,63 K€","67,04 K€",effectif,DataRecrutement
Expert CRM,Île-de-France,4 ans,Pas de management,Bac +5,DeepTech,"50,21 K€","55,78 K€","69,73 K€",effectif,DataRecrutement
Expert CRM,Île-de-France,5 ans,Pas de management,Bac +5,DeepTech,"52,14 K€","57,94 K€","72,42 K€",effectif,DataRecrutement
Expert CRM,Île-de-France,8 ans,Pas de management,Bac +5,DeepTech,"57,95 K€","64,39 K€","80,49 K€",effectif,DataRecrutement
Expert CRM,Île-de-France,10 ans,Pas de management,Bac +5,DeepTech,"61,83 K€","68,70 K€","85,87 K€",effectif,DataRecrutement
Expert CRM,Île-de-France,15 ans,Pas de management,Bac +5,DeepTech,"71,51 K€","79,46 K€","99,32 K€",effectif,DataRecrutement
Expert CRM,Île-de-France,30 ans,Pas de management,Bac +5,DeepTech,"100,57 K€","111,74 K€","139,68 K€",effectif,DataRecrutement
"RP, influence & Event Manager",Île-de-France,0 ans,Pas de management,Bac +5,DeepTech,"38,21 K€","42,46 K€","53,07 K€",effectif,DataRecrutement
"RP, influence & Event Manager",Île-de-France,1 ans,Pas de management,Bac +5,DeepTech,"39,95 K€","44,39 K€","55,49 K€",effectif,DataRecrutement
"RP, influence & Event Manager",Île-de-France,2 ans,Pas de management,Bac +5,DeepTech,"41,70 K€","46,33 K€","57,91 K€",effectif,DataRecrutement
"RP, influence & Event Manager",Île-de-France,3 ans,Pas de management,Bac +5,DeepTech,"43,44 K€","48,27 K€","60,34 K€",effectif,DataRecrutement
"RP, influence & Event Manager",Île-de-France,4 ans,Pas de management,Bac +5,DeepTech,"45,18 K€","50,21 K€","62,76 K€",effectif,DataRecrutement
"RP, influence & Event Manager",Île-de-France,5 ans,Pas de management,Bac +5,DeepTech,"46,93 K€","52,14 K€","65,18 K€",effectif,DataRecrutement
"RP, influence & Event Manager",Île-de-France,8 ans,Pas de management,Bac +5,DeepTech,"52,16 K€","57,95 K€","72,44 K€",effectif,DataRecrutement
"RP, influence & Event Manager",Île-de-France,10 ans,Pas de management,Bac +5,DeepTech,"55,65 K€","61,83 K€","77,28 K€",effectif,DataRecrutement
"RP, influence & Event Manager",Île-de-France,15 ans,Pas de management,Bac +5,DeepTech,"64,36 K€","71,51 K€","89,39 K€",effectif,DataRecrutement
"RP, influence & Event Manager",Île-de-France,30 ans,Pas de management,Bac +5,DeepTech,"90,51 K€","100,57 K€","125,71 K€",effectif,DataRecrutement
CFO,Hors Île-de-France,0 ans,Pas de management,Bac +5,DeepTech,"46,29 K€","51,43 K€","64,29 K€",effectif,DataRecrutement
CFO,Hors Île-de-France,1 ans,Pas de management,Bac +5,DeepTech,"50,97 K€","56,63 K€","70,79 K€",effectif,DataRecrutement
CFO,Hors Île-de-France,2 ans,Pas de management,Bac +5,DeepTech,"55,65 K€","61,83 K€","77,28 K€",effectif,DataRecrutement
CFO,Hors Île-de-France,3 ans,Pas de management,Bac +5,DeepTech,"60,33 K€","67,03 K€","83,79 K€",effectif,DataRecrutement
CFO,Hors Île-de-France,4 ans,Pas de management,Bac +5,DeepTech,"65,01 K€","72,23 K€","90,29 K€",effectif,DataRecrutement
CFO,Hors Île-de-France,5 ans,Pas de management,Bac +5,DeepTech,"69,69 K€","77,43 K€","96,78 K€",effectif,DataRecrutement
CFO,Hors Île-de-France,8 ans,Pas de management,Bac +5,DeepTech,"83,73 K€","93,03 K€","116,29 K€",effectif,DataRecrutement
CFO,Hors Île-de-France,10 ans,Pas de management,Bac +5,DeepTech,"93,09 K€","103,43 K€","129,28 K€",effectif,DataRecrutement
CFO,Hors Île-de-France,15 ans,Pas de management,Bac +5,DeepTech,"116,49 K€","129,43 K€","161,78 K€",effectif,DataRecrutement
CFO,Hors Île-de-France,30 ans,Pas de management,Bac +5,DeepTech,"186,69 K€","207,43 K€","259,29 K€",effectif,DataRecrutement
Chief Technology Officer,Hors Île-de-France,0 ans,Pas de management,Bac +5,DeepTech,"46,29 K€","51,43 K€","64,29 K€",effectif,DataRecrutement
Chief Technology Officer,Hors Île-de-France,1 ans,Pas de management,Bac +5,DeepTech,"50,97 K€","56,63 K€","70,79 K€",effectif,DataRecrutement
Chief Technology Officer,Hors Île-de-France,2 ans,Pas de management,Bac +5,DeepTech,"55,65 K€","61,83 K€","77,28 K€",effectif,DataRecrutement
Chief Technology Officer,Hors Île-de-France,3 ans,Pas de management,Bac +5,DeepTech,"60,33 K€","67,03 K€","83,79 K€",effectif,DataRecrutement
Chief Technology Officer,Hors Île-de-France,4 ans,Pas de management,Bac +5,DeepTech,"65,01 K€","72,23 K€","90,29 K€",effectif,DataRecrutement
Chief Technology Officer,Hors Île-de-France,5 ans,Pas de management,Bac +5,DeepTech,"69,69 K€","77,43 K€","96,78 K€",effectif,DataRecrutement
Chief Technology Officer,Hors Île-de-France,8 ans,Pas de management,Bac +5,DeepTech,"83,73 K€","93,03 K€","116,29 K€",effectif,DataRecrutement
Chief Technology Officer,Hors Île-de-France,10 ans,Pas de management,Bac +5,DeepTech,"93,09 K€","103,43 K€","129,28 K€",effectif,DataRecrutement
Chief Technology Officer,Hors Île-de-France,15 ans,Pas de management,Bac +5,DeepTech,"116,49 K€","129,43 K€","161,78 K€",effectif,DataRecrutement
Chief Technology Officer,Hors Île-de-France,30 ans,Pas de management,Bac +5,DeepTech,"186,69 K€","207,43 K€","259,29 K€",effectif,DataRecrutement
Chief People Officer / DRH,Hors Île-de-France,0 ans,Pas de management,Bac +5,DeepTech,"40,37 K€","44,86 K€","56,08 K€",effectif,DataRecrutement
Chief People Officer / DRH,Hors Île-de-France,1 ans,Pas de management,Bac +5,DeepTech,"44,46 K€","49,40 K€","61,75 K€",effectif,DataRecrutement
Chief People Officer / DRH,Hors Île-de-France,2 ans,Pas de management,Bac +5,DeepTech,"48,54 K€","53,93 K€","67,42 K€",effectif,DataRecrutement
Chief People Officer / DRH,Hors Île-de-France,3 ans,Pas de management,Bac +5,DeepTech,"52,62 K€","58,47 K€","73,09 K€",effectif,DataRecrutement
Chief People Officer / DRH,Hors Île-de-France,4 ans,Pas de management,Bac +5,DeepTech,"56,70 K€","63,01 K€","78,76 K€",effectif,DataRecrutement
Chief People Officer / DRH,Hors Île-de-France,5 ans,Pas de management,Bac +5,DeepTech,"60,79 K€","67,54 K€","84,43 K€",effectif,DataRecrutement
Chief People Officer / DRH,Hors Île-de-France,8 ans,Pas de management,Bac +5,DeepTech,"73,03 K€","81,15 K€","101,44 K€",effectif,DataRecrutement
Chief People Officer / DRH,Hors Île-de-France,10 ans,Pas de management,Bac +5,DeepTech,"81,20 K€","90,22 K€","112,78 K€",effectif,DataRecrutement
Chief People Officer / DRH,Hors Île-de-France,15 ans,Pas de management,Bac +5,DeepTech,"101,61 K€","112,90 K€","141,13 K€",effectif,DataRecrutement
Chief People Officer / DRH,Hors Île-de-France,30 ans,Pas de management,Bac +5,DeepTech,"162,85 K€","180,94 K€","226,18 K€",effectif,DataRecrutement
Chief Marketing Officer,Hors Île-de-France,0 ans,Pas de management,Bac +5,DeepTech,"40,94 K€","45,49 K€","56,87 K€",effectif,DataRecrutement
Chief Marketing Officer,Hors Île-de-France,1 ans,Pas de management,Bac +5,DeepTech,"45,08 K€","50,09 K€","62,62 K€",effectif,DataRecrutement
Chief Marketing Officer,Hors Île-de-France,2 ans,Pas de management,Bac +5,DeepTech,"49,22 K€","54,69 K€","68,37 K€",effectif,DataRecrutement
Chief Marketing Officer,Hors Île-de-France,3 ans,Pas de management,Bac +5,DeepTech,"53,36 K€","59,29 K€","74,12 K€",effectif,DataRecrutement
Chief Marketing Officer,Hors Île-de-France,4 ans,Pas de management,Bac +5,DeepTech,"57,50 K€","63,89 K€","79,87 K€",effectif,DataRecrutement
Chief Marketing Officer,Hors Île-de-France,5 ans,Pas de management,Bac +5,DeepTech,"61,64 K€","68,49 K€","85,62 K€",effectif,DataRecrutement
Chief Marketing Officer,Hors Île-de-France,8 ans,Pas de management,Bac +5,DeepTech,"74,06 K€","82,29 K€","102,87 K€",effectif,DataRecrutement
Chief Marketing Officer,Hors Île-de-France,10 ans,Pas de management,Bac +5,DeepTech,"82,34 K€","91,49 K€","114,37 K€",effectif,DataRecrutement
Chief Marketing Officer,Hors Île-de-France,15 ans,Pas de management,Bac +5,DeepTech,"103,04 K€","114,49 K€","143,12 K€",effectif,DataRecrutement
Chief Marketing Officer,Hors Île-de-France,30 ans,Pas de management,Bac +5,DeepTech,"165,14 K€","183,49 K€","229,37 K€",effectif,DataRecrutement
Chief Product Officer,Hors Île-de-France,0 ans,Pas de management,Bac +5,DeepTech,"44,95 K€","49,94 K€","62,43 K€",effectif,DataRecrutement
Chief Product Officer,Hors Île-de-France,1 ans,Pas de management,Bac +5,DeepTech,"49,50 K€","54,99 K€","68,74 K€",effectif,DataRecrutement
Chief Product Officer,Hors Île-de-France,2 ans,Pas de management,Bac +5,DeepTech,"54,04 K€","60,04 K€","75,06 K€",effectif,DataRecrutement
Chief Product Officer,Hors Île-de-France,3 ans,Pas de management,Bac +5,DeepTech,"58,59 K€","65,09 K€","81,37 K€",effectif,DataRecrutement
Chief Product Officer,Hors Île-de-France,4 ans,Pas de management,Bac +5,DeepTech,"63,13 K€","70,14 K€","87,68 K€",effectif,DataRecrutement
Chief Product Officer,Hors Île-de-France,5 ans,Pas de management,Bac +5,DeepTech,"67,68 K€","75,19 K€","93,99 K€",effectif,DataRecrutement
Chief Product Officer,Hors Île-de-France,8 ans,Pas de management,Bac +5,DeepTech,"81,31 K€","90,34 K€","112,93 K€",effectif,DataRecrutement
Chief Product Officer,Hors Île-de-France,10 ans,Pas de management,Bac +5,DeepTech,"90,40 K€","100,44 K€","125,56 K€",effectif,DataRecrutement
Chief Product Officer,Hors Île-de-France,15 ans,Pas de management,Bac +5,DeepTech,"113,13 K€","125,69 K€","157,12 K€",effectif,DataRecrutement
Chief Product Officer,Hors Île-de-France,30 ans,Pas de management,Bac +5,DeepTech,"181,30 K€","201,44 K€","251,81 K€",effectif,DataRecrutement
Chief Sales Officer,Hors Île-de-France,0 ans,Pas de management,Bac +5,DeepTech,"52,96 K€","58,85 K€","73,56 K€",effectif,DataRecrutement
Chief Sales Officer,Hors Île-de-France,1 ans,Pas de management,Bac +5,DeepTech,"58,32 K€","64,80 K€","80,99 K€",effectif,DataRecrutement
Chief Sales Officer,Hors Île-de-France,2 ans,Pas de management,Bac +5,DeepTech,"63,67 K€","70,75 K€","88,43 K€",effectif,DataRecrutement
Chief Sales Officer,Hors Île-de-France,3 ans,Pas de management,Bac +5,DeepTech,"69,03 K€","76,70 K€","95,87 K€",effectif,DataRecrutement
Chief Sales Officer,Hors Île-de-France,4 ans,Pas de management,Bac +5,DeepTech,"74,38 K€","82,65 K€","103,31 K€",effectif,DataRecrutement
Chief Sales Officer,Hors Île-de-France,5 ans,Pas de management,Bac +5,DeepTech,"79,74 K€","88,60 K€","110,74 K€",effectif,DataRecrutement
Chief Sales Officer,Hors Île-de-France,8 ans,Pas de management,Bac +5,DeepTech,"95,80 K€","106,45 K€","133,06 K€",effectif,DataRecrutement
Chief Sales Officer,Hors Île-de-France,10 ans,Pas de management,Bac +5,DeepTech,"106,51 K€","118,35 K€","147,93 K€",effectif,DataRecrutement
Chief Sales Officer,Hors Île-de-France,15 ans,Pas de management,Bac +5,DeepTech,"133,29 K€","148,10 K€","185,12 K€",effectif,DataRecrutement
Chief Sales Officer,Hors Île-de-France,30 ans,Pas de management,Bac +5,DeepTech,"213,61 K€","237,35 K€","296,68 K€",effectif,DataRecrutement
Chief Data Officer,Hors Île-de-France,0 ans,Pas de management,Bac +5,DeepTech,"48,51 K€","53,90 K€","67,38 K€",effectif,DataRecrutement
Chief Data Officer,Hors Île-de-France,1 ans,Pas de management,Bac +5,DeepTech,"53,42 K€","59,35 K€","74,19 K€",effectif,DataRecrutement
Chief Data Officer,Hors Île-de-France,2 ans,Pas de management,Bac +5,DeepTech,"58,32 K€","64,80 K€","81,00 K€",effectif,DataRecrutement
Chief Data Officer,Hors Île-de-France,3 ans,Pas de management,Bac +5,DeepTech,"63,23 K€","70,25 K€","87,81 K€",effectif,DataRecrutement
Chief Data Officer,Hors Île-de-France,4 ans,Pas de management,Bac +5,DeepTech,"68,13 K€","75,70 K€","94,63 K€",effectif,DataRecrutement
Chief Data Officer,Hors Île-de-France,5 ans,Pas de management,Bac +5,DeepTech,"73,04 K€","81,15 K€","101,44 K€",effectif,DataRecrutement
Chief Data Officer,Hors Île-de-France,8 ans,Pas de management,Bac +5,DeepTech,"87,75 K€","97,50 K€","121,88 K€",effectif,DataRecrutement
Chief Data Officer,Hors Île-de-France,10 ans,Pas de management,Bac +5,DeepTech,"97,56 K€","108,40 K€","135,50 K€",effectif,DataRecrutement
Chief Data Officer,Hors Île-de-France,15 ans,Pas de management,Bac +5,DeepTech,"122,09 K€","135,65 K€","169,56 K€",effectif,DataRecrutement
Chief Data Officer,Hors Île-de-France,30 ans,Pas de management,Bac +5,DeepTech,"195,66 K€","217,40 K€","271,75 K€",effectif,DataRecrutement
Talent Acquisition Manager,Hors Île-de-France,0 ans,Pas de management,Bac +5,DeepTech,"36,49 K€","40,55 K€","50,69 K€",effectif,DataRecrutement
Talent Acquisition Manager,Hors Île-de-France,1 ans,Pas de management,Bac +5,DeepTech,"38,38 K€","42,64 K€","53,31 K€",effectif,DataRecrutement
Talent Acquisition Manager,Hors Île-de-France,2 ans,Pas de management,Bac +5,DeepTech,"40,27 K€","44,74 K€","55,92 K€",effectif,DataRecrutement
Talent Acquisition Manager,Hors Île-de-France,3 ans,Pas de management,Bac +5,DeepTech,"42,15 K€","46,83 K€","58,54 K€",effectif,DataRecrutement
Talent Acquisition Manager,Hors Île-de-France,4 ans,Pas de management,Bac +5,DeepTech,"44,04 K€","48,93 K€","61,16 K€",effectif,DataRecrutement
Talent Acquisition Manager,Hors Île-de-France,5 ans,Pas de management,Bac +5,DeepTech,"45,92 K€","51,02 K€","63,78 K€",effectif,DataRecrutement
Talent Acquisition Manager,Hors Île-de-France,8 ans,Pas de management,Bac +5,DeepTech,"51,58 K€","57,31 K€","71,64 K€",effectif,DataRecrutement
Talent Acquisition Manager,Hors Île-de-France,10 ans,Pas de management,Bac +5,DeepTech,"55,35 K€","61,50 K€","76,88 K€",effectif,DataRecrutement
Talent Acquisition Manager,Hors Île-de-France,15 ans,Pas de management,Bac +5,DeepTech,"64,78 K€","71,98 K€","89,97 K€",effectif,DataRecrutement
Talent Acquisition Manager,Hors Île-de-France,30 ans,Pas de management,Bac +5,DeepTech,"93,06 K€","103,40 K€","129,25 K€",effectif,DataRecrutement
Architecte,Hors Île-de-France,0 ans,Pas de management,Bac +5,DeepTech,"41,67 K€","46,30 K€","57,88 K€",effectif,DataRecrutement
Architecte,Hors Île-de-France,1 ans,Pas de management,Bac +5,DeepTech,"43,82 K€","48,69 K€","60,87 K€",effectif,DataRecrutement
Architecte,Hors Île-de-France,2 ans,Pas de management,Bac +5,DeepTech,"45,98 K€","51,09 K€","63,86 K€",effectif,DataRecrutement
Architecte,Hors Île-de-France,3 ans,Pas de management,Bac +5,DeepTech,"48,13 K€","53,48 K€","66,85 K€",effectif,DataRecrutement
Architecte,Hors Île-de-France,4 ans,Pas de management,Bac +5,DeepTech,"50,28 K€","55,87 K€","69,84 K€",effectif,DataRecrutement
Architecte,Hors Île-de-France,5 ans,Pas de management,Bac +5,DeepTech,"52,44 K€","58,26 K€","72,83 K€",effectif,DataRecrutement
Architecte,Hors Île-de-France,8 ans,Pas de management,Bac +5,DeepTech,"58,90 K€","65,44 K€","81,80 K€",effectif,DataRecrutement
Architecte,Hors Île-de-France,10 ans,Pas de management,Bac +5,DeepTech,"63,20 K€","70,22 K€","87,78 K€",effectif,DataRecrutement
Architecte,Hors Île-de-France,15 ans,Pas de management,Bac +5,DeepTech,"73,97 K€","82,19 K€","102,73 K€",effectif,DataRecrutement
Architecte,Hors Île-de-France,30 ans,Pas de management,Bac +5,DeepTech,"106,26 K€","118,07 K€","147,59 K€",effectif,DataRecrutement
Back-end engineer,Hors Île-de-France,0 ans,Pas de management,Bac +5,DeepTech,"37,55 K€","41,72 K€","52,15 K€",effectif,DataRecrutement
Back-end engineer,Hors Île-de-France,1 ans,Pas de management,Bac +5,DeepTech,"39,49 K€","43,88 K€","54,85 K€",effectif,DataRecrutement
Back-end engineer,Hors Île-de-France,2 ans,Pas de management,Bac +5,DeepTech,"41,43 K€","46,03 K€","57,54 K€",effectif,DataRecrutement
Back-end engineer,Hors Île-de-France,3 ans,Pas de management,Bac +5,DeepTech,"43,37 K€","48,19 K€","60,24 K€",effectif,DataRecrutement
Back-end engineer,Hors Île-de-France,4 ans,Pas de management,Bac +5,DeepTech,"45,31 K€","50,34 K€","62,93 K€",effectif,DataRecrutement
Back-end engineer,Hors Île-de-France,5 ans,Pas de management,Bac +5,DeepTech,"47,25 K€","52,50 K€","65,63 K€",effectif,DataRecrutement
Back-end engineer,Hors Île-de-France,8 ans,Pas de management,Bac +5,DeepTech,"53,07 K€","58,97 K€","73,71 K€",effectif,DataRecrutement
Back-end engineer,Hors Île-de-France,10 ans,Pas de management,Bac +5,DeepTech,"56,95 K€","63,28 K€","79,10 K€",effectif,DataRecrutement
Back-end engineer,Hors Île-de-France,15 ans,Pas de management,Bac +5,DeepTech,"66,65 K€","74,06 K€","92,57 K€",effectif,DataRecrutement
Back-end engineer,Hors Île-de-France,30 ans,Pas de management,Bac +5,DeepTech,"95,75 K€","106,39 K€","132,99 K€",effectif,DataRecrutement
Front-end engineer,Hors Île-de-France,0 ans,Pas de management,Bac +5,DeepTech,"37,50 K€","41,67 K€","52,09 K€",effectif,DataRecrutement
Front-end engineer,Hors Île-de-France,1 ans,Pas de management,Bac +5,DeepTech,"39,44 K€","43,82 K€","54,78 K€",effectif,DataRecrutement
Front-end engineer,Hors Île-de-France,2 ans,Pas de management,Bac +5,DeepTech,"41,38 K€","45,98 K€","57,47 K€",effectif,DataRecrutement
Front-end engineer,Hors Île-de-France,3 ans,Pas de management,Bac +5,DeepTech,"43,32 K€","48,13 K€","60,16 K€",effectif,DataRecrutement
Front-end engineer,Hors Île-de-France,4 ans,Pas de management,Bac +5,DeepTech,"45,25 K€","50,28 K€","62,85 K€",effectif,DataRecrutement
Front-end engineer,Hors Île-de-France,5 ans,Pas de management,Bac +5,DeepTech,"47,19 K€","52,44 K€","65,54 K€",effectif,DataRecrutement
Front-end engineer,Hors Île-de-France,8 ans,Pas de management,Bac +5,DeepTech,"53,01 K€","58,89 K€","73,62 K€",effectif,DataRecrutement
Front-end engineer,Hors Île-de-France,10 ans,Pas de management,Bac +5,DeepTech,"56,88 K€","63,20 K€","79,00 K€",effectif,DataRecrutement
Front-end engineer,Hors Île-de-France,15 ans,Pas de management,Bac +5,DeepTech,"66,57 K€","73,97 K€","92,46 K€",effectif,DataRecrutement
Front-end engineer,Hors Île-de-France,30 ans,Pas de management,Bac +5,DeepTech,"95,64 K€","106,26 K€","132,83 K€",effectif,DataRecrutement
Full stack engineer,Hors Île-de-France,0 ans,Pas de management,Bac +5,DeepTech,"37,88 K€","42,09 K€","52,61 K€",effectif,DataRecrutement
Full stack engineer,Hors Île-de-France,1 ans,Pas de management,Bac +5,DeepTech,"39,84 K€","44,27 K€","55,33 K€",effectif,DataRecrutement
Full stack engineer,Hors Île-de-France,2 ans,Pas de management,Bac +5,DeepTech,"41,80 K€","46,44 K€","58,05 K€",effectif,DataRecrutement
Full stack engineer,Hors Île-de-France,3 ans,Pas de management,Bac +5,DeepTech,"43,75 K€","48,62 K€","60,77 K€",effectif,DataRecrutement
Full stack engineer,Hors Île-de-France,4 ans,Pas de management,Bac +5,DeepTech,"45,71 K€","50,79 K€","63,49 K€",effectif,DataRecrutement
Full stack engineer,Hors Île-de-France,5 ans,Pas de management,Bac +5,DeepTech,"47,67 K€","52,97 K€","66,21 K€",effectif,DataRecrutement
Full stack engineer,Hors Île-de-France,8 ans,Pas de management,Bac +5,DeepTech,"53,54 K€","59,49 K€","74,36 K€",effectif,DataRecrutement
Full stack engineer,Hors Île-de-France,10 ans,Pas de management,Bac +5,DeepTech,"57,46 K€","63,84 K€","79,80 K€",effectif,DataRecrutement
Full stack engineer,Hors Île-de-France,15 ans,Pas de management,Bac +5,DeepTech,"67,24 K€","74,71 K€","93,39 K€",effectif,DataRecrutement
Full stack engineer,Hors Île-de-France,30 ans,Pas de management,Bac +5,DeepTech,"96,60 K€","107,34 K€","134,17 K€",effectif,DataRecrutement
C++ engineer,Hors Île-de-France,0 ans,Pas de management,Bac +5,DeepTech,"37,50 K€","41,67 K€","52,09 K€",effectif,DataRecrutement
C++ engineer,Hors Île-de-France,1 ans,Pas de management,Bac +5,DeepTech,"39,44 K€","43,82 K€","54,78 K€",effectif,DataRecrutement
C++ engineer,Hors Île-de-France,2 ans,Pas de management,Bac +5,DeepTech,"41,38 K€","45,98 K€","57,47 K€",effectif,DataRecrutement
C++ engineer,Hors Île-de-France,3 ans,Pas de management,Bac +5,DeepTech,"43,32 K€","48,13 K€","60,16 K€",effectif,DataRecrutement
C++ engineer,Hors Île-de-France,4 ans,Pas de management,Bac +5,DeepTech,"45,25 K€","50,28 K€","62,85 K€",effectif,DataRecrutement
C++ engineer,Hors Île-de-France,5 ans,Pas de management,Bac +5,DeepTech,"47,19 K€","52,44 K€","65,54 K€",effectif,DataRecrutement
C++ engineer,Hors Île-de-France,8 ans,Pas de management,Bac +5,DeepTech,"53,01 K€","58,89 K€","73,62 K€",effectif,DataRecrutement
C++ engineer,Hors Île-de-France,10 ans,Pas de management,Bac +5,DeepTech,"56,88 K€","63,20 K€","79,00 K€",effectif,DataRecrutement
C++ engineer,Hors Île-de-France,15 ans,Pas de management,Bac +5,DeepTech,"66,57 K€","73,97 K€","92,46 K€",effectif,DataRecrutement
C++ engineer,Hors Île-de-France,30 ans,Pas de management,Bac +5,DeepTech,"95,64 K€","106,26 K€","132,83 K€",effectif,DataRecrutement
C# engineer,Hors Île-de-France,0 ans,Pas de management,Bac +5,DeepTech,"39,02 K€","43,35 K€","54,19 K€",effectif,DataRecrutement
C# engineer,Hors Île-de-France,1 ans,Pas de management,Bac +5,DeepTech,"41,04 K€","45,59 K€","56,99 K€",effectif,DataRecrutement
C# engineer,Hors Île-de-France,2 ans,Pas de management,Bac +5,DeepTech,"43,05 K€","47,83 K€","59,79 K€",effectif,DataRecrutement
C# engineer,Hors Île-de-France,3 ans,Pas de management,Bac +5,DeepTech,"45,07 K€","50,08 K€","62,59 K€",effectif,DataRecrutement
C# engineer,Hors Île-de-France,4 ans,Pas de management,Bac +5,DeepTech,"47,08 K€","52,32 K€","65,39 K€",effectif,DataRecrutement
C# engineer,Hors Île-de-France,5 ans,Pas de management,Bac +5,DeepTech,"49,10 K€","54,56 K€","68,19 K€",effectif,DataRecrutement
C# engineer,Hors Île-de-France,8 ans,Pas de management,Bac +5,DeepTech,"55,15 K€","61,28 K€","76,59 K€",effectif,DataRecrutement
C# engineer,Hors Île-de-France,10 ans,Pas de management,Bac +5,DeepTech,"59,18 K€","65,76 K€","82,19 K€",effectif,DataRecrutement
C# engineer,Hors Île-de-France,15 ans,Pas de management,Bac +5,DeepTech,"69,26 K€","76,96 K€","96,19 K€",effectif,DataRecrutement
C# engineer,Hors Île-de-France,30 ans,Pas de management,Bac +5,DeepTech,"99,50 K€","110,56 K€","138,20 K€",effectif,DataRecrutement
Intégrateur web,Hors Île-de-France,0 ans,Pas de management,Bac +5,DeepTech,"33,09 K€","36,77 K€","45,96 K€",effectif,DataRecrutement
Intégrateur web,Hors Île-de-France,1 ans,Pas de management,Bac +5,DeepTech,"34,80 K€","38,66 K€","48,33 K€",effectif,DataRecrutement
Intégrateur web,Hors Île-de-France,2 ans,Pas de management,Bac +5,DeepTech,"36,50 K€","40,56 K€","50,70 K€",effectif,DataRecrutement
Intégrateur web,Hors Île-de-France,3 ans,Pas de management,Bac +5,DeepTech,"38,21 K€","42,45 K€","53,07 K€",effectif,DataRecrutement
Intégrateur web,Hors Île-de-France,4 ans,Pas de management,Bac +5,DeepTech,"39,92 K€","44,35 K€","55,44 K€",effectif,DataRecrutement
Intégrateur web,Hors Île-de-France,5 ans,Pas de management,Bac +5,DeepTech,"41,62 K€","46,25 K€","57,81 K€",effectif,DataRecrutement
Intégrateur web,Hors Île-de-France,8 ans,Pas de management,Bac +5,DeepTech,"46,74 K€","51,93 K€","64,92 K€",effectif,DataRecrutement
Intégrateur web,Hors Île-de-France,10 ans,Pas de management,Bac +5,DeepTech,"50,15 K€","55,73 K€","69,66 K€",effectif,DataRecrutement
Intégrateur web,Hors Île-de-France,15 ans,Pas de management,Bac +5,DeepTech,"58,69 K€","65,21 K€","81,51 K€",effectif,DataRecrutement
Intégrateur web,Hors Île-de-France,30 ans,Pas de management,Bac +5,DeepTech,"84,28 K€","93,65 K€","117,06 K€",effectif,DataRecrutement
Java engineer,Hors Île-de-France,0 ans,Pas de management,Bac +5,DeepTech,"36,69 K€","40,77 K€","50,96 K€",effectif,DataRecrutement
Java engineer,Hors Île-de-France,1 ans,Pas de management,Bac +5,DeepTech,"38,58 K€","42,87 K€","53,58 K€",effectif,DataRecrutement
Java engineer,Hors Île-de-France,2 ans,Pas de management,Bac +5,DeepTech,"40,47 K€","44,97 K€","56,21 K€",effectif,DataRecrutement
Java engineer,Hors Île-de-France,3 ans,Pas de management,Bac +5,DeepTech,"42,36 K€","47,06 K€","58,83 K€",effectif,DataRecrutement
Java engineer,Hors Île-de-France,4 ans,Pas de management,Bac +5,DeepTech,"44,25 K€","49,16 K€","61,45 K€",effectif,DataRecrutement
Java engineer,Hors Île-de-France,5 ans,Pas de management,Bac +5,DeepTech,"46,13 K€","51,26 K€","64,08 K€",effectif,DataRecrutement
Java engineer,Hors Île-de-France,8 ans,Pas de management,Bac +5,DeepTech,"51,80 K€","57,56 K€","71,94 K€",effectif,DataRecrutement
Java engineer,Hors Île-de-France,10 ans,Pas de management,Bac +5,DeepTech,"55,58 K€","61,75 K€","77,19 K€",effectif,DataRecrutement
Java engineer,Hors Île-de-France,15 ans,Pas de management,Bac +5,DeepTech,"65,02 K€","72,24 K€","90,30 K€",effectif,DataRecrutement
Java engineer,Hors Île-de-France,30 ans,Pas de management,Bac +5,DeepTech,"93,35 K€","103,72 K€","129,65 K€",effectif,DataRecrutement
Node.js engineer,Hors Île-de-France,0 ans,Pas de management,Bac +5,DeepTech,"42,43 K€","47,14 K€","58,93 K€",effectif,DataRecrutement
Node.js engineer,Hors Île-de-France,1 ans,Pas de management,Bac +5,DeepTech,"44,62 K€","49,58 K€","61,97 K€",effectif,DataRecrutement
Node.js engineer,Hors Île-de-France,2 ans,Pas de management,Bac +5,DeepTech,"46,81 K€","52,01 K€","65,02 K€",effectif,DataRecrutement
Node.js engineer,Hors Île-de-France,3 ans,Pas de management,Bac +5,DeepTech,"49,01 K€","54,45 K€","68,06 K€",effectif,DataRecrutement
Node.js engineer,Hors Île-de-France,4 ans,Pas de management,Bac +5,DeepTech,"51,20 K€","56,89 K€","71,11 K€",effectif,DataRecrutement
Node.js engineer,Hors Île-de-France,5 ans,Pas de management,Bac +5,DeepTech,"53,39 K€","59,32 K€","74,15 K€",effectif,DataRecrutement
Node.js engineer,Hors Île-de-France,8 ans,Pas de management,Bac +5,DeepTech,"59,97 K€","66,63 K€","83,29 K€",effectif,DataRecrutement
Node.js engineer,Hors Île-de-France,10 ans,Pas de management,Bac +5,DeepTech,"64,35 K€","71,50 K€","89,38 K€",effectif,DataRecrutement
Node.js engineer,Hors Île-de-France,15 ans,Pas de management,Bac +5,DeepTech,"75,31 K€","83,68 K€","104,60 K€",effectif,DataRecrutement
Node.js engineer,Hors Île-de-France,30 ans,Pas de management,Bac +5,DeepTech,"108,19 K€","120,22 K€","150,27 K€",effectif,DataRecrutement
PHP engineer,Hors Île-de-France,0 ans,Pas de management,Bac +5,DeepTech,"34,09 K€","37,88 K€","47,35 K€",effectif,DataRecrutement
PHP engineer,Hors Île-de-France,1 ans,Pas de management,Bac +5,DeepTech,"35,85 K€","39,84 K€","49,80 K€",effectif,DataRecrutement
PHP engineer,Hors Île-de-France,2 ans,Pas de management,Bac +5,DeepTech,"37,61 K€","41,79 K€","52,24 K€",effectif,DataRecrutement
PHP engineer,Hors Île-de-France,3 ans,Pas de management,Bac +5,DeepTech,"39,37 K€","43,74 K€","54,68 K€",effectif,DataRecrutement
PHP engineer,Hors Île-de-France,4 ans,Pas de management,Bac +5,DeepTech,"41,13 K€","45,70 K€","57,12 K€",effectif,DataRecrutement
PHP engineer,Hors Île-de-France,5 ans,Pas de management,Bac +5,DeepTech,"42,89 K€","47,65 K€","59,56 K€",effectif,DataRecrutement
PHP engineer,Hors Île-de-France,8 ans,Pas de management,Bac +5,DeepTech,"48,16 K€","53,51 K€","66,89 K€",effectif,DataRecrutement
PHP engineer,Hors Île-de-France,10 ans,Pas de management,Bac +5,DeepTech,"51,68 K€","57,42 K€","71,77 K€",effectif,DataRecrutement
PHP engineer,Hors Île-de-France,15 ans,Pas de management,Bac +5,DeepTech,"60,47 K€","67,19 K€","83,98 K€",effectif,DataRecrutement
PHP engineer,Hors Île-de-France,30 ans,Pas de management,Bac +5,DeepTech,"86,84 K€","96,49 K€","120,61 K€",effectif,DataRecrutement
Python engineer,Hors Île-de-France,0 ans,Pas de management,Bac +5,DeepTech,"40,91 K€","45,46 K€","56,82 K€",effectif,DataRecrutement
Python engineer,Hors Île-de-France,1 ans,Pas de management,Bac +5,DeepTech,"43,02 K€","47,80 K€","59,75 K€",effectif,DataRecrutement
Python engineer,Hors Île-de-France,2 ans,Pas de management,Bac +5,DeepTech,"45,13 K€","50,15 K€","62,68 K€",effectif,DataRecrutement
Python engineer,Hors Île-de-France,3 ans,Pas de management,Bac +5,DeepTech,"47,24 K€","52,49 K€","65,62 K€",effectif,DataRecrutement
Python engineer,Hors Île-de-France,4 ans,Pas de management,Bac +5,DeepTech,"49,35 K€","54,84 K€","68,55 K€",effectif,DataRecrutement
Python engineer,Hors Île-de-France,5 ans,Pas de management,Bac +5,DeepTech,"51,46 K€","57,18 K€","71,48 K€",effectif,DataRecrutement
Python engineer,Hors Île-de-France,8 ans,Pas de management,Bac +5,DeepTech,"57,79 K€","64,21 K€","80,27 K€",effectif,DataRecrutement
Python engineer,Hors Île-de-France,10 ans,Pas de management,Bac +5,DeepTech,"62,01 K€","68,90 K€","86,13 K€",effectif,DataRecrutement
Python engineer,Hors Île-de-France,15 ans,Pas de management,Bac +5,DeepTech,"72,56 K€","80,62 K€","100,78 K€",effectif,DataRecrutement
Python engineer,Hors Île-de-France,30 ans,Pas de management,Bac +5,DeepTech,"104,21 K€","115,79 K€","144,73 K€",effectif,DataRecrutement
Ruby engineer,Hors Île-de-France,0 ans,Pas de management,Bac +5,DeepTech,"39,02 K€","43,35 K€","54,19 K€",effectif,DataRecrutement
Ruby engineer,Hors Île-de-France,1 ans,Pas de management,Bac +5,DeepTech,"41,04 K€","45,59 K€","56,99 K€",effectif,DataRecrutement
Ruby engineer,Hors Île-de-France,2 ans,Pas de management,Bac +5,DeepTech,"43,05 K€","47,83 K€","59,79 K€",effectif,DataRecrutement
Ruby engineer,Hors Île-de-France,3 ans,Pas de management,Bac +5,DeepTech,"45,07 K€","50,08 K€","62,59 K€",effectif,DataRecrutement
Ruby engineer,Hors Île-de-France,4 ans,Pas de management,Bac +5,DeepTech,"47,08 K€","52,32 K€","65,39 K€",effectif,DataRecrutement
Ruby engineer,Hors Île-de-France,5 ans,Pas de management,Bac +5,DeepTech,"49,10 K€","54,56 K€","68,19 K€",effectif,DataRecrutement
Ruby engineer,Hors Île-de-France,8 ans,Pas de management,Bac +5,DeepTech,"55,15 K€","61,28 K€","76,59 K€",effectif,DataRecrutement
Ruby engineer,Hors Île-de-France,10 ans,Pas de management,Bac +5,DeepTech,"59,18 K€","65,76 K€","82,19 K€",effectif,DataRecrutement
Ruby engineer,Hors Île-de-France,15 ans,Pas de management,Bac +5,DeepTech,"69,26 K€","76,96 K€","96,19 K€",effectif,DataRecrutement
Ruby engineer,Hors Île-de-France,30 ans,Pas de management,Bac +5,DeepTech,"99,50 K€","110,56 K€","138,20 K€",effectif,DataRecrutement
Scala engineer,Hors Île-de-France,0 ans,Pas de management,Bac +5,DeepTech,"40,16 K€","44,62 K€","55,77 K€",effectif,DataRecrutement
Scala engineer,Hors Île-de-France,1 ans,Pas de management,Bac +5,DeepTech,"42,23 K€","46,92 K€","58,65 K€",effectif,DataRecrutement
Scala engineer,Hors Île-de-France,2 ans,Pas de management,Bac +5,DeepTech,"44,31 K€","49,23 K€","61,54 K€",effectif,DataRecrutement
Scala engineer,Hors Île-de-France,3 ans,Pas de management,Bac +5,DeepTech,"46,38 K€","51,53 K€","64,42 K€",effectif,DataRecrutement
Scala engineer,Hors Île-de-France,4 ans,Pas de management,Bac +5,DeepTech,"48,46 K€","53,84 K€","67,30 K€",effectif,DataRecrutement
Scala engineer,Hors Île-de-France,5 ans,Pas de management,Bac +5,DeepTech,"50,53 K€","56,14 K€","70,18 K€",effectif,DataRecrutement
Scala engineer,Hors Île-de-France,8 ans,Pas de management,Bac +5,DeepTech,"56,75 K€","63,06 K€","78,83 K€",effectif,DataRecrutement
Scala engineer,Hors Île-de-France,10 ans,Pas de management,Bac +5,DeepTech,"60,90 K€","67,67 K€","84,59 K€",effectif,DataRecrutement
Scala engineer,Hors Île-de-France,15 ans,Pas de management,Bac +5,DeepTech,"71,28 K€","79,20 K€","99,00 K€",effectif,DataRecrutement
Scala engineer,Hors Île-de-France,30 ans,Pas de management,Bac +5,DeepTech,"102,40 K€","113,78 K€","142,22 K€",effectif,DataRecrutement
Android engineer,Hors Île-de-France,0 ans,Pas de management,Bac +5,DeepTech,"40,16 K€","44,62 K€","55,77 K€",effectif,DataRecrutement
Android engineer,Hors Île-de-France,1 ans,Pas de management,Bac +5,DeepTech,"42,23 K€","46,92 K€","58,65 K€",effectif,DataRecrutement
Android engineer,Hors Île-de-France,2 ans,Pas de management,Bac +5,DeepTech,"44,31 K€","49,23 K€","61,54 K€",effectif,DataRecrutement
Android engineer,Hors Île-de-France,3 ans,Pas de management,Bac +5,DeepTech,"46,38 K€","51,53 K€","64,42 K€",effectif,DataRecrutement
Android engineer,Hors Île-de-France,4 ans,Pas de management,Bac +5,DeepTech,"48,46 K€","53,84 K€","67,30 K€",effectif,DataRecrutement
Android engineer,Hors Île-de-France,5 ans,Pas de management,Bac +5,DeepTech,"50,53 K€","56,14 K€","70,18 K€",effectif,DataRecrutement
Android engineer,Hors Île-de-France,8 ans,Pas de management,Bac +5,DeepTech,"56,75 K€","63,06 K€","78,83 K€",effectif,DataRecrutement
Android engineer,Hors Île-de-France,10 ans,Pas de management,Bac +5,DeepTech,"60,90 K€","67,67 K€","84,59 K€",effectif,DataRecrutement
Android engineer,Hors Île-de-France,15 ans,Pas de management,Bac +5,DeepTech,"71,28 K€","79,20 K€","99,00 K€",effectif,DataRecrutement
Android engineer,Hors Île-de-France,30 ans,Pas de management,Bac +5,DeepTech,"102,40 K€","113,78 K€","142,22 K€",effectif,DataRecrutement
iOS engineer,Hors Île-de-France,0 ans,Pas de management,Bac +5,DeepTech,"40,53 K€","45,04 K€","56,30 K€",effectif,DataRecrutement
iOS engineer,Hors Île-de-France,1 ans,Pas de management,Bac +5,DeepTech,"42,63 K€","47,37 K€","59,21 K€",effectif,DataRecrutement
iOS engineer,Hors Île-de-France,2 ans,Pas de management,Bac +5,DeepTech,"44,72 K€","49,69 K€","62,12 K€",effectif,DataRecrutement
iOS engineer,Hors Île-de-France,3 ans,Pas de management,Bac +5,DeepTech,"46,82 K€","52,02 K€","65,02 K€",effectif,DataRecrutement
iOS engineer,Hors Île-de-France,4 ans,Pas de management,Bac +5,DeepTech,"48,91 K€","54,35 K€","67,93 K€",effectif,DataRecrutement
iOS engineer,Hors Île-de-France,5 ans,Pas de management,Bac +5,DeepTech,"51,01 K€","56,67 K€","70,84 K€",effectif,DataRecrutement
iOS engineer,Hors Île-de-France,8 ans,Pas de management,Bac +5,DeepTech,"57,29 K€","63,65 K€","79,57 K€",effectif,DataRecrutement
iOS engineer,Hors Île-de-France,10 ans,Pas de management,Bac +5,DeepTech,"61,48 K€","68,31 K€","85,39 K€",effectif,DataRecrutement
iOS engineer,Hors Île-de-France,15 ans,Pas de management,Bac +5,DeepTech,"71,95 K€","79,94 K€","99,93 K€",effectif,DataRecrutement
iOS engineer,Hors Île-de-France,30 ans,Pas de management,Bac +5,DeepTech,"103,36 K€","114,85 K€","143,56 K€",effectif,DataRecrutement
Devops / SRE engineer,Hors Île-de-France,0 ans,Pas de management,Bac +5,DeepTech,"41,67 K€","46,30 K€","57,88 K€",effectif,DataRecrutement
Devops / SRE engineer,Hors Île-de-France,1 ans,Pas de management,Bac +5,DeepTech,"43,40 K€","48,23 K€","60,28 K€",effectif,DataRecrutement
Devops / SRE engineer,Hors Île-de-France,2 ans,Pas de management,Bac +5,DeepTech,"45,13 K€","50,15 K€","62,69 K€",effectif,DataRecrutement
Devops / SRE engineer,Hors Île-de-France,3 ans,Pas de management,Bac +5,DeepTech,"46,87 K€","52,07 K€","65,09 K€",effectif,DataRecrutement
Devops / SRE engineer,Hors Île-de-France,4 ans,Pas de management,Bac +5,DeepTech,"48,60 K€","54,00 K€","67,50 K€",effectif,DataRecrutement
Devops / SRE engineer,Hors Île-de-France,5 ans,Pas de management,Bac +5,DeepTech,"50,33 K€","55,92 K€","69,90 K€",effectif,DataRecrutement
Devops / SRE engineer,Hors Île-de-France,8 ans,Pas de management,Bac +5,DeepTech,"55,52 K€","61,69 K€","77,12 K€",effectif,DataRecrutement
Devops / SRE engineer,Hors Île-de-France,10 ans,Pas de management,Bac +5,DeepTech,"58,99 K€","65,54 K€","81,93 K€",effectif,DataRecrutement
Devops / SRE engineer,Hors Île-de-France,15 ans,Pas de management,Bac +5,DeepTech,"67,65 K€","75,16 K€","93,95 K€",effectif,DataRecrutement
Devops / SRE engineer,Hors Île-de-France,30 ans,Pas de management,Bac +5,DeepTech,"93,62 K€","104,03 K€","130,03 K€",effectif,DataRecrutement
Head of Infrastructure / Cloud Architect,Hors Île-de-France,0 ans,Pas de management,Bac +5,DeepTech,"42,43 K€","47,14 K€","58,93 K€",effectif,DataRecrutement
Head of Infrastructure / Cloud Architect,Hors Île-de-France,1 ans,Pas de management,Bac +5,DeepTech,"45,91 K€","51,01 K€","63,76 K€",effectif,DataRecrutement
Head of Infrastructure / Cloud Architect,Hors Île-de-France,2 ans,Pas de management,Bac +5,DeepTech,"49,39 K€","54,87 K€","68,59 K€",effectif,DataRecrutement
Head of Infrastructure / Cloud Architect,Hors Île-de-France,3 ans,Pas de management,Bac +5,DeepTech,"52,87 K€","58,74 K€","73,43 K€",effectif,DataRecrutement
Head of Infrastructure / Cloud Architect,Hors Île-de-France,4 ans,Pas de management,Bac +5,DeepTech,"56,35 K€","62,61 K€","78,26 K€",effectif,DataRecrutement
Head of Infrastructure / Cloud Architect,Hors Île-de-France,5 ans,Pas de management,Bac +5,DeepTech,"59,82 K€","66,47 K€","83,09 K€",effectif,DataRecrutement
Head of Infrastructure / Cloud Architect,Hors Île-de-France,8 ans,Pas de management,Bac +5,DeepTech,"70,26 K€","78,07 K€","97,59 K€",effectif,DataRecrutement
Head of Infrastructure / Cloud Architect,Hors Île-de-France,10 ans,Pas de management,Bac +5,DeepTech,"77,22 K€","85,80 K€","107,25 K€",effectif,DataRecrutement
Head of Infrastructure / Cloud Architect,Hors Île-de-France,15 ans,Pas de management,Bac +5,DeepTech,"94,62 K€","105,13 K€","131,41 K€",effectif,DataRecrutement
Head of Infrastructure / Cloud Architect,Hors Île-de-France,30 ans,Pas de management,Bac +5,DeepTech,"146,80 K€","163,12 K€","203,90 K€",effectif,DataRecrutement
QA engineer,Hors Île-de-France,0 ans,Pas de management,Bac +5,DeepTech,"34,09 K€","37,88 K€","47,35 K€",effectif,DataRecrutement
QA engineer,Hors Île-de-France,1 ans,Pas de management,Bac +5,DeepTech,"35,86 K€","39,84 K€","49,80 K€",effectif,DataRecrutement
QA engineer,Hors Île-de-France,2 ans,Pas de management,Bac +5,DeepTech,"37,62 K€","41,80 K€","52,25 K€",effectif,DataRecrutement
QA engineer,Hors Île-de-France,3 ans,Pas de management,Bac +5,DeepTech,"39,38 K€","43,75 K€","54,69 K€",effectif,DataRecrutement
QA engineer,Hors Île-de-France,4 ans,Pas de management,Bac +5,DeepTech,"41,14 K€","45,71 K€","57,14 K€",effectif,DataRecrutement
QA engineer,Hors Île-de-France,5 ans,Pas de management,Bac +5,DeepTech,"42,90 K€","47,67 K€","59,59 K€",effectif,DataRecrutement
QA engineer,Hors Île-de-France,8 ans,Pas de management,Bac +5,DeepTech,"48,19 K€","53,54 K€","66,93 K€",effectif,DataRecrutement
QA engineer,Hors Île-de-France,10 ans,Pas de management,Bac +5,DeepTech,"51,71 K€","57,46 K€","71,82 K€",effectif,DataRecrutement
QA engineer,Hors Île-de-France,15 ans,Pas de management,Bac +5,DeepTech,"60,52 K€","67,24 K€","84,05 K€",effectif,DataRecrutement
QA engineer,Hors Île-de-France,30 ans,Pas de management,Bac +5,DeepTech,"86,94 K€","96,60 K€","120,75 K€",effectif,DataRecrutement
Network Security engineer,Hors Île-de-France,0 ans,Pas de management,Bac +5,DeepTech,"37,88 K€","42,09 K€","52,61 K€",effectif,DataRecrutement
Network Security engineer,Hors Île-de-France,1 ans,Pas de management,Bac +5,DeepTech,"39,84 K€","44,27 K€","55,33 K€",effectif,DataRecrutement
Network Security engineer,Hors Île-de-France,2 ans,Pas de management,Bac +5,DeepTech,"41,80 K€","46,44 K€","58,05 K€",effectif,DataRecrutement
Network Security engineer,Hors Île-de-France,3 ans,Pas de management,Bac +5,DeepTech,"43,75 K€","48,62 K€","60,77 K€",effectif,DataRecrutement
Network Security engineer,Hors Île-de-France,4 ans,Pas de management,Bac +5,DeepTech,"45,71 K€","50,79 K€","63,49 K€",effectif,DataRecrutement
Network Security engineer,Hors Île-de-France,5 ans,Pas de management,Bac +5,DeepTech,"47,67 K€","52,97 K€","66,21 K€",effectif,DataRecrutement
Network Security engineer,Hors Île-de-France,8 ans,Pas de management,Bac +5,DeepTech,"53,54 K€","59,49 K€","74,36 K€",effectif,DataRecrutement
Network Security engineer,Hors Île-de-France,10 ans,Pas de management,Bac +5,DeepTech,"57,46 K€","63,84 K€","79,80 K€",effectif,DataRecrutement
Network Security engineer,Hors Île-de-France,15 ans,Pas de management,Bac +5,DeepTech,"67,24 K€","74,71 K€","93,39 K€",effectif,DataRecrutement
Network Security engineer,Hors Île-de-France,30 ans,Pas de management,Bac +5,DeepTech,"96,60 K€","107,34 K€","134,17 K€",effectif,DataRecrutement
Machine Learning Engineer,Hors Île-de-France,0 ans,Pas de management,Bac +5,DeepTech,"40,95 K€","45,50 K€","56,88 K€",effectif,DataRecrutement
Machine Learning Engineer,Hors Île-de-France,1 ans,Pas de management,Bac +5,DeepTech,"43,07 K€","47,85 K€","59,81 K€",effectif,DataRecrutement
Machine Learning Engineer,Hors Île-de-France,2 ans,Pas de management,Bac +5,DeepTech,"45,18 K€","50,20 K€","62,75 K€",effectif,DataRecrutement
Machine Learning Engineer,Hors Île-de-France,3 ans,Pas de management,Bac +5,DeepTech,"47,30 K€","52,55 K€","65,69 K€",effectif,DataRecrutement
Machine Learning Engineer,Hors Île-de-France,4 ans,Pas de management,Bac +5,DeepTech,"49,41 K€","54,90 K€","68,63 K€",effectif,DataRecrutement
Machine Learning Engineer,Hors Île-de-France,5 ans,Pas de management,Bac +5,DeepTech,"51,53 K€","57,26 K€","71,57 K€",effectif,DataRecrutement
Machine Learning Engineer,Hors Île-de-France,8 ans,Pas de management,Bac +5,DeepTech,"57,88 K€","64,31 K€","80,39 K€",effectif,DataRecrutement
Machine Learning Engineer,Hors Île-de-France,10 ans,Pas de management,Bac +5,DeepTech,"62,11 K€","69,01 K€","86,26 K€",effectif,DataRecrutement
Machine Learning Engineer,Hors Île-de-France,15 ans,Pas de management,Bac +5,DeepTech,"72,69 K€","80,77 K€","100,96 K€",effectif,DataRecrutement
Machine Learning Engineer,Hors Île-de-France,30 ans,Pas de management,Bac +5,DeepTech,"104,43 K€","116,03 K€","145,04 K€",effectif,DataRecrutement
Data Scientist,Hors Île-de-France,0 ans,Pas de management,Bac +5,DeepTech,"45,35 K€","50,38 K€","62,98 K€",effectif,DataRecrutement
Data Scientist,Hors Île-de-France,1 ans,Pas de management,Bac +5,DeepTech,"47,69 K€","52,99 K€","66,23 K€",effectif,DataRecrutement
Data Scientist,Hors Île-de-France,2 ans,Pas de management,Bac +5,DeepTech,"50,03 K€","55,59 K€","69,49 K€",effectif,DataRecrutement
Data Scientist,Hors Île-de-France,3 ans,Pas de management,Bac +5,DeepTech,"52,37 K€","58,19 K€","72,74 K€",effectif,DataRecrutement
Data Scientist,Hors Île-de-France,4 ans,Pas de management,Bac +5,DeepTech,"54,72 K€","60,80 K€","76,00 K€",effectif,DataRecrutement
Data Scientist,Hors Île-de-France,5 ans,Pas de management,Bac +5,DeepTech,"57,06 K€","63,40 K€","79,25 K€",effectif,DataRecrutement
Data Scientist,Hors Île-de-France,8 ans,Pas de management,Bac +5,DeepTech,"64,09 K€","71,21 K€","89,01 K€",effectif,DataRecrutement
Data Scientist,Hors Île-de-France,10 ans,Pas de management,Bac +5,DeepTech,"68,77 K€","76,42 K€","95,52 K€",effectif,DataRecrutement
Data Scientist,Hors Île-de-France,15 ans,Pas de management,Bac +5,DeepTech,"80,49 K€","89,43 K€","111,79 K€",effectif,DataRecrutement
Data Scientist,Hors Île-de-France,30 ans,Pas de management,Bac +5,DeepTech,"115,63 K€","128,48 K€","160,60 K€",effectif,DataRecrutement
Data Engineer,Hors Île-de-France,0 ans,Pas de management,Bac +5,DeepTech,"38,81 K€","43,13 K€","53,91 K€",effectif,DataRecrutement
Data Engineer,Hors Île-de-France,1 ans,Pas de management,Bac +5,DeepTech,"42,00 K€","46,66 K€","58,33 K€",effectif,DataRecrutement
Data Engineer,Hors Île-de-France,2 ans,Pas de management,Bac +5,DeepTech,"45,18 K€","50,20 K€","62,75 K€",effectif,DataRecrutement
Data Engineer,Hors Île-de-France,3 ans,Pas de management,Bac +5,DeepTech,"48,36 K€","53,74 K€","67,17 K€",effectif,DataRecrutement
Data Engineer,Hors Île-de-France,4 ans,Pas de management,Bac +5,DeepTech,"51,55 K€","57,27 K€","71,59 K€",effectif,DataRecrutement
Data Engineer,Hors Île-de-France,5 ans,Pas de management,Bac +5,DeepTech,"54,73 K€","60,81 K€","76,01 K€",effectif,DataRecrutement
Data Engineer,Hors Île-de-France,8 ans,Pas de management,Bac +5,DeepTech,"64,28 K€","71,42 K€","89,27 K€",effectif,DataRecrutement
Data Engineer,Hors Île-de-France,10 ans,Pas de management,Bac +5,DeepTech,"70,64 K€","78,49 K€","98,12 K€",effectif,DataRecrutement
Data Engineer,Hors Île-de-France,15 ans,Pas de management,Bac +5,DeepTech,"86,56 K€","96,18 K€","120,22 K€",effectif,DataRecrutement
Data Engineer,Hors Île-de-France,30 ans,Pas de management,Bac +5,DeepTech,"134,30 K€","149,22 K€","186,53 K€",effectif,DataRecrutement
Data Manager,Hors Île-de-France,0 ans,Pas de management,Bac +5,DeepTech,"35,25 K€","39,17 K€","48,96 K€",effectif,DataRecrutement
Data Manager,Hors Île-de-France,1 ans,Pas de management,Bac +5,DeepTech,"37,07 K€","41,19 K€","51,49 K€",effectif,DataRecrutement
Data Manager,Hors Île-de-France,2 ans,Pas de management,Bac +5,DeepTech,"38,90 K€","43,22 K€","54,02 K€",effectif,DataRecrutement
Data Manager,Hors Île-de-France,3 ans,Pas de management,Bac +5,DeepTech,"40,72 K€","45,24 K€","56,55 K€",effectif,DataRecrutement
Data Manager,Hors Île-de-France,4 ans,Pas de management,Bac +5,DeepTech,"42,54 K€","47,27 K€","59,08 K€",effectif,DataRecrutement
Data Manager,Hors Île-de-France,5 ans,Pas de management,Bac +5,DeepTech,"44,36 K€","49,29 K€","61,61 K€",effectif,DataRecrutement
Data Manager,Hors Île-de-France,8 ans,Pas de management,Bac +5,DeepTech,"49,83 K€","55,36 K€","69,20 K€",effectif,DataRecrutement
Data Manager,Hors Île-de-France,10 ans,Pas de management,Bac +5,DeepTech,"53,47 K€","59,41 K€","74,26 K€",effectif,DataRecrutement
Data Manager,Hors Île-de-France,15 ans,Pas de management,Bac +5,DeepTech,"62,58 K€","69,53 K€","86,91 K€",effectif,DataRecrutement
Data Manager,Hors Île-de-France,30 ans,Pas de management,Bac +5,DeepTech,"89,90 K€","99,89 K€","124,86 K€",effectif,DataRecrutement
Web Data Analyst,Hors Île-de-France,0 ans,Pas de management,Bac +5,DeepTech,"37,39 K€","41,54 K€","51,93 K€",effectif,DataRecrutement
Web Data Analyst,Hors Île-de-France,1 ans,Pas de management,Bac +5,DeepTech,"39,32 K€","43,69 K€","54,61 K€",effectif,DataRecrutement
Web Data Analyst,Hors Île-de-France,2 ans,Pas de management,Bac +5,DeepTech,"41,25 K€","45,84 K€","57,30 K€",effectif,DataRecrutement
Web Data Analyst,Hors Île-de-France,3 ans,Pas de management,Bac +5,DeepTech,"43,19 K€","47,98 K€","59,98 K€",effectif,DataRecrutement
Web Data Analyst,Hors Île-de-France,4 ans,Pas de management,Bac +5,DeepTech,"45,12 K€","50,13 K€","62,66 K€",effectif,DataRecrutement
Web Data Analyst,Hors Île-de-France,5 ans,Pas de management,Bac +5,DeepTech,"47,05 K€","52,28 K€","65,35 K€",effectif,DataRecrutement
Web Data Analyst,Hors Île-de-France,8 ans,Pas de management,Bac +5,DeepTech,"52,85 K€","58,72 K€","73,40 K€",effectif,DataRecrutement
Web Data Analyst,Hors Île-de-France,10 ans,Pas de management,Bac +5,DeepTech,"56,71 K€","63,01 K€","78,76 K€",effectif,DataRecrutement
Web Data Analyst,Hors Île-de-France,15 ans,Pas de management,Bac +5,DeepTech,"66,37 K€","73,74 K€","92,18 K€",effectif,DataRecrutement
Web Data Analyst,Hors Île-de-France,30 ans,Pas de management,Bac +5,DeepTech,"95,35 K€","105,94 K€","132,43 K€",effectif,DataRecrutement
Data Analyst,Hors Île-de-France,0 ans,Pas de management,Bac +5,DeepTech,"36,99 K€","41,10 K€","51,38 K€",effectif,DataRecrutement
Data Analyst,Hors Île-de-France,1 ans,Pas de management,Bac +5,DeepTech,"38,90 K€","43,23 K€","54,03 K€",effectif,DataRecrutement
Data Analyst,Hors Île-de-France,2 ans,Pas de management,Bac +5,DeepTech,"40,82 K€","45,35 K€","56,69 K€",effectif,DataRecrutement
Data Analyst,Hors Île-de-France,3 ans,Pas de management,Bac +5,DeepTech,"42,73 K€","47,47 K€","59,34 K€",effectif,DataRecrutement
Data Analyst,Hors Île-de-France,4 ans,Pas de management,Bac +5,DeepTech,"44,64 K€","49,60 K€","62,00 K€",effectif,DataRecrutement
Data Analyst,Hors Île-de-France,5 ans,Pas de management,Bac +5,DeepTech,"46,55 K€","51,72 K€","64,65 K€",effectif,DataRecrutement
Data Analyst,Hors Île-de-France,8 ans,Pas de management,Bac +5,DeepTech,"52,28 K€","58,09 K€","72,62 K€",effectif,DataRecrutement
Data Analyst,Hors Île-de-France,10 ans,Pas de management,Bac +5,DeepTech,"56,11 K€","62,34 K€","77,92 K€",effectif,DataRecrutement
Data Analyst,Hors Île-de-France,15 ans,Pas de management,Bac +5,DeepTech,"65,66 K€","72,96 K€","91,20 K€",effectif,DataRecrutement
Data Analyst,Hors Île-de-France,30 ans,Pas de management,Bac +5,DeepTech,"94,33 K€","104,81 K€","131,02 K€",effectif,DataRecrutement
Ingénieur BI,Hors Île-de-France,0 ans,Pas de management,Bac +5,DeepTech,"33,65 K€","37,39 K€","46,74 K€",effectif,DataRecrutement
Ingénieur BI,Hors Île-de-France,1 ans,Pas de management,Bac +5,DeepTech,"35,39 K€","39,32 K€","49,15 K€",effectif,DataRecrutement
Ingénieur BI,Hors Île-de-France,2 ans,Pas de management,Bac +5,DeepTech,"37,13 K€","41,25 K€","51,57 K€",effectif,DataRecrutement
Ingénieur BI,Hors Île-de-France,3 ans,Pas de management,Bac +5,DeepTech,"38,87 K€","43,19 K€","53,98 K€",effectif,DataRecrutement
Ingénieur BI,Hors Île-de-France,4 ans,Pas de management,Bac +5,DeepTech,"40,61 K€","45,12 K€","56,40 K€",effectif,DataRecrutement
Ingénieur BI,Hors Île-de-France,5 ans,Pas de management,Bac +5,DeepTech,"42,34 K€","47,05 K€","58,81 K€",effectif,DataRecrutement
Ingénieur BI,Hors Île-de-France,8 ans,Pas de management,Bac +5,DeepTech,"47,56 K€","52,85 K€","66,06 K€",effectif,DataRecrutement
Ingénieur BI,Hors Île-de-France,10 ans,Pas de management,Bac +5,DeepTech,"51,04 K€","56,71 K€","70,89 K€",effectif,DataRecrutement
Ingénieur BI,Hors Île-de-France,15 ans,Pas de management,Bac +5,DeepTech,"59,73 K€","66,37 K€","82,96 K€",effectif,DataRecrutement
Ingénieur BI,Hors Île-de-France,30 ans,Pas de management,Bac +5,DeepTech,"85,81 K€","95,35 K€","119,18 K€",effectif,DataRecrutement
Data Analyst Études & Panels,Hors Île-de-France,0 ans,Pas de management,Bac +5,DeepTech,"36,99 K€","41,10 K€","51,38 K€",effectif,DataRecrutement
Data Analyst Études & Panels,Hors Île-de-France,1 ans,Pas de management,Bac +5,DeepTech,"38,90 K€","43,23 K€","54,03 K€",effectif,DataRecrutement
Data Analyst Études & Panels,Hors Île-de-France,2 ans,Pas de management,Bac +5,DeepTech,"40,82 K€","45,35 K€","56,69 K€",effectif,DataRecrutement
Data Analyst Études & Panels,Hors Île-de-France,3 ans,Pas de management,Bac +5,DeepTech,"42,73 K€","47,47 K€","59,34 K€",effectif,DataRecrutement
Data Analyst Études & Panels,Hors Île-de-France,4 ans,Pas de management,Bac +5,DeepTech,"44,64 K€","49,60 K€","62,00 K€",effectif,DataRecrutement
Data Analyst Études & Panels,Hors Île-de-France,5 ans,Pas de management,Bac +5,DeepTech,"46,55 K€","51,72 K€","64,65 K€",effectif,DataRecrutement
Data Analyst Études & Panels,Hors Île-de-France,8 ans,Pas de management,Bac +5,DeepTech,"52,28 K€","58,09 K€","72,62 K€",effectif,DataRecrutement
Data Analyst Études & Panels,Hors Île-de-France,10 ans,Pas de management,Bac +5,DeepTech,"56,11 K€","62,34 K€","77,92 K€",effectif,DataRecrutement
Data Analyst Études & Panels,Hors Île-de-France,15 ans,Pas de management,Bac +5,DeepTech,"65,66 K€","72,96 K€","91,20 K€",effectif,DataRecrutement
Data Analyst Études & Panels,Hors Île-de-France,30 ans,Pas de management,Bac +5,DeepTech,"94,33 K€","104,81 K€","131,02 K€",effectif,DataRecrutement
Consultant data,Hors Île-de-France,0 ans,Pas de management,Bac +5,DeepTech,"37,03 K€","41,15 K€","51,44 K€",effectif,DataRecrutement
Consultant data,Hors Île-de-France,1 ans,Pas de management,Bac +5,DeepTech,"38,95 K€","43,28 K€","54,09 K€",effectif,DataRecrutement
Consultant data,Hors Île-de-France,2 ans,Pas de management,Bac +5,DeepTech,"40,86 K€","45,40 K€","56,75 K€",effectif,DataRecrutement
Consultant data,Hors Île-de-France,3 ans,Pas de management,Bac +5,DeepTech,"42,77 K€","47,53 K€","59,41 K€",effectif,DataRecrutement
Consultant data,Hors Île-de-France,4 ans,Pas de management,Bac +5,DeepTech,"44,69 K€","49,65 K€","62,07 K€",effectif,DataRecrutement
Consultant data,Hors Île-de-France,5 ans,Pas de management,Bac +5,DeepTech,"46,60 K€","51,78 K€","64,72 K€",effectif,DataRecrutement
Consultant data,Hors Île-de-France,8 ans,Pas de management,Bac +5,DeepTech,"52,34 K€","58,16 K€","72,70 K€",effectif,DataRecrutement
Consultant data,Hors Île-de-France,10 ans,Pas de management,Bac +5,DeepTech,"56,17 K€","62,41 K€","78,01 K€",effectif,DataRecrutement
Consultant data,Hors Île-de-France,15 ans,Pas de management,Bac +5,DeepTech,"65,74 K€","73,04 K€","91,30 K€",effectif,DataRecrutement
Consultant data,Hors Île-de-France,30 ans,Pas de management,Bac +5,DeepTech,"94,44 K€","104,93 K€","131,17 K€",effectif,DataRecrutement
Product Marketing Manager,Hors Île-de-France,0 ans,Pas de management,Bac +5,DeepTech,"44,02 K€","48,91 K€","61,13 K€",effectif,DataRecrutement
Product Marketing Manager,Hors Île-de-France,1 ans,Pas de management,Bac +5,DeepTech,"46,29 K€","51,43 K€","64,29 K€",effectif,DataRecrutement
Product Marketing Manager,Hors Île-de-France,2 ans,Pas de management,Bac +5,DeepTech,"48,56 K€","53,96 K€","67,45 K€",effectif,DataRecrutement
Product Marketing Manager,Hors Île-de-France,3 ans,Pas de management,Bac +5,DeepTech,"50,84 K€","56,49 K€","70,61 K€",effectif,DataRecrutement
Product Marketing Manager,Hors Île-de-France,4 ans,Pas de management,Bac +5,DeepTech,"53,11 K€","59,01 K€","73,77 K€",effectif,DataRecrutement
Product Marketing Manager,Hors Île-de-France,5 ans,Pas de management,Bac +5,DeepTech,"55,39 K€","61,54 K€","76,93 K€",effectif,DataRecrutement
Product Marketing Manager,Hors Île-de-France,8 ans,Pas de management,Bac +5,DeepTech,"62,21 K€","69,12 K€","86,40 K€",effectif,DataRecrutement
Product Marketing Manager,Hors Île-de-France,10 ans,Pas de management,Bac +5,DeepTech,"66,76 K€","74,17 K€","92,72 K€",effectif,DataRecrutement
Product Marketing Manager,Hors Île-de-France,15 ans,Pas de management,Bac +5,DeepTech,"78,13 K€","86,81 K€","108,51 K€",effectif,DataRecrutement
Product Marketing Manager,Hors Île-de-France,30 ans,Pas de management,Bac +5,DeepTech,"112,24 K€","124,71 K€","155,89 K€",effectif,DataRecrutement
Product Designer,Hors Île-de-France,0 ans,Pas de management,Bac +5,DeepTech,"37,58 K€","41,76 K€","52,19 K€",effectif,DataRecrutement
Product Designer,Hors Île-de-France,1 ans,Pas de management,Bac +5,DeepTech,"39,52 K€","43,91 K€","54,89 K€",effectif,DataRecrutement
Product Designer,Hors Île-de-France,2 ans,Pas de management,Bac +5,DeepTech,"41,46 K€","46,07 K€","57,59 K€",effectif,DataRecrutement
Product Designer,Hors Île-de-France,3 ans,Pas de management,Bac +5,DeepTech,"43,41 K€","48,23 K€","60,28 K€",effectif,DataRecrutement
Product Designer,Hors Île-de-France,4 ans,Pas de management,Bac +5,DeepTech,"45,35 K€","50,39 K€","62,98 K€",effectif,DataRecrutement
Product Designer,Hors Île-de-France,5 ans,Pas de management,Bac +5,DeepTech,"47,29 K€","52,54 K€","65,68 K€",effectif,DataRecrutement
Product Designer,Hors Île-de-France,8 ans,Pas de management,Bac +5,DeepTech,"53,11 K€","59,02 K€","73,77 K€",effectif,DataRecrutement
Product Designer,Hors Île-de-France,10 ans,Pas de management,Bac +5,DeepTech,"57,00 K€","63,33 K€","79,16 K€",effectif,DataRecrutement
Product Designer,Hors Île-de-France,15 ans,Pas de management,Bac +5,DeepTech,"66,71 K€","74,12 K€","92,65 K€",effectif,DataRecrutement
Product Designer,Hors Île-de-France,30 ans,Pas de management,Bac +5,DeepTech,"95,83 K€","106,48 K€","133,10 K€",effectif,DataRecrutement
UX Researcher,Hors Île-de-France,0 ans,Pas de management,Bac +5,DeepTech,"37,38 K€","41,54 K€","51,92 K€",effectif,DataRecrutement
UX Researcher,Hors Île-de-France,1 ans,Pas de management,Bac +5,DeepTech,"39,32 K€","43,68 K€","54,61 K€",effectif,DataRecrutement
UX Researcher,Hors Île-de-France,2 ans,Pas de management,Bac +5,DeepTech,"41,25 K€","45,83 K€","57,29 K€",effectif,DataRecrutement
UX Researcher,Hors Île-de-France,3 ans,Pas de management,Bac +5,DeepTech,"43,18 K€","47,98 K€","59,97 K€",effectif,DataRecrutement
UX Researcher,Hors Île-de-France,4 ans,Pas de management,Bac +5,DeepTech,"45,11 K€","50,12 K€","62,65 K€",effectif,DataRecrutement
UX Researcher,Hors Île-de-France,5 ans,Pas de management,Bac +5,DeepTech,"47,04 K€","52,27 K€","65,34 K€",effectif,DataRecrutement
UX Researcher,Hors Île-de-France,8 ans,Pas de management,Bac +5,DeepTech,"52,84 K€","58,71 K€","73,38 K€",effectif,DataRecrutement
UX Researcher,Hors Île-de-France,10 ans,Pas de management,Bac +5,DeepTech,"56,70 K€","63,00 K€","78,75 K€",effectif,DataRecrutement
UX Researcher,Hors Île-de-France,15 ans,Pas de management,Bac +5,DeepTech,"66,36 K€","73,73 K€","92,16 K€",effectif,DataRecrutement
UX Researcher,Hors Île-de-France,30 ans,Pas de management,Bac +5,DeepTech,"95,33 K€","105,92 K€","132,41 K€",effectif,DataRecrutement
Product Manager,Hors Île-de-France,0 ans,Pas de management,Bac +5,DeepTech,"39,45 K€","43,84 K€","54,79 K€",effectif,DataRecrutement
Product Manager,Hors Île-de-France,1 ans,Pas de management,Bac +5,DeepTech,"41,49 K€","46,10 K€","57,63 K€",effectif,DataRecrutement
Product Manager,Hors Île-de-France,2 ans,Pas de management,Bac +5,DeepTech,"43,53 K€","48,37 K€","60,46 K€",effectif,DataRecrutement
Product Manager,Hors Île-de-France,3 ans,Pas de management,Bac +5,DeepTech,"45,57 K€","50,63 K€","63,29 K€",effectif,DataRecrutement
Product Manager,Hors Île-de-France,4 ans,Pas de management,Bac +5,DeepTech,"47,61 K€","52,90 K€","66,12 K€",effectif,DataRecrutement
Product Manager,Hors Île-de-France,5 ans,Pas de management,Bac +5,DeepTech,"49,64 K€","55,16 K€","68,95 K€",effectif,DataRecrutement
Product Manager,Hors Île-de-France,8 ans,Pas de management,Bac +5,DeepTech,"55,76 K€","61,95 K€","77,44 K€",effectif,DataRecrutement
Product Manager,Hors Île-de-France,10 ans,Pas de management,Bac +5,DeepTech,"59,84 K€","66,48 K€","83,11 K€",effectif,DataRecrutement
Product Manager,Hors Île-de-France,15 ans,Pas de management,Bac +5,DeepTech,"70,03 K€","77,81 K€","97,26 K€",effectif,DataRecrutement
Product Manager,Hors Île-de-France,30 ans,Pas de management,Bac +5,DeepTech,"100,60 K€","111,78 K€","139,73 K€",effectif,DataRecrutement
Product Owner,Hors Île-de-France,0 ans,Pas de management,Bac +5,DeepTech,"39,36 K€","43,73 K€","54,66 K€",effectif,DataRecrutement
Product Owner,Hors Île-de-France,1 ans,Pas de management,Bac +5,DeepTech,"41,39 K€","45,99 K€","57,49 K€",effectif,DataRecrutement
Product Owner,Hors Île-de-France,2 ans,Pas de management,Bac +5,DeepTech,"43,42 K€","48,25 K€","60,31 K€",effectif,DataRecrutement
Product Owner,Hors Île-de-France,3 ans,Pas de management,Bac +5,DeepTech,"45,46 K€","50,51 K€","63,13 K€",effectif,DataRecrutement
Product Owner,Hors Île-de-France,4 ans,Pas de management,Bac +5,DeepTech,"47,49 K€","52,77 K€","65,96 K€",effectif,DataRecrutement
Product Owner,Hors Île-de-France,5 ans,Pas de management,Bac +5,DeepTech,"49,52 K€","55,03 K€","68,78 K€",effectif,DataRecrutement
Product Owner,Hors Île-de-France,8 ans,Pas de management,Bac +5,DeepTech,"55,62 K€","61,80 K€","77,25 K€",effectif,DataRecrutement
Product Owner,Hors Île-de-France,10 ans,Pas de management,Bac +5,DeepTech,"59,69 K€","66,32 K€","82,90 K€",effectif,DataRecrutement
Product Owner,Hors Île-de-France,15 ans,Pas de management,Bac +5,DeepTech,"69,86 K€","77,62 K€","97,02 K€",effectif,DataRecrutement
Product Owner,Hors Île-de-France,30 ans,Pas de management,Bac +5,DeepTech,"100,36 K€","111,51 K€","139,39 K€",effectif,DataRecrutement
Scrum Master,Hors Île-de-France,0 ans,Pas de management,Bac +5,DeepTech,"37,91 K€","42,13 K€","52,66 K€",effectif,DataRecrutement
Scrum Master,Hors Île-de-France,1 ans,Pas de management,Bac +5,DeepTech,"39,87 K€","44,30 K€","55,38 K€",effectif,DataRecrutement
Scrum Master,Hors Île-de-France,2 ans,Pas de management,Bac +5,DeepTech,"41,83 K€","46,48 K€","58,10 K€",effectif,DataRecrutement
Scrum Master,Hors Île-de-France,3 ans,Pas de management,Bac +5,DeepTech,"43,79 K€","48,66 K€","60,82 K€",effectif,DataRecrutement
Scrum Master,Hors Île-de-France,4 ans,Pas de management,Bac +5,DeepTech,"45,75 K€","50,83 K€","63,54 K€",effectif,DataRecrutement
Scrum Master,Hors Île-de-France,5 ans,Pas de management,Bac +5,DeepTech,"47,71 K€","53,01 K€","66,26 K€",effectif,DataRecrutement
Scrum Master,Hors Île-de-France,8 ans,Pas de management,Bac +5,DeepTech,"53,59 K€","59,54 K€","74,42 K€",effectif,DataRecrutement
Scrum Master,Hors Île-de-France,10 ans,Pas de management,Bac +5,DeepTech,"57,50 K€","63,89 K€","79,87 K€",effectif,DataRecrutement
Scrum Master,Hors Île-de-France,15 ans,Pas de management,Bac +5,DeepTech,"67,30 K€","74,78 K€","93,47 K€",effectif,DataRecrutement
Scrum Master,Hors Île-de-France,30 ans,Pas de management,Bac +5,DeepTech,"96,68 K€","107,42 K€","134,28 K€",effectif,DataRecrutement
Chef de projet,Hors Île-de-France,0 ans,Pas de management,Bac +5,DeepTech,"35,38 K€","39,31 K€","49,13 K€",effectif,DataRecrutement
Chef de projet,Hors Île-de-France,1 ans,Pas de management,Bac +5,DeepTech,"37,20 K€","41,34 K€","51,67 K€",effectif,DataRecrutement
Chef de projet,Hors Île-de-France,2 ans,Pas de management,Bac +5,DeepTech,"39,03 K€","43,37 K€","54,21 K€",effectif,DataRecrutement
Chef de projet,Hors Île-de-France,3 ans,Pas de management,Bac +5,DeepTech,"40,86 K€","45,40 K€","56,75 K€",effectif,DataRecrutement
Chef de projet,Hors Île-de-France,4 ans,Pas de management,Bac +5,DeepTech,"42,69 K€","47,43 K€","59,29 K€",effectif,DataRecrutement
Chef de projet,Hors Île-de-France,5 ans,Pas de management,Bac +5,DeepTech,"44,52 K€","49,46 K€","61,83 K€",effectif,DataRecrutement
Chef de projet,Hors Île-de-France,8 ans,Pas de management,Bac +5,DeepTech,"50,00 K€","55,55 K€","69,44 K€",effectif,DataRecrutement
Chef de projet,Hors Île-de-France,10 ans,Pas de management,Bac +5,DeepTech,"53,65 K€","59,62 K€","74,52 K€",effectif,DataRecrutement
Chef de projet,Hors Île-de-France,15 ans,Pas de management,Bac +5,DeepTech,"62,79 K€","69,77 K€","87,21 K€",effectif,DataRecrutement
Chef de projet,Hors Île-de-France,30 ans,Pas de management,Bac +5,DeepTech,"90,21 K€","100,23 K€","125,29 K€",effectif,DataRecrutement
Coach Agile,Hors Île-de-France,0 ans,Pas de management,Bac +5,DeepTech,"38,64 K€","42,94 K€","53,67 K€",effectif,DataRecrutement
Coach Agile,Hors Île-de-France,1 ans,Pas de management,Bac +5,DeepTech,"40,64 K€","45,16 K€","56,45 K€",effectif,DataRecrutement
Coach Agile,Hors Île-de-France,2 ans,Pas de management,Bac +5,DeepTech,"42,64 K€","47,38 K€","59,22 K€",effectif,DataRecrutement
Coach Agile,Hors Île-de-France,3 ans,Pas de management,Bac +5,DeepTech,"44,63 K€","49,59 K€","61,99 K€",effectif,DataRecrutement
Coach Agile,Hors Île-de-France,4 ans,Pas de management,Bac +5,DeepTech,"46,63 K€","51,81 K€","64,77 K€",effectif,DataRecrutement
Coach Agile,Hors Île-de-France,5 ans,Pas de management,Bac +5,DeepTech,"48,63 K€","54,03 K€","67,54 K€",effectif,DataRecrutement
Coach Agile,Hors Île-de-France,8 ans,Pas de management,Bac +5,DeepTech,"54,62 K€","60,69 K€","75,86 K€",effectif,DataRecrutement
Coach Agile,Hors Île-de-France,10 ans,Pas de management,Bac +5,DeepTech,"58,61 K€","65,12 K€","81,41 K€",effectif,DataRecrutement
Coach Agile,Hors Île-de-France,15 ans,Pas de management,Bac +5,DeepTech,"68,60 K€","76,22 K€","95,27 K€",effectif,DataRecrutement
Coach Agile,Hors Île-de-France,30 ans,Pas de management,Bac +5,DeepTech,"98,55 K€","109,50 K€","136,87 K€",effectif,DataRecrutement
Head of Design,Hors Île-de-France,0 ans,Pas de management,Bac +5,DeepTech,"39,95 K€","44,39 K€","55,49 K€",effectif,DataRecrutement
Head of Design,Hors Île-de-France,1 ans,Pas de management,Bac +5,DeepTech,"43,63 K€","48,48 K€","60,60 K€",effectif,DataRecrutement
Head of Design,Hors Île-de-France,2 ans,Pas de management,Bac +5,DeepTech,"47,31 K€","52,57 K€","65,71 K€",effectif,DataRecrutement
Head of Design,Hors Île-de-France,3 ans,Pas de management,Bac +5,DeepTech,"50,99 K€","56,66 K€","70,82 K€",effectif,DataRecrutement
Head of Design,Hors Île-de-France,4 ans,Pas de management,Bac +5,DeepTech,"54,67 K€","60,75 K€","75,93 K€",effectif,DataRecrutement
Head of Design,Hors Île-de-France,5 ans,Pas de management,Bac +5,DeepTech,"58,35 K€","64,83 K€","81,04 K€",effectif,DataRecrutement
Head of Design,Hors Île-de-France,8 ans,Pas de management,Bac +5,DeepTech,"69,39 K€","77,10 K€","96,38 K€",effectif,DataRecrutement
Head of Design,Hors Île-de-France,10 ans,Pas de management,Bac +5,DeepTech,"76,75 K€","85,28 K€","106,60 K€",effectif,DataRecrutement
Head of Design,Hors Île-de-France,15 ans,Pas de management,Bac +5,DeepTech,"95,15 K€","105,72 K€","132,16 K€",effectif,DataRecrutement
Head of Design,Hors Île-de-France,30 ans,Pas de management,Bac +5,DeepTech,"150,35 K€","167,06 K€","208,82 K€",effectif,DataRecrutement
UX Designer,Hors Île-de-France,0 ans,Pas de management,Bac +5,DeepTech,"36,74 K€","40,82 K€","51,03 K€",effectif,DataRecrutement
UX Designer,Hors Île-de-France,1 ans,Pas de management,Bac +5,DeepTech,"38,64 K€","42,93 K€","53,67 K€",effectif,DataRecrutement
UX Designer,Hors Île-de-France,2 ans,Pas de management,Bac +5,DeepTech,"40,54 K€","45,04 K€","56,30 K€",effectif,DataRecrutement
UX Designer,Hors Île-de-France,3 ans,Pas de management,Bac +5,DeepTech,"42,44 K€","47,15 K€","58,94 K€",effectif,DataRecrutement
UX Designer,Hors Île-de-France,4 ans,Pas de management,Bac +5,DeepTech,"44,34 K€","49,26 K€","61,58 K€",effectif,DataRecrutement
UX Designer,Hors Île-de-France,5 ans,Pas de management,Bac +5,DeepTech,"46,23 K€","51,37 K€","64,21 K€",effectif,DataRecrutement
UX Designer,Hors Île-de-France,8 ans,Pas de management,Bac +5,DeepTech,"51,93 K€","57,70 K€","72,12 K€",effectif,DataRecrutement
UX Designer,Hors Île-de-France,10 ans,Pas de management,Bac +5,DeepTech,"55,73 K€","61,92 K€","77,40 K€",effectif,DataRecrutement
UX Designer,Hors Île-de-France,15 ans,Pas de management,Bac +5,DeepTech,"65,22 K€","72,47 K€","90,58 K€",effectif,DataRecrutement
UX Designer,Hors Île-de-France,30 ans,Pas de management,Bac +5,DeepTech,"93,70 K€","104,11 K€","130,13 K€",effectif,DataRecrutement
UI Designer,Hors Île-de-France,0 ans,Pas de management,Bac +5,DeepTech,"35,02 K€","38,91 K€","48,63 K€",effectif,DataRecrutement
UI Designer,Hors Île-de-France,1 ans,Pas de management,Bac +5,DeepTech,"36,83 K€","40,92 K€","51,15 K€",effectif,DataRecrutement
UI Designer,Hors Île-de-France,2 ans,Pas de management,Bac +5,DeepTech,"38,64 K€","42,93 K€","53,66 K€",effectif,DataRecrutement
UI Designer,Hors Île-de-France,3 ans,Pas de management,Bac +5,DeepTech,"40,44 K€","44,94 K€","56,17 K€",effectif,DataRecrutement
UI Designer,Hors Île-de-France,4 ans,Pas de management,Bac +5,DeepTech,"42,25 K€","46,95 K€","58,69 K€",effectif,DataRecrutement
UI Designer,Hors Île-de-France,5 ans,Pas de management,Bac +5,DeepTech,"44,06 K€","48,96 K€","61,20 K€",effectif,DataRecrutement
UI Designer,Hors Île-de-France,8 ans,Pas de management,Bac +5,DeepTech,"49,49 K€","54,99 K€","68,74 K€",effectif,DataRecrutement
UI Designer,Hors Île-de-France,10 ans,Pas de management,Bac +5,DeepTech,"53,11 K€","59,01 K€","73,76 K€",effectif,DataRecrutement
UI Designer,Hors Île-de-France,15 ans,Pas de management,Bac +5,DeepTech,"62,16 K€","69,06 K€","86,33 K€",effectif,DataRecrutement
UI Designer,Hors Île-de-France,30 ans,Pas de management,Bac +5,DeepTech,"89,29 K€","99,22 K€","124,02 K€",effectif,DataRecrutement
Motion Designer,Hors Île-de-France,0 ans,Pas de management,Bac +5,DeepTech,"32,95 K€","36,61 K€","45,76 K€",effectif,DataRecrutement
Motion Designer,Hors Île-de-France,1 ans,Pas de management,Bac +5,DeepTech,"33,98 K€","37,76 K€","47,20 K€",effectif,DataRecrutement
Motion Designer,Hors Île-de-France,2 ans,Pas de management,Bac +5,DeepTech,"35,02 K€","38,91 K€","48,64 K€",effectif,DataRecrutement
Motion Designer,Hors Île-de-France,3 ans,Pas de management,Bac +5,DeepTech,"36,06 K€","40,06 K€","50,08 K€",effectif,DataRecrutement
Motion Designer,Hors Île-de-France,4 ans,Pas de management,Bac +5,DeepTech,"37,09 K€","41,21 K€","51,52 K€",effectif,DataRecrutement
Motion Designer,Hors Île-de-France,5 ans,Pas de management,Bac +5,DeepTech,"38,13 K€","42,36 K€","52,96 K€",effectif,DataRecrutement
Motion Designer,Hors Île-de-France,8 ans,Pas de management,Bac +5,DeepTech,"41,24 K€","45,82 K€","57,27 K€",effectif,DataRecrutement
Motion Designer,Hors Île-de-France,10 ans,Pas de management,Bac +5,DeepTech,"43,31 K€","48,12 K€","60,15 K€",effectif,DataRecrutement
Motion Designer,Hors Île-de-France,15 ans,Pas de management,Bac +5,DeepTech,"48,49 K€","53,88 K€","67,35 K€",effectif,DataRecrutement
Motion Designer,Hors Île-de-France,30 ans,Pas de management,Bac +5,DeepTech,"64,03 K€","71,14 K€","88,93 K€",effectif,DataRecrutement
Account Manager,Hors Île-de-France,0 ans,Pas de management,Bac +5,DeepTech,"39,35 K€","43,72 K€","54,65 K€",effectif,DataRecrutement
Account Manager,Hors Île-de-France,1 ans,Pas de management,Bac +5,DeepTech,"41,38 K€","45,98 K€","57,48 K€",effectif,DataRecrutement
Account Manager,Hors Île-de-France,2 ans,Pas de management,Bac +5,DeepTech,"43,42 K€","48,24 K€","60,30 K€",effectif,DataRecrutement
Account Manager,Hors Île-de-France,3 ans,Pas de management,Bac +5,DeepTech,"45,45 K€","50,50 K€","63,13 K€",effectif,DataRecrutement
Account Manager,Hors Île-de-France,4 ans,Pas de management,Bac +5,DeepTech,"47,48 K€","52,76 K€","65,95 K€",effectif,DataRecrutement
Account Manager,Hors Île-de-France,5 ans,Pas de management,Bac +5,DeepTech,"49,52 K€","55,02 K€","68,77 K€",effectif,DataRecrutement
Account Manager,Hors Île-de-France,8 ans,Pas de management,Bac +5,DeepTech,"55,62 K€","61,80 K€","77,25 K€",effectif,DataRecrutement
Account Manager,Hors Île-de-France,10 ans,Pas de management,Bac +5,DeepTech,"59,68 K€","66,31 K€","82,89 K€",effectif,DataRecrutement
Account Manager,Hors Île-de-France,15 ans,Pas de management,Bac +5,DeepTech,"69,85 K€","77,61 K€","97,01 K€",effectif,DataRecrutement
Account Manager,Hors Île-de-France,30 ans,Pas de management,Bac +5,DeepTech,"100,35 K€","111,50 K€","139,37 K€",effectif,DataRecrutement
Business Developer,Hors Île-de-France,0 ans,Pas de management,Bac +5,DeepTech,"42,64 K€","47,37 K€","59,22 K€",effectif,DataRecrutement
Business Developer,Hors Île-de-France,1 ans,Pas de management,Bac +5,DeepTech,"44,84 K€","49,83 K€","62,28 K€",effectif,DataRecrutement
Business Developer,Hors Île-de-France,2 ans,Pas de management,Bac +5,DeepTech,"47,05 K€","52,28 K€","65,35 K€",effectif,DataRecrutement
Business Developer,Hors Île-de-France,3 ans,Pas de management,Bac +5,DeepTech,"49,26 K€","54,73 K€","68,41 K€",effectif,DataRecrutement
Business Developer,Hors Île-de-France,4 ans,Pas de management,Bac +5,DeepTech,"51,46 K€","57,18 K€","71,48 K€",effectif,DataRecrutement
Business Developer,Hors Île-de-France,5 ans,Pas de management,Bac +5,DeepTech,"53,67 K€","59,64 K€","74,54 K€",effectif,DataRecrutement
Business Developer,Hors Île-de-France,8 ans,Pas de management,Bac +5,DeepTech,"60,29 K€","66,99 K€","83,74 K€",effectif,DataRecrutement
Business Developer,Hors Île-de-France,10 ans,Pas de management,Bac +5,DeepTech,"64,71 K€","71,90 K€","89,87 K€",effectif,DataRecrutement
Business Developer,Hors Île-de-France,15 ans,Pas de management,Bac +5,DeepTech,"75,74 K€","84,16 K€","105,20 K€",effectif,DataRecrutement
Business Developer,Hors Île-de-France,30 ans,Pas de management,Bac +5,DeepTech,"108,85 K€","120,95 K€","151,18 K€",effectif,DataRecrutement
Business Manager,Hors Île-de-France,0 ans,Pas de management,Bac +5,DeepTech,"40,50 K€","45,00 K€","56,25 K€",effectif,DataRecrutement
Business Manager,Hors Île-de-France,1 ans,Pas de management,Bac +5,DeepTech,"42,59 K€","47,32 K€","59,16 K€",effectif,DataRecrutement
Business Manager,Hors Île-de-France,2 ans,Pas de management,Bac +5,DeepTech,"44,68 K€","49,65 K€","62,06 K€",effectif,DataRecrutement
Business Manager,Hors Île-de-France,3 ans,Pas de management,Bac +5,DeepTech,"46,78 K€","51,97 K€","64,97 K€",effectif,DataRecrutement
Business Manager,Hors Île-de-France,4 ans,Pas de management,Bac +5,DeepTech,"48,87 K€","54,30 K€","67,87 K€",effectif,DataRecrutement
Business Manager,Hors Île-de-France,5 ans,Pas de management,Bac +5,DeepTech,"50,96 K€","56,62 K€","70,78 K€",effectif,DataRecrutement
Business Manager,Hors Île-de-France,8 ans,Pas de management,Bac +5,DeepTech,"57,24 K€","63,60 K€","79,50 K€",effectif,DataRecrutement
Business Manager,Hors Île-de-France,10 ans,Pas de management,Bac +5,DeepTech,"61,42 K€","68,25 K€","85,31 K€",effectif,DataRecrutement
Business Manager,Hors Île-de-France,15 ans,Pas de management,Bac +5,DeepTech,"71,89 K€","79,88 K€","99,84 K€",effectif,DataRecrutement
Business Manager,Hors Île-de-France,30 ans,Pas de management,Bac +5,DeepTech,"103,28 K€","114,75 K€","143,44 K€",effectif,DataRecrutement
Partnership Manager,Hors Île-de-France,0 ans,Pas de management,Bac +5,DeepTech,"41,83 K€","46,48 K€","58,10 K€",effectif,DataRecrutement
Partnership Manager,Hors Île-de-France,1 ans,Pas de management,Bac +5,DeepTech,"44,00 K€","48,88 K€","61,11 K€",effectif,DataRecrutement
Partnership Manager,Hors Île-de-France,2 ans,Pas de management,Bac +5,DeepTech,"46,16 K€","51,29 K€","64,11 K€",effectif,DataRecrutement
Partnership Manager,Hors Île-de-France,3 ans,Pas de management,Bac +5,DeepTech,"48,32 K€","53,69 K€","67,11 K€",effectif,DataRecrutement
Partnership Manager,Hors Île-de-France,4 ans,Pas de management,Bac +5,DeepTech,"50,48 K€","56,09 K€","70,11 K€",effectif,DataRecrutement
Partnership Manager,Hors Île-de-France,5 ans,Pas de management,Bac +5,DeepTech,"52,64 K€","58,49 K€","73,11 K€",effectif,DataRecrutement
Partnership Manager,Hors Île-de-France,8 ans,Pas de management,Bac +5,DeepTech,"59,13 K€","65,70 K€","82,12 K€",effectif,DataRecrutement
Partnership Manager,Hors Île-de-France,10 ans,Pas de management,Bac +5,DeepTech,"63,45 K€","70,50 K€","88,13 K€",effectif,DataRecrutement
Partnership Manager,Hors Île-de-France,15 ans,Pas de management,Bac +5,DeepTech,"74,26 K€","82,51 K€","103,14 K€",effectif,DataRecrutement
Partnership Manager,Hors Île-de-France,30 ans,Pas de management,Bac +5,DeepTech,"106,68 K€","118,53 K€","148,17 K€",effectif,DataRecrutement
Inside Sales / SDR / BDR,Hors Île-de-France,0 ans,Pas de management,Bac +5,DeepTech,"39,16 K€","43,52 K€","54,40 K€",effectif,DataRecrutement
Inside Sales / SDR / BDR,Hors Île-de-France,1 ans,Pas de management,Bac +5,DeepTech,"41,19 K€","45,76 K€","57,21 K€",effectif,DataRecrutement
Inside Sales / SDR / BDR,Hors Île-de-France,2 ans,Pas de management,Bac +5,DeepTech,"43,21 K€","48,01 K€","60,02 K€",effectif,DataRecrutement
Inside Sales / SDR / BDR,Hors Île-de-France,3 ans,Pas de management,Bac +5,DeepTech,"45,24 K€","50,26 K€","62,83 K€",effectif,DataRecrutement
Inside Sales / SDR / BDR,Hors Île-de-France,4 ans,Pas de management,Bac +5,DeepTech,"47,26 K€","52,51 K€","65,64 K€",effectif,DataRecrutement
Inside Sales / SDR / BDR,Hors Île-de-France,5 ans,Pas de management,Bac +5,DeepTech,"49,28 K€","54,76 K€","68,45 K€",effectif,DataRecrutement
Inside Sales / SDR / BDR,Hors Île-de-France,8 ans,Pas de management,Bac +5,DeepTech,"55,35 K€","61,50 K€","76,88 K€",effectif,DataRecrutement
Inside Sales / SDR / BDR,Hors Île-de-France,10 ans,Pas de management,Bac +5,DeepTech,"59,40 K€","66,00 K€","82,50 K€",effectif,DataRecrutement
Inside Sales / SDR / BDR,Hors Île-de-France,15 ans,Pas de management,Bac +5,DeepTech,"69,52 K€","77,24 K€","96,55 K€",effectif,DataRecrutement
Inside Sales / SDR / BDR,Hors Île-de-France,30 ans,Pas de management,Bac +5,DeepTech,"99,87 K€","110,97 K€","138,71 K€",effectif,DataRecrutement
Customer Success Manager,Hors Île-de-France,0 ans,Pas de management,Bac +5,DeepTech,"34,09 K€","37,88 K€","47,35 K€",effectif,DataRecrutement
Customer Success Manager,Hors Île-de-France,1 ans,Pas de management,Bac +5,DeepTech,"35,86 K€","39,84 K€","49,80 K€",effectif,DataRecrutement
Customer Success Manager,Hors Île-de-France,2 ans,Pas de management,Bac +5,DeepTech,"37,62 K€","41,80 K€","52,25 K€",effectif,DataRecrutement
Customer Success Manager,Hors Île-de-France,3 ans,Pas de management,Bac +5,DeepTech,"39,39 K€","43,76 K€","54,70 K€",effectif,DataRecrutement
Customer Success Manager,Hors Île-de-France,4 ans,Pas de management,Bac +5,DeepTech,"41,15 K€","45,72 K€","57,15 K€",effectif,DataRecrutement
Customer Success Manager,Hors Île-de-France,5 ans,Pas de management,Bac +5,DeepTech,"42,92 K€","47,68 K€","59,60 K€",effectif,DataRecrutement
Customer Success Manager,Hors Île-de-France,8 ans,Pas de management,Bac +5,DeepTech,"48,21 K€","53,57 K€","66,96 K€",effectif,DataRecrutement
Customer Success Manager,Hors Île-de-France,10 ans,Pas de management,Bac +5,DeepTech,"51,74 K€","57,49 K€","71,86 K€",effectif,DataRecrutement
Customer Success Manager,Hors Île-de-France,15 ans,Pas de management,Bac +5,DeepTech,"60,56 K€","67,29 K€","84,12 K€",effectif,DataRecrutement
Customer Success Manager,Hors Île-de-France,30 ans,Pas de management,Bac +5,DeepTech,"87,04 K€","96,71 K€","120,88 K€",effectif,DataRecrutement
Pre-sales,Hors Île-de-France,0 ans,Pas de management,Bac +5,DeepTech,"42,55 K€","47,27 K€","59,09 K€",effectif,DataRecrutement
Pre-sales,Hors Île-de-France,1 ans,Pas de management,Bac +5,DeepTech,"45,61 K€","50,67 K€","63,34 K€",effectif,DataRecrutement
Pre-sales,Hors Île-de-France,2 ans,Pas de management,Bac +5,DeepTech,"48,66 K€","54,07 K€","67,59 K€",effectif,DataRecrutement
Pre-sales,Hors Île-de-France,3 ans,Pas de management,Bac +5,DeepTech,"51,72 K€","57,47 K€","71,84 K€",effectif,DataRecrutement
Pre-sales,Hors Île-de-France,4 ans,Pas de management,Bac +5,DeepTech,"54,78 K€","60,87 K€","76,09 K€",effectif,DataRecrutement
Pre-sales,Hors Île-de-France,5 ans,Pas de management,Bac +5,DeepTech,"57,84 K€","64,27 K€","80,33 K€",effectif,DataRecrutement
Pre-sales,Hors Île-de-France,8 ans,Pas de management,Bac +5,DeepTech,"67,02 K€","74,46 K€","93,08 K€",effectif,DataRecrutement
Pre-sales,Hors Île-de-France,10 ans,Pas de management,Bac +5,DeepTech,"73,13 K€","81,26 K€","101,58 K€",effectif,DataRecrutement
Pre-sales,Hors Île-de-France,15 ans,Pas de management,Bac +5,DeepTech,"88,43 K€","98,25 K€","122,82 K€",effectif,DataRecrutement
Pre-sales,Hors Île-de-France,30 ans,Pas de management,Bac +5,DeepTech,"134,31 K€","149,23 K€","186,54 K€",effectif,DataRecrutement
Trafic Manager ou Responsable SEO / SEA,Hors Île-de-France,0 ans,Pas de management,Bac +5,DeepTech,"34,54 K€","38,37 K€","47,97 K€",effectif,DataRecrutement
Trafic Manager ou Responsable SEO / SEA,Hors Île-de-France,1 ans,Pas de management,Bac +5,DeepTech,"36,32 K€","40,36 K€","50,44 K€",effectif,DataRecrutement
Trafic Manager ou Responsable SEO / SEA,Hors Île-de-France,2 ans,Pas de management,Bac +5,DeepTech,"38,10 K€","42,34 K€","52,92 K€",effectif,DataRecrutement
Trafic Manager ou Responsable SEO / SEA,Hors Île-de-France,3 ans,Pas de management,Bac +5,DeepTech,"39,89 K€","44,32 K€","55,40 K€",effectif,DataRecrutement
Trafic Manager ou Responsable SEO / SEA,Hors Île-de-France,4 ans,Pas de management,Bac +5,DeepTech,"41,67 K€","46,30 K€","57,88 K€",effectif,DataRecrutement
Trafic Manager ou Responsable SEO / SEA,Hors Île-de-France,5 ans,Pas de management,Bac +5,DeepTech,"43,46 K€","48,29 K€","60,36 K€",effectif,DataRecrutement
Trafic Manager ou Responsable SEO / SEA,Hors Île-de-France,8 ans,Pas de management,Bac +5,DeepTech,"48,81 K€","54,23 K€","67,79 K€",effectif,DataRecrutement
Trafic Manager ou Responsable SEO / SEA,Hors Île-de-France,10 ans,Pas de management,Bac +5,DeepTech,"52,38 K€","58,20 K€","72,75 K€",effectif,DataRecrutement
Trafic Manager ou Responsable SEO / SEA,Hors Île-de-France,15 ans,Pas de management,Bac +5,DeepTech,"61,30 K€","68,11 K€","85,14 K€",effectif,DataRecrutement
Trafic Manager ou Responsable SEO / SEA,Hors Île-de-France,30 ans,Pas de management,Bac +5,DeepTech,"88,07 K€","97,85 K€","122,32 K€",effectif,DataRecrutement
Directeur Artistique,Hors Île-de-France,0 ans,Pas de management,Bac +5,DeepTech,"34,71 K€","38,57 K€","48,21 K€",effectif,DataRecrutement
Directeur Artistique,Hors Île-de-France,1 ans,Pas de management,Bac +5,DeepTech,"37,21 K€","41,34 K€","51,68 K€",effectif,DataRecrutement
Directeur Artistique,Hors Île-de-France,2 ans,Pas de management,Bac +5,DeepTech,"39,71 K€","44,12 K€","55,15 K€",effectif,DataRecrutement
Directeur Artistique,Hors Île-de-France,3 ans,Pas de management,Bac +5,DeepTech,"42,20 K€","46,89 K€","58,61 K€",effectif,DataRecrutement
Directeur Artistique,Hors Île-de-France,4 ans,Pas de management,Bac +5,DeepTech,"44,70 K€","49,66 K€","62,08 K€",effectif,DataRecrutement
Directeur Artistique,Hors Île-de-France,5 ans,Pas de management,Bac +5,DeepTech,"47,19 K€","52,44 K€","65,54 K€",effectif,DataRecrutement
Directeur Artistique,Hors Île-de-France,8 ans,Pas de management,Bac +5,DeepTech,"54,68 K€","60,75 K€","75,94 K€",effectif,DataRecrutement
Directeur Artistique,Hors Île-de-France,10 ans,Pas de management,Bac +5,DeepTech,"59,67 K€","66,30 K€","82,88 K€",effectif,DataRecrutement
Directeur Artistique,Hors Île-de-France,15 ans,Pas de management,Bac +5,DeepTech,"72,15 K€","80,16 K€","100,21 K€",effectif,DataRecrutement
Directeur Artistique,Hors Île-de-France,30 ans,Pas de management,Bac +5,DeepTech,"109,58 K€","121,76 K€","152,20 K€",effectif,DataRecrutement
Programmatic campaign manager,Hors Île-de-France,0 ans,Pas de management,Bac +5,DeepTech,"33,65 K€","37,38 K€","46,73 K€",effectif,DataRecrutement
Programmatic campaign manager,Hors Île-de-France,1 ans,Pas de management,Bac +5,DeepTech,"35,38 K€","39,32 K€","49,14 K€",effectif,DataRecrutement
Programmatic campaign manager,Hors Île-de-France,2 ans,Pas de management,Bac +5,DeepTech,"37,12 K€","41,25 K€","51,56 K€",effectif,DataRecrutement
Programmatic campaign manager,Hors Île-de-France,3 ans,Pas de management,Bac +5,DeepTech,"38,86 K€","43,18 K€","53,97 K€",effectif,DataRecrutement
Programmatic campaign manager,Hors Île-de-France,4 ans,Pas de management,Bac +5,DeepTech,"40,60 K€","45,11 K€","56,39 K€",effectif,DataRecrutement
Programmatic campaign manager,Hors Île-de-France,5 ans,Pas de management,Bac +5,DeepTech,"42,34 K€","47,04 K€","58,80 K€",effectif,DataRecrutement
Programmatic campaign manager,Hors Île-de-France,8 ans,Pas de management,Bac +5,DeepTech,"47,55 K€","52,84 K€","66,05 K€",effectif,DataRecrutement
Programmatic campaign manager,Hors Île-de-France,10 ans,Pas de management,Bac +5,DeepTech,"51,03 K€","56,70 K€","70,88 K€",effectif,DataRecrutement
Programmatic campaign manager,Hors Île-de-France,15 ans,Pas de management,Bac +5,DeepTech,"59,72 K€","66,36 K€","82,95 K€",effectif,DataRecrutement
Programmatic campaign manager,Hors Île-de-France,30 ans,Pas de management,Bac +5,DeepTech,"85,80 K€","95,33 K€","119,16 K€",effectif,DataRecrutement
Growth Hacker,Hors Île-de-France,0 ans,Pas de management,Bac +5,DeepTech,"35,57 K€","39,52 K€","49,40 K€",effectif,DataRecrutement
Growth Hacker,Hors Île-de-France,1 ans,Pas de management,Bac +5,DeepTech,"37,41 K€","41,56 K€","51,95 K€",effectif,DataRecrutement
Growth Hacker,Hors Île-de-France,2 ans,Pas de management,Bac +5,DeepTech,"39,24 K€","43,60 K€","54,51 K€",effectif,DataRecrutement
Growth Hacker,Hors Île-de-France,3 ans,Pas de management,Bac +5,DeepTech,"41,08 K€","45,65 K€","57,06 K€",effectif,DataRecrutement
Growth Hacker,Hors Île-de-France,4 ans,Pas de management,Bac +5,DeepTech,"42,92 K€","47,69 K€","59,61 K€",effectif,DataRecrutement
Growth Hacker,Hors Île-de-France,5 ans,Pas de management,Bac +5,DeepTech,"44,76 K€","49,73 K€","62,16 K€",effectif,DataRecrutement
Growth Hacker,Hors Île-de-France,8 ans,Pas de management,Bac +5,DeepTech,"50,27 K€","55,86 K€","69,82 K€",effectif,DataRecrutement
Growth Hacker,Hors Île-de-France,10 ans,Pas de management,Bac +5,DeepTech,"53,95 K€","59,94 K€","74,92 K€",effectif,DataRecrutement
Growth Hacker,Hors Île-de-France,15 ans,Pas de management,Bac +5,DeepTech,"63,13 K€","70,15 K€","87,69 K€",effectif,DataRecrutement
Growth Hacker,Hors Île-de-France,30 ans,Pas de management,Bac +5,DeepTech,"90,70 K€","100,78 K€","125,97 K€",effectif,DataRecrutement
Brand Manager,Hors Île-de-France,0 ans,Pas de management,Bac +5,DeepTech,"36,05 K€","40,05 K€","50,07 K€",effectif,DataRecrutement
Brand Manager,Hors Île-de-France,1 ans,Pas de management,Bac +5,DeepTech,"37,51 K€","41,67 K€","52,09 K€",effectif,DataRecrutement
Brand Manager,Hors Île-de-France,2 ans,Pas de management,Bac +5,DeepTech,"38,97 K€","43,29 K€","54,12 K€",effectif,DataRecrutement
Brand Manager,Hors Île-de-France,3 ans,Pas de management,Bac +5,DeepTech,"40,42 K€","44,91 K€","56,14 K€",effectif,DataRecrutement
Brand Manager,Hors Île-de-France,4 ans,Pas de management,Bac +5,DeepTech,"41,88 K€","46,53 K€","58,17 K€",effectif,DataRecrutement
Brand Manager,Hors Île-de-France,5 ans,Pas de management,Bac +5,DeepTech,"43,34 K€","48,15 K€","60,19 K€",effectif,DataRecrutement
Brand Manager,Hors Île-de-France,8 ans,Pas de management,Bac +5,DeepTech,"47,71 K€","53,01 K€","66,27 K€",effectif,DataRecrutement
Brand Manager,Hors Île-de-France,10 ans,Pas de management,Bac +5,DeepTech,"50,63 K€","56,25 K€","70,32 K€",effectif,DataRecrutement
Brand Manager,Hors Île-de-France,15 ans,Pas de management,Bac +5,DeepTech,"57,92 K€","64,35 K€","80,44 K€",effectif,DataRecrutement
Brand Manager,Hors Île-de-France,30 ans,Pas de management,Bac +5,DeepTech,"79,79 K€","88,65 K€","110,82 K€",effectif,DataRecrutement
Content Manager,Hors Île-de-France,0 ans,Pas de management,Bac +5,DeepTech,"34,00 K€","37,78 K€","47,22 K€",effectif,DataRecrutement
Content Manager,Hors Île-de-France,1 ans,Pas de management,Bac +5,DeepTech,"35,76 K€","39,73 K€","49,66 K€",effectif,DataRecrutement
Content Manager,Hors Île-de-France,2 ans,Pas de management,Bac +5,DeepTech,"37,52 K€","41,68 K€","52,10 K€",effectif,DataRecrutement
Content Manager,Hors Île-de-France,3 ans,Pas de management,Bac +5,DeepTech,"39,27 K€","43,64 K€","54,54 K€",effectif,DataRecrutement
Content Manager,Hors Île-de-France,4 ans,Pas de management,Bac +5,DeepTech,"41,03 K€","45,59 K€","56,98 K€",effectif,DataRecrutement
Content Manager,Hors Île-de-France,5 ans,Pas de management,Bac +5,DeepTech,"42,79 K€","47,54 K€","59,42 K€",effectif,DataRecrutement
Content Manager,Hors Île-de-France,8 ans,Pas de management,Bac +5,DeepTech,"48,06 K€","53,40 K€","66,74 K€",effectif,DataRecrutement
Content Manager,Hors Île-de-France,10 ans,Pas de management,Bac +5,DeepTech,"51,57 K€","57,30 K€","71,63 K€",effectif,DataRecrutement
Content Manager,Hors Île-de-France,15 ans,Pas de management,Bac +5,DeepTech,"60,35 K€","67,06 K€","83,83 K€",effectif,DataRecrutement
Content Manager,Hors Île-de-France,30 ans,Pas de management,Bac +5,DeepTech,"86,71 K€","96,34 K€","120,43 K€",effectif,DataRecrutement
Social Media Manager,Hors Île-de-France,0 ans,Pas de management,Bac +5,DeepTech,"35,11 K€","39,02 K€","48,77 K€",effectif,DataRecrutement
Social Media Manager,Hors Île-de-France,1 ans,Pas de management,Bac +5,DeepTech,"36,93 K€","41,03 K€","51,29 K€",effectif,DataRecrutement
Social Media Manager,Hors Île-de-France,2 ans,Pas de management,Bac +5,DeepTech,"38,74 K€","43,05 K€","53,81 K€",effectif,DataRecrutement
Social Media Manager,Hors Île-de-France,3 ans,Pas de management,Bac +5,DeepTech,"40,56 K€","45,06 K€","56,33 K€",effectif,DataRecrutement
Social Media Manager,Hors Île-de-France,4 ans,Pas de management,Bac +5,DeepTech,"42,37 K€","47,08 K€","58,85 K€",effectif,DataRecrutement
Social Media Manager,Hors Île-de-France,5 ans,Pas de management,Bac +5,DeepTech,"44,19 K€","49,10 K€","61,37 K€",effectif,DataRecrutement
Social Media Manager,Hors Île-de-France,8 ans,Pas de management,Bac +5,DeepTech,"49,63 K€","55,14 K€","68,93 K€",effectif,DataRecrutement
Social Media Manager,Hors Île-de-France,10 ans,Pas de management,Bac +5,DeepTech,"53,26 K€","59,17 K€","73,97 K€",effectif,DataRecrutement
Social Media Manager,Hors Île-de-France,15 ans,Pas de management,Bac +5,DeepTech,"62,33 K€","69,25 K€","86,57 K€",effectif,DataRecrutement
Social Media Manager,Hors Île-de-France,30 ans,Pas de management,Bac +5,DeepTech,"89,54 K€","99,49 K€","124,37 K€",effectif,DataRecrutement
Community manager,Hors Île-de-France,0 ans,Pas de management,Bac +5,DeepTech,"33,57 K€","37,31 K€","46,63 K€",effectif,DataRecrutement
Community manager,Hors Île-de-France,1 ans,Pas de management,Bac +5,DeepTech,"35,31 K€","39,23 K€","49,04 K€",effectif,DataRecrutement
Community manager,Hors Île-de-France,2 ans,Pas de management,Bac +5,DeepTech,"37,04 K€","41,16 K€","51,45 K€",effectif,DataRecrutement
Community manager,Hors Île-de-France,3 ans,Pas de management,Bac +5,DeepTech,"38,78 K€","43,09 K€","53,86 K€",effectif,DataRecrutement
Community manager,Hors Île-de-France,4 ans,Pas de management,Bac +5,DeepTech,"40,51 K€","45,02 K€","56,27 K€",effectif,DataRecrutement
Community manager,Hors Île-de-France,5 ans,Pas de management,Bac +5,DeepTech,"42,25 K€","46,94 K€","58,68 K€",effectif,DataRecrutement
Community manager,Hors Île-de-France,8 ans,Pas de management,Bac +5,DeepTech,"47,45 K€","52,73 K€","65,91 K€",effectif,DataRecrutement
Community manager,Hors Île-de-France,10 ans,Pas de management,Bac +5,DeepTech,"50,92 K€","56,58 K€","70,72 K€",effectif,DataRecrutement
Community manager,Hors Île-de-France,15 ans,Pas de management,Bac +5,DeepTech,"59,60 K€","66,22 K€","82,77 K€",effectif,DataRecrutement
Community manager,Hors Île-de-France,30 ans,Pas de management,Bac +5,DeepTech,"85,62 K€","95,13 K€","118,91 K€",effectif,DataRecrutement
Expert CRM,Hors Île-de-France,0 ans,Pas de management,Bac +5,DeepTech,"37,49 K€","41,66 K€","52,07 K€",effectif,DataRecrutement
Expert CRM,Hors Île-de-France,1 ans,Pas de management,Bac +5,DeepTech,"39,43 K€","43,81 K€","54,76 K€",effectif,DataRecrutement
Expert CRM,Hors Île-de-France,2 ans,Pas de management,Bac +5,DeepTech,"41,37 K€","45,96 K€","57,45 K€",effectif,DataRecrutement
Expert CRM,Hors Île-de-France,3 ans,Pas de management,Bac +5,DeepTech,"43,30 K€","48,11 K€","60,14 K€",effectif,DataRecrutement
Expert CRM,Hors Île-de-France,4 ans,Pas de management,Bac +5,DeepTech,"45,24 K€","50,27 K€","62,83 K€",effectif,DataRecrutement
Expert CRM,Hors Île-de-France,5 ans,Pas de management,Bac +5,DeepTech,"47,18 K€","52,42 K€","65,52 K€",effectif,DataRecrutement
Expert CRM,Hors Île-de-France,8 ans,Pas de management,Bac +5,DeepTech,"52,99 K€","58,88 K€","73,59 K€",effectif,DataRecrutement
Expert CRM,Hors Île-de-France,10 ans,Pas de management,Bac +5,DeepTech,"56,86 K€","63,18 K€","78,97 K€",effectif,DataRecrutement
Expert CRM,Hors Île-de-France,15 ans,Pas de management,Bac +5,DeepTech,"66,55 K€","73,94 K€","92,43 K€",effectif,DataRecrutement
Expert CRM,Hors Île-de-France,30 ans,Pas de management,Bac +5,DeepTech,"95,60 K€","106,23 K€","132,78 K€",effectif,DataRecrutement
"RP, influence & Event Manager",Hors Île-de-France,0 ans,Pas de management,Bac +5,DeepTech,"33,74 K€","37,49 K€","46,86 K€",effectif,DataRecrutement
"RP, influence & Event Manager",Hors Île-de-France,1 ans,Pas de management,Bac +5,DeepTech,"35,49 K€","39,43 K€","49,29 K€",effectif,DataRecrutement
"RP, influence & Event Manager",Hors Île-de-France,2 ans,Pas de management,Bac +5,DeepTech,"37,23 K€","41,37 K€","51,71 K€",effectif,DataRecrutement
"RP, influence & Event Manager",Hors Île-de-France,3 ans,Pas de management,Bac +5,DeepTech,"38,97 K€","43,30 K€","54,13 K€",effectif,DataRecrutement
"RP, influence & Event Manager",Hors Île-de-France,4 ans,Pas de management,Bac +5,DeepTech,"40,72 K€","45,24 K€","56,55 K€",effectif,DataRecrutement
"RP, influence & Event Manager",Hors Île-de-France,5 ans,Pas de management,Bac +5,DeepTech,"42,46 K€","47,18 K€","58,97 K€",effectif,DataRecrutement
"RP, influence & Event Manager",Hors Île-de-France,8 ans,Pas de management,Bac +5,DeepTech,"47,69 K€","52,99 K€","66,23 K€",effectif,DataRecrutement
"RP, influence & Event Manager",Hors Île-de-France,10 ans,Pas de management,Bac +5,DeepTech,"51,18 K€","56,86 K€","71,08 K€",effectif,DataRecrutement
"RP, influence & Event Manager",Hors Île-de-France,15 ans,Pas de management,Bac +5,DeepTech,"59,89 K€","66,55 K€","83,18 K€",effectif,DataRecrutement
"RP, influence & Event Manager",Hors Île-de-France,30 ans,Pas de management,Bac +5,DeepTech,"86,04 K€","95,60 K€","119,50 K€",effectif,DataRecrutement
