1001,GDPR-001,RGPD & Protection des Données,2024-09-07,COMP,2.00,95.58,207.52,COMPLIANCE
1001,HEALTH-001,Santé & Sécurité au Travail,2024-08-29,COMP,4.00,79.45,228.47,COMPLIANCE
1001,FIRE-001,Sécurité & Évacuation Incendie,2024-08-30,COMP,1.00,79.96,99.10,COMPLIANCE
1001,DEI-001,Égalité Femmes-Hommes,2024-08-19,COMP,3.00,89.98,177.41,COMPLIANCE
1001,FRAUD-001,Prévention Fraude & Corruption,2024-08-20,COMP,2.00,75.33,142.91,COMPLIANCE
1001,ETHICS-001,Code de Déontologie Novaryn Tech,2024-08-23,COMP,1.50,75.12,126.25,COMPLIANCE
1001,PM-001,Product Management Essentials,2025-07-02,FAIL,20.00,51.08,1195.79,COURSE
1001,SQL-001,Advanced SQL for Analytics,2025-02-12,COMP,16.00,64.38,876.54,ELEARN
1002,GDPR-001,RGPD & Protection des Données,2015-11-30,COMP,2.00,90.40,191.63,COMPLIANCE
1002,HEALTH-001,Santé & Sécurité au Travail,2015-11-08,COMP,4.00,85.76,233.37,COMPLIANCE
1002,FIRE-001,Sécurité & Évacuation Incendie,2015-11-03,COMP,1.00,93.26,92.00,COMPLIANCE
1002,DEI-001,Égalité Femmes-Hommes,2015-12-15,COMP,3.00,92.09,178.29,COMPLIANCE
1002,FRAUD-001,Prévention Fraude & Corruption,2015-12-11,COMP,2.00,80.52,151.37,COMPLIANCE
1002,ETHICS-001,Code de Déontologie Novaryn Tech,2015-12-06,COMP,1.50,84.59,116.74,COMPLIANCE
1002,SQL-001,Advanced SQL for Analytics,2026-06-13,ENR,16.00,0.00,865.89,ELEARN
1002,AZURE-001,Microsoft Azure Fundamentals,2026-06-23,ENR,28.00,0.00,1592.49,ELEARN
1003,GDPR-001,RGPD & Protection des Données,2013-10-22,COMP,2.00,90.57,209.13,COMPLIANCE
1003,HEALTH-001,Santé & Sécurité au Travail,2013-10-06,COMP,4.00,74.44,245.52,COMPLIANCE
1003,FIRE-001,Sécurité & Évacuation Incendie,2013-10-19,COMP,1.00,89.78,92.83,COMPLIANCE
1003,DEI-001,Égalité Femmes-Hommes,2013-11-05,COMP,3.00,70.93,182.79,COMPLIANCE
1003,FRAUD-001,Prévention Fraude & Corruption,2013-11-18,COMP,2.00,99.20,145.78,COMPLIANCE
1003,ETHICS-001,Code de Déontologie Novaryn Tech,2013-11-21,COMP,1.50,72.68,130.10,COMPLIANCE
1003,SAFE-001,SAFe Agile Practitioner,2022-12-14,FAIL,16.00,56.65,1263.48,COURSE
1003,LEAD-001,Leadership & Management,2024-07-13,FAIL,20.00,46.63,1424.04,COURSE
1003,AZURE-001,Microsoft Azure Fundamentals,2023-08-23,COMP,28.00,97.81,1492.60,ELEARN
1003,ML-001,Machine Learning Fundamentals,2025-08-17,COMP,40.00,83.18,1696.88,ELEARN
1003,K8S-001,Kubernetes Fundamentals,2026-04-23,ENR,24.00,0.00,1078.04,ELEARN
1004,GDPR-001,RGPD & Protection des Données,2021-05-17,COMP,2.00,87.00,211.70,COMPLIANCE
1004,HEALTH-001,Santé & Sécurité au Travail,2021-05-10,COMP,4.00,78.65,273.47,COMPLIANCE
1004,FIRE-001,Sécurité & Évacuation Incendie,2021-05-19,COMP,1.00,97.82,92.94,COMPLIANCE
1004,DEI-001,Égalité Femmes-Hommes,2021-05-31,COMP,3.00,74.51,196.80,COMPLIANCE
1004,FRAUD-001,Prévention Fraude & Corruption,2021-05-27,COMP,2.00,86.74,139.88,COMPLIANCE
1004,ETHICS-001,Code de Déontologie Novaryn Tech,2021-05-19,COMP,1.50,78.65,127.19,COMPLIANCE
1004,K8S-001,Kubernetes Fundamentals,2022-02-09,COMP,24.00,93.02,975.73,ELEARN
1004,SCRUM-001,Scrum Fundamentals,2025-10-28,COMP,12.00,60.20,573.41,ELEARN
1005,GDPR-001,RGPD & Protection des Données,2019-05-05,COMP,2.00,70.02,190.06,COMPLIANCE
1005,HEALTH-001,Santé & Sécurité au Travail,2019-04-04,COMP,4.00,96.36,264.26,COMPLIANCE
1005,FIRE-001,Sécurité & Évacuation Incendie,2019-04-14,COMP,1.00,89.96,105.38,COMPLIANCE
1005,DEI-001,Égalité Femmes-Hommes,2019-03-22,COMP,3.00,98.61,187.68,COMPLIANCE
1005,FRAUD-001,Prévention Fraude & Corruption,2019-03-22,COMP,2.00,99.88,140.90,COMPLIANCE
1005,ETHICS-001,Code de Déontologie Novaryn Tech,2019-04-19,COMP,1.50,97.55,114.98,COMPLIANCE
1005,K8S-001,Kubernetes Fundamentals,2025-07-04,COMP,24.00,87.14,1062.46,ELEARN
1005,SQL-001,Advanced SQL for Analytics,2022-11-26,COMP,16.00,96.17,894.33,ELEARN
1006,GDPR-001,RGPD & Protection des Données,2013-08-31,COMP,2.00,87.91,186.93,COMPLIANCE
1006,HEALTH-001,Santé & Sécurité au Travail,2013-09-08,COMP,4.00,90.37,241.12,COMPLIANCE
1006,FIRE-001,Sécurité & Évacuation Incendie,2013-09-18,COMP,1.00,74.18,105.35,COMPLIANCE
1006,DEI-001,Égalité Femmes-Hommes,2013-08-28,COMP,3.00,74.07,181.95,COMPLIANCE
1006,FRAUD-001,Prévention Fraude & Corruption,2013-08-31,COMP,2.00,79.15,143.92,COMPLIANCE
1006,ETHICS-001,Code de Déontologie Novaryn Tech,2013-09-21,COMP,1.50,83.83,112.40,COMPLIANCE
1006,LEAD-001,Leadership & Management,2020-02-09,COMP,20.00,87.41,1435.90,COURSE
1006,PYTHON-001,Python for Data Science,2023-07-29,COMP,24.00,78.66,1138.43,ELEARN
1006,ML-001,Machine Learning Fundamentals,2024-03-03,COMP,40.00,96.50,1372.68,ELEARN
1006,K8S-001,Kubernetes Fundamentals,2026-04-19,ENR,24.00,0.00,1184.43,ELEARN
1006,SQL-001,Advanced SQL for Analytics,2023-09-08,COMP,16.00,72.10,738.23,ELEARN
1007,GDPR-001,RGPD & Protection des Données,2020-09-14,COMP,2.00,81.19,204.84,COMPLIANCE
1007,HEALTH-001,Santé & Sécurité au Travail,2020-09-18,COMP,4.00,96.33,227.68,COMPLIANCE
1007,FIRE-001,Sécurité & Évacuation Incendie,2020-09-07,COMP,1.00,73.78,103.40,COMPLIANCE
1007,DEI-001,Égalité Femmes-Hommes,2020-09-11,COMP,3.00,94.22,193.50,COMPLIANCE
1007,FRAUD-001,Prévention Fraude & Corruption,2020-09-11,COMP,2.00,95.18,137.54,COMPLIANCE
1007,ETHICS-001,Code de Déontologie Novaryn Tech,2020-08-30,COMP,1.50,94.90,123.60,COMPLIANCE
1007,PM-001,Product Management Essentials,2023-12-04,COMP,20.00,73.25,1041.91,COURSE
1007,LEAD-001,Leadership & Management,2026-07-03,ENR,20.00,0.00,1504.87,COURSE
1007,AZURE-001,Microsoft Azure Fundamentals,2026-07-06,ENR,28.00,0.00,1458.43,ELEARN
1007,EXCEL-001,Excel Avancé & Reporting,2024-07-19,COMP,8.00,89.62,399.44,ELEARN
1008,GDPR-001,RGPD & Protection des Données,2015-06-10,COMP,2.00,96.85,205.59,COMPLIANCE
1008,HEALTH-001,Santé & Sécurité au Travail,2015-06-05,COMP,4.00,79.03,240.54,COMPLIANCE
1008,FIRE-001,Sécurité & Évacuation Incendie,2015-05-27,COMP,1.00,94.17,102.47,COMPLIANCE
1008,DEI-001,Égalité Femmes-Hommes,2015-06-08,COMP,3.00,73.44,162.00,COMPLIANCE
1008,FRAUD-001,Prévention Fraude & Corruption,2015-07-04,COMP,2.00,96.40,150.59,COMPLIANCE
1008,ETHICS-001,Code de Déontologie Novaryn Tech,2015-06-11,COMP,1.50,76.13,119.37,COMPLIANCE
1008,REACT-001,React & TypeScript Masterclass,2021-07-01,COMP,36.00,67.36,1104.57,ELEARN
1008,SCRUM-001,Scrum Fundamentals,2026-05-11,ENR,12.00,0.00,657.90,ELEARN
1008,LEAD-001,Leadership & Management,2025-07-13,COMP,20.00,94.37,1552.72,COURSE
1008,AZURE-001,Microsoft Azure Fundamentals,2022-04-19,COMP,28.00,85.45,1448.71,ELEARN
1008,EXCEL-001,Excel Avancé & Reporting,2026-07-01,ENR,8.00,0.00,368.88,ELEARN
1009,GDPR-001,RGPD & Protection des Données,2019-10-01,COMP,2.00,92.25,201.87,COMPLIANCE
1009,HEALTH-001,Santé & Sécurité au Travail,2019-09-29,COMP,4.00,84.41,239.47,COMPLIANCE
1009,FIRE-001,Sécurité & Évacuation Incendie,2019-09-05,COMP,1.00,98.77,99.86,COMPLIANCE
1009,DEI-001,Égalité Femmes-Hommes,2019-10-11,COMP,3.00,78.26,175.89,COMPLIANCE
1009,FRAUD-001,Prévention Fraude & Corruption,2019-10-20,COMP,2.00,73.22,147.51,COMPLIANCE
1009,ETHICS-001,Code de Déontologie Novaryn Tech,2019-09-26,COMP,1.50,74.44,114.80,COMPLIANCE
1009,PM-001,Product Management Essentials,2024-07-30,COMP,20.00,72.11,1252.24,COURSE
1009,REACT-001,React & TypeScript Masterclass,2024-02-11,FAIL,36.00,51.78,1035.35,ELEARN
1010,GDPR-001,RGPD & Protection des Données,2025-11-06,COMP,2.00,98.88,198.72,COMPLIANCE
1010,HEALTH-001,Santé & Sécurité au Travail,2025-11-30,COMP,4.00,83.75,225.46,COMPLIANCE
1010,FIRE-001,Sécurité & Évacuation Incendie,2025-10-25,COMP,1.00,80.73,107.12,COMPLIANCE
1010,DEI-001,Égalité Femmes-Hommes,2025-11-16,COMP,3.00,76.32,194.49,COMPLIANCE
1010,FRAUD-001,Prévention Fraude & Corruption,2025-11-17,COMP,2.00,81.72,136.88,COMPLIANCE
1010,ETHICS-001,Code de Déontologie Novaryn Tech,2025-11-25,COMP,1.50,74.54,123.74,COMPLIANCE
1010,K8S-001,Kubernetes Fundamentals,2026-07-01,ENR,24.00,0.00,1034.97,ELEARN
1010,COMM-001,Communication & Public Speaking,2025-12-31,COMP,8.00,96.65,417.42,OJT
1010,PYTHON-001,Python for Data Science,2025-12-31,COMP,24.00,78.87,1047.69,ELEARN
1010,AZURE-001,Microsoft Azure Fundamentals,2025-12-31,COMP,28.00,97.10,1732.19,ELEARN
1011,GDPR-001,RGPD & Protection des Données,2025-10-26,COMP,2.00,77.78,207.91,COMPLIANCE
1011,HEALTH-001,Santé & Sécurité au Travail,2025-10-30,COMP,4.00,98.66,242.40,COMPLIANCE
1011,FIRE-001,Sécurité & Évacuation Incendie,2025-11-01,COMP,1.00,94.90,91.35,COMPLIANCE
1011,DEI-001,Égalité Femmes-Hommes,2025-09-24,COMP,3.00,95.56,167.73,COMPLIANCE
1011,FRAUD-001,Prévention Fraude & Corruption,2025-09-29,COMP,2.00,89.96,149.98,COMPLIANCE
1011,ETHICS-001,Code de Déontologie Novaryn Tech,2025-11-05,COMP,1.50,84.29,126.24,COMPLIANCE
1011,LEAD-001,Leadership & Management,2026-05-31,ENR,20.00,0.00,1690.07,COURSE
1011,PYTHON-001,Python for Data Science,2025-12-25,COMP,24.00,70.02,861.23,ELEARN
1011,REACT-001,React & TypeScript Masterclass,2026-06-03,ENR,36.00,0.00,1294.81,ELEARN
1012,GDPR-001,RGPD & Protection des Données,2019-04-25,COMP,2.00,88.94,181.18,COMPLIANCE
1012,HEALTH-001,Santé & Sécurité au Travail,2019-03-29,COMP,4.00,79.63,259.94,COMPLIANCE
1012,FIRE-001,Sécurité & Évacuation Incendie,2019-04-11,COMP,1.00,74.00,102.75,COMPLIANCE
1012,DEI-001,Égalité Femmes-Hommes,2019-04-22,COMP,3.00,75.99,171.09,COMPLIANCE
1012,FRAUD-001,Prévention Fraude & Corruption,2019-04-15,COMP,2.00,90.37,141.76,COMPLIANCE
1012,ETHICS-001,Code de Déontologie Novaryn Tech,2019-05-04,COMP,1.50,74.86,127.53,COMPLIANCE
1012,LEAD-001,Leadership & Management,2022-04-13,COMP,20.00,86.75,1366.59,COURSE
1012,PM-001,Product Management Essentials,2026-04-08,ENR,20.00,0.00,1149.44,COURSE
1012,SCRUM-001,Scrum Fundamentals,2022-02-01,COMP,12.00,81.86,522.95,ELEARN
1013,GDPR-001,RGPD & Protection des Données,2014-09-11,COMP,2.00,90.47,218.31,COMPLIANCE
1013,HEALTH-001,Santé & Sécurité au Travail,2014-10-16,COMP,4.00,89.27,249.81,COMPLIANCE
1013,FIRE-001,Sécurité & Évacuation Incendie,2014-10-23,COMP,1.00,76.22,106.55,COMPLIANCE
1013,DEI-001,Égalité Femmes-Hommes,2014-10-02,COMP,3.00,80.56,184.27,COMPLIANCE
1013,FRAUD-001,Prévention Fraude & Corruption,2014-10-05,COMP,2.00,95.60,159.05,COMPLIANCE
1013,ETHICS-001,Code de Déontologie Novaryn Tech,2014-09-28,COMP,1.50,82.83,117.03,COMPLIANCE
1013,PM-001,Product Management Essentials,2020-09-26,COMP,20.00,80.69,1056.33,COURSE
1013,LEAD-001,Leadership & Management,2022-05-16,COMP,20.00,62.06,1518.24,COURSE
1014,GDPR-001,RGPD & Protection des Données,2017-09-30,COMP,2.00,76.72,217.62,COMPLIANCE
1014,HEALTH-001,Santé & Sécurité au Travail,2017-11-21,COMP,4.00,77.54,260.16,COMPLIANCE
1014,FIRE-001,Sécurité & Évacuation Incendie,2017-10-03,COMP,1.00,96.17,93.16,COMPLIANCE
1014,DEI-001,Égalité Femmes-Hommes,2017-10-17,COMP,3.00,72.24,182.71,COMPLIANCE
1014,FRAUD-001,Prévention Fraude & Corruption,2017-11-01,COMP,2.00,97.95,150.00,COMPLIANCE
1014,ETHICS-001,Code de Déontologie Novaryn Tech,2017-10-24,COMP,1.50,88.56,121.10,COMPLIANCE
1014,PM-001,Product Management Essentials,2023-11-01,FAIL,20.00,58.71,1255.16,COURSE
1014,K8S-001,Kubernetes Fundamentals,2022-01-27,COMP,24.00,76.86,1001.17,ELEARN
1015,GDPR-001,RGPD & Protection des Données,2018-08-12,COMP,2.00,71.78,188.17,COMPLIANCE
1015,HEALTH-001,Santé & Sécurité au Travail,2018-08-16,COMP,4.00,92.02,271.21,COMPLIANCE
1015,FIRE-001,Sécurité & Évacuation Incendie,2018-08-06,COMP,1.00,97.37,91.25,COMPLIANCE
1015,DEI-001,Égalité Femmes-Hommes,2018-07-26,COMP,3.00,72.19,196.13,COMPLIANCE
1015,FRAUD-001,Prévention Fraude & Corruption,2018-08-03,COMP,2.00,91.09,157.97,COMPLIANCE
1015,ETHICS-001,Code de Déontologie Novaryn Tech,2018-06-27,COMP,1.50,80.38,109.70,COMPLIANCE
1015,PM-001,Product Management Essentials,2023-12-14,COMP,20.00,65.18,1280.40,COURSE
1015,COMM-001,Communication & Public Speaking,2024-11-05,COMP,8.00,79.86,367.03,OJT
1015,EXCEL-001,Excel Avancé & Reporting,2025-03-11,COMP,8.00,79.10,433.79,ELEARN
1015,LEAD-001,Leadership & Management,2026-05-07,ENR,20.00,0.00,1284.65,COURSE
1015,ML-001,Machine Learning Fundamentals,2023-03-23,COMP,40.00,90.94,1749.45,ELEARN
1016,GDPR-001,RGPD & Protection des Données,2017-12-18,COMP,2.00,88.24,195.18,COMPLIANCE
1016,HEALTH-001,Santé & Sécurité au Travail,2017-12-27,COMP,4.00,92.14,252.62,COMPLIANCE
1016,FIRE-001,Sécurité & Évacuation Incendie,2017-11-17,COMP,1.00,81.61,97.54,COMPLIANCE
1016,DEI-001,Égalité Femmes-Hommes,2017-11-22,COMP,3.00,82.89,177.37,COMPLIANCE
1016,FRAUD-001,Prévention Fraude & Corruption,2017-11-22,COMP,2.00,73.47,138.54,COMPLIANCE
1016,ETHICS-001,Code de Déontologie Novaryn Tech,2017-12-23,COMP,1.50,99.48,116.83,COMPLIANCE
1016,SQL-001,Advanced SQL for Analytics,2022-11-11,COMP,16.00,63.68,682.41,ELEARN
1016,REACT-001,React & TypeScript Masterclass,2020-03-30,COMP,36.00,90.10,1310.78,ELEARN
1016,SCRUM-001,Scrum Fundamentals,2024-03-15,COMP,12.00,61.83,654.32,ELEARN
1017,GDPR-001,RGPD & Protection des Données,2025-11-16,COMP,2.00,77.50,182.28,COMPLIANCE
1017,HEALTH-001,Santé & Sécurité au Travail,2025-10-04,COMP,4.00,73.80,234.03,COMPLIANCE
1017,FIRE-001,Sécurité & Évacuation Incendie,2025-10-03,COMP,1.00,79.42,102.05,COMPLIANCE
1017,DEI-001,Égalité Femmes-Hommes,2025-10-16,COMP,3.00,99.94,166.67,COMPLIANCE
1017,FRAUD-001,Prévention Fraude & Corruption,2025-10-26,COMP,2.00,84.36,138.67,COMPLIANCE
1017,ETHICS-001,Code de Déontologie Novaryn Tech,2025-10-05,COMP,1.50,72.29,130.52,COMPLIANCE
1017,K8S-001,Kubernetes Fundamentals,2025-12-26,FAIL,24.00,56.32,1081.37,ELEARN
1017,COMM-001,Communication & Public Speaking,2025-12-25,COMP,8.00,74.68,406.17,OJT
1017,SQL-001,Advanced SQL for Analytics,2026-05-09,ENR,16.00,0.00,806.44,ELEARN
1018,GDPR-001,RGPD & Protection des Données,2019-11-18,COMP,2.00,79.57,201.66,COMPLIANCE
1018,HEALTH-001,Santé & Sécurité au Travail,2019-11-07,COMP,4.00,71.62,270.02,COMPLIANCE
1018,FIRE-001,Sécurité & Évacuation Incendie,2019-12-16,COMP,1.00,98.52,99.72,COMPLIANCE
1018,DEI-001,Égalité Femmes-Hommes,2019-11-06,COMP,3.00,76.11,166.94,COMPLIANCE
1018,FRAUD-001,Prévention Fraude & Corruption,2019-12-04,COMP,2.00,76.92,157.26,COMPLIANCE
1018,ETHICS-001,Code de Déontologie Novaryn Tech,2019-11-14,COMP,1.50,73.68,125.40,COMPLIANCE
1018,SCRUM-001,Scrum Fundamentals,2021-11-12,COMP,12.00,78.15,530.56,ELEARN
1018,AWS-001,AWS Cloud Practitioner,2023-01-29,COMP,30.00,61.35,1680.10,ELEARN
1018,K8S-001,Kubernetes Fundamentals,2022-04-04,COMP,24.00,93.09,962.88,ELEARN
1020,GDPR-001,RGPD & Protection des Données,2017-01-19,COMP,2.00,95.64,195.36,COMPLIANCE
1020,HEALTH-001,Santé & Sécurité au Travail,2017-01-03,COMP,4.00,95.88,244.23,COMPLIANCE
1020,FIRE-001,Sécurité & Évacuation Incendie,2017-01-04,COMP,1.00,76.73,97.59,COMPLIANCE
1020,DEI-001,Égalité Femmes-Hommes,2017-02-13,COMP,3.00,82.93,163.88,COMPLIANCE
1020,FRAUD-001,Prévention Fraude & Corruption,2017-01-21,COMP,2.00,70.94,157.89,COMPLIANCE
1020,ETHICS-001,Code de Déontologie Novaryn Tech,2017-01-03,COMP,1.50,97.30,126.11,COMPLIANCE
1020,AZURE-001,Microsoft Azure Fundamentals,2022-11-23,COMP,28.00,93.17,1568.36,ELEARN
1020,PM-001,Product Management Essentials,2022-05-18,COMP,20.00,89.17,1284.75,COURSE
1020,AWS-001,AWS Cloud Practitioner,2025-01-26,COMP,30.00,64.37,1739.58,ELEARN
1020,SCRUM-001,Scrum Fundamentals,2026-07-03,ENR,12.00,0.00,561.74,ELEARN
1021,GDPR-001,RGPD & Protection des Données,2018-04-07,COMP,2.00,83.91,202.90,COMPLIANCE
1021,HEALTH-001,Santé & Sécurité au Travail,2018-04-09,COMP,4.00,93.07,238.01,COMPLIANCE
1021,FIRE-001,Sécurité & Évacuation Incendie,2018-03-28,COMP,1.00,84.02,109.85,COMPLIANCE
1021,DEI-001,Égalité Femmes-Hommes,2018-03-19,COMP,3.00,73.96,162.55,COMPLIANCE
1021,FRAUD-001,Prévention Fraude & Corruption,2018-04-24,COMP,2.00,90.48,143.23,COMPLIANCE
1021,ETHICS-001,Code de Déontologie Novaryn Tech,2018-03-19,COMP,1.50,93.14,115.10,COMPLIANCE
1021,SCRUM-001,Scrum Fundamentals,2022-05-08,COMP,12.00,91.30,655.85,ELEARN
1021,PM-001,Product Management Essentials,2024-09-22,COMP,20.00,64.97,1224.64,COURSE
1021,AZURE-001,Microsoft Azure Fundamentals,2020-02-01,COMP,28.00,70.58,1445.82,ELEARN
1021,SQL-001,Advanced SQL for Analytics,2024-05-24,COMP,16.00,77.60,791.95,ELEARN
1021,SAFE-001,SAFe Agile Practitioner,2021-08-16,FAIL,16.00,49.12,1544.62,COURSE
1022,GDPR-001,RGPD & Protection des Données,2024-01-16,COMP,2.00,82.26,203.18,COMPLIANCE
1022,HEALTH-001,Santé & Sécurité au Travail,2024-01-08,COMP,4.00,78.29,255.52,COMPLIANCE
1022,FIRE-001,Sécurité & Évacuation Incendie,2024-01-23,COMP,1.00,98.60,98.81,COMPLIANCE
1022,DEI-001,Égalité Femmes-Hommes,2024-01-19,COMP,3.00,92.98,171.94,COMPLIANCE
1022,FRAUD-001,Prévention Fraude & Corruption,2024-02-03,COMP,2.00,73.82,153.91,COMPLIANCE
1022,ETHICS-001,Code de Déontologie Novaryn Tech,2024-01-12,COMP,1.50,96.14,123.74,COMPLIANCE
1022,LEAD-001,Leadership & Management,2024-05-31,COMP,20.00,80.27,1473.14,COURSE
1022,SAFE-001,SAFe Agile Practitioner,2024-09-29,COMP,16.00,82.14,1285.74,COURSE
1022,SCRUM-001,Scrum Fundamentals,2025-10-06,FAIL,12.00,58.85,685.55,ELEARN
1023,GDPR-001,RGPD & Protection des Données,2023-04-09,COMP,2.00,90.35,214.30,COMPLIANCE
1023,HEALTH-001,Santé & Sécurité au Travail,2023-04-30,COMP,4.00,86.21,227.24,COMPLIANCE
1023,FIRE-001,Sécurité & Évacuation Incendie,2023-04-23,COMP,1.00,80.49,91.55,COMPLIANCE
1023,DEI-001,Égalité Femmes-Hommes,2023-05-06,COMP,3.00,73.40,164.79,COMPLIANCE
1023,FRAUD-001,Prévention Fraude & Corruption,2023-04-21,COMP,2.00,79.77,146.14,COMPLIANCE
1023,ETHICS-001,Code de Déontologie Novaryn Tech,2023-05-30,COMP,1.50,90.43,109.71,COMPLIANCE
1023,AZURE-001,Microsoft Azure Fundamentals,2025-03-22,COMP,28.00,76.33,1672.95,ELEARN
1023,PYTHON-001,Python for Data Science,2025-07-27,COMP,24.00,98.94,1036.57,ELEARN
1023,SCRUM-001,Scrum Fundamentals,2025-11-08,COMP,12.00,61.78,677.46,ELEARN
1023,SQL-001,Advanced SQL for Analytics,2024-07-07,FAIL,16.00,40.49,826.17,ELEARN
1023,PM-001,Product Management Essentials,2026-06-12,ENR,20.00,0.00,1277.68,COURSE
1024,GDPR-001,RGPD & Protection des Données,2017-01-26,COMP,2.00,85.25,203.26,COMPLIANCE
1024,HEALTH-001,Santé & Sécurité au Travail,2017-01-01,COMP,4.00,98.20,243.94,COMPLIANCE
1024,FIRE-001,Sécurité & Évacuation Incendie,2017-01-16,COMP,1.00,70.98,104.53,COMPLIANCE
1024,DEI-001,Égalité Femmes-Hommes,2017-01-03,COMP,3.00,92.88,185.37,COMPLIANCE
1024,FRAUD-001,Prévention Fraude & Corruption,2016-12-14,COMP,2.00,98.76,164.77,COMPLIANCE
1024,ETHICS-001,Code de Déontologie Novaryn Tech,2017-01-15,COMP,1.50,85.10,121.79,COMPLIANCE
1024,ML-001,Machine Learning Fundamentals,2025-06-29,COMP,40.00,86.37,1609.76,ELEARN
1024,COMM-001,Communication & Public Speaking,2024-03-04,COMP,8.00,67.80,409.03,OJT
1024,LEAD-001,Leadership & Management,2023-10-24,FAIL,20.00,46.25,1634.55,COURSE
1024,EXCEL-001,Excel Avancé & Reporting,2020-02-23,FAIL,8.00,44.39,377.78,ELEARN
1024,SCRUM-001,Scrum Fundamentals,2020-10-16,FAIL,12.00,53.17,590.10,ELEARN
1026,GDPR-001,RGPD & Protection des Données,2019-10-21,COMP,2.00,80.86,194.08,COMPLIANCE
1026,HEALTH-001,Santé & Sécurité au Travail,2019-10-27,COMP,4.00,72.29,243.11,COMPLIANCE
1026,FIRE-001,Sécurité & Évacuation Incendie,2019-10-25,COMP,1.00,88.16,98.98,COMPLIANCE
1026,DEI-001,Égalité Femmes-Hommes,2019-10-21,COMP,3.00,76.89,191.80,COMPLIANCE
1026,FRAUD-001,Prévention Fraude & Corruption,2019-10-03,COMP,2.00,97.77,142.35,COMPLIANCE
1026,ETHICS-001,Code de Déontologie Novaryn Tech,2019-10-21,COMP,1.50,90.22,123.98,COMPLIANCE
1026,EXCEL-001,Excel Avancé & Reporting,2022-07-03,COMP,8.00,76.34,400.60,ELEARN
1026,AZURE-001,Microsoft Azure Fundamentals,2021-11-19,COMP,28.00,79.77,1783.09,ELEARN
1026,SQL-001,Advanced SQL for Analytics,2023-06-10,COMP,16.00,67.20,788.98,ELEARN
1026,SAFE-001,SAFe Agile Practitioner,2025-11-19,COMP,16.00,76.75,1511.51,COURSE
1030,GDPR-001,RGPD & Protection des Données,2022-07-04,COMP,2.00,97.90,209.71,COMPLIANCE
1030,HEALTH-001,Santé & Sécurité au Travail,2022-05-28,COMP,4.00,96.08,266.69,COMPLIANCE
1030,FIRE-001,Sécurité & Évacuation Incendie,2022-05-21,COMP,1.00,90.70,109.80,COMPLIANCE
1030,DEI-001,Égalité Femmes-Hommes,2022-05-28,COMP,3.00,85.45,181.06,COMPLIANCE
1030,FRAUD-001,Prévention Fraude & Corruption,2022-06-13,COMP,2.00,97.13,145.63,COMPLIANCE
1030,ETHICS-001,Code de Déontologie Novaryn Tech,2022-06-14,COMP,1.50,90.91,113.79,COMPLIANCE
1030,LEAD-001,Leadership & Management,2023-08-23,COMP,20.00,64.31,1599.98,COURSE
1030,SQL-001,Advanced SQL for Analytics,2023-11-29,COMP,16.00,96.83,907.98,ELEARN
1030,COMM-001,Communication & Public Speaking,2025-06-07,FAIL,8.00,51.99,428.88,OJT
1030,PM-001,Product Management Essentials,2025-01-30,COMP,20.00,90.31,1272.04,COURSE
1031,GDPR-001,RGPD & Protection des Données,2021-03-26,COMP,2.00,75.50,210.64,COMPLIANCE
1031,HEALTH-001,Santé & Sécurité au Travail,2021-04-01,COMP,4.00,98.10,229.19,COMPLIANCE
1031,FIRE-001,Sécurité & Évacuation Incendie,2021-02-08,COMP,1.00,87.81,97.40,COMPLIANCE
1031,DEI-001,Égalité Femmes-Hommes,2021-03-21,COMP,3.00,83.61,173.54,COMPLIANCE
1031,FRAUD-001,Prévention Fraude & Corruption,2021-02-19,COMP,2.00,85.26,152.64,COMPLIANCE
1031,ETHICS-001,Code de Déontologie Novaryn Tech,2021-03-29,COMP,1.50,72.91,115.14,COMPLIANCE
1031,SCRUM-001,Scrum Fundamentals,2024-06-21,COMP,12.00,93.76,586.80,ELEARN
1031,PM-001,Product Management Essentials,2025-05-11,COMP,20.00,72.74,1084.23,COURSE
1031,ML-001,Machine Learning Fundamentals,2025-11-06,COMP,40.00,92.56,1712.62,ELEARN
1031,SAFE-001,SAFe Agile Practitioner,2024-04-04,FAIL,16.00,44.00,1408.04,COURSE
1032,GDPR-001,RGPD & Protection des Données,2019-12-25,COMP,2.00,96.39,192.57,COMPLIANCE
1032,HEALTH-001,Santé & Sécurité au Travail,2019-12-11,COMP,4.00,78.54,230.93,COMPLIANCE
1032,FIRE-001,Sécurité & Évacuation Incendie,2019-12-06,COMP,1.00,84.60,94.47,COMPLIANCE
1032,DEI-001,Égalité Femmes-Hommes,2019-11-29,COMP,3.00,78.65,195.04,COMPLIANCE
1032,FRAUD-001,Prévention Fraude & Corruption,2019-12-27,COMP,2.00,92.60,162.74,COMPLIANCE
1032,ETHICS-001,Code de Déontologie Novaryn Tech,2019-12-31,COMP,1.50,78.36,110.30,COMPLIANCE
1032,SCRUM-001,Scrum Fundamentals,2023-09-23,FAIL,12.00,50.26,653.82,ELEARN
1032,PM-001,Product Management Essentials,2024-10-15,COMP,20.00,93.30,1029.28,COURSE
1032,EXCEL-001,Excel Avancé & Reporting,2022-12-03,COMP,8.00,97.67,408.54,ELEARN
1033,GDPR-001,RGPD & Protection des Données,2023-01-12,COMP,2.00,83.34,185.05,COMPLIANCE
1033,HEALTH-001,Santé & Sécurité au Travail,2022-12-26,COMP,4.00,78.85,230.48,COMPLIANCE
1033,FIRE-001,Sécurité & Évacuation Incendie,2023-01-11,COMP,1.00,97.58,92.40,COMPLIANCE
1033,DEI-001,Égalité Femmes-Hommes,2022-12-24,COMP,3.00,84.80,165.13,COMPLIANCE
1033,FRAUD-001,Prévention Fraude & Corruption,2022-12-05,COMP,2.00,99.79,156.95,COMPLIANCE
1033,ETHICS-001,Code de Déontologie Novaryn Tech,2022-12-04,COMP,1.50,99.05,127.29,COMPLIANCE
1033,COMM-001,Communication & Public Speaking,2024-08-17,COMP,8.00,73.41,394.42,OJT
1033,LEAD-001,Leadership & Management,2026-07-03,ENR,20.00,0.00,1624.67,COURSE
1033,SQL-001,Advanced SQL for Analytics,2026-05-18,ENR,16.00,0.00,894.15,ELEARN
1034,GDPR-001,RGPD & Protection des Données,2023-09-03,COMP,2.00,83.00,217.29,COMPLIANCE
1034,HEALTH-001,Santé & Sécurité au Travail,2023-10-21,COMP,4.00,85.64,234.52,COMPLIANCE
1034,FIRE-001,Sécurité & Évacuation Incendie,2023-10-06,COMP,1.00,89.83,107.55,COMPLIANCE
1034,DEI-001,Égalité Femmes-Hommes,2023-09-03,COMP,3.00,98.48,184.58,COMPLIANCE
1034,FRAUD-001,Prévention Fraude & Corruption,2023-09-16,COMP,2.00,74.11,146.29,COMPLIANCE
1034,ETHICS-001,Code de Déontologie Novaryn Tech,2023-09-15,COMP,1.50,90.20,114.37,COMPLIANCE
1034,K8S-001,Kubernetes Fundamentals,2024-07-18,COMP,24.00,67.94,1224.04,ELEARN
1034,PYTHON-001,Python for Data Science,2024-06-05,FAIL,24.00,56.29,1074.83,ELEARN
1034,EXCEL-001,Excel Avancé & Reporting,2024-05-20,COMP,8.00,62.69,406.93,ELEARN
1035,GDPR-001,RGPD & Protection des Données,2025-04-03,COMP,2.00,91.30,181.55,COMPLIANCE
1035,HEALTH-001,Santé & Sécurité au Travail,2025-05-04,COMP,4.00,77.89,244.01,COMPLIANCE
1035,FIRE-001,Sécurité & Évacuation Incendie,2025-04-27,COMP,1.00,77.04,96.97,COMPLIANCE
1035,DEI-001,Égalité Femmes-Hommes,2025-04-23,COMP,3.00,89.71,168.48,COMPLIANCE
1035,FRAUD-001,Prévention Fraude & Corruption,2025-04-09,COMP,2.00,95.22,161.25,COMPLIANCE
1035,ETHICS-001,Code de Déontologie Novaryn Tech,2025-05-02,COMP,1.50,84.55,127.12,COMPLIANCE
1035,PM-001,Product Management Essentials,2025-07-28,COMP,20.00,64.49,1337.12,COURSE
1035,SQL-001,Advanced SQL for Analytics,2026-05-14,ENR,16.00,0.00,780.70,ELEARN
1035,ML-001,Machine Learning Fundamentals,2025-10-12,COMP,40.00,69.90,1563.94,ELEARN
1035,K8S-001,Kubernetes Fundamentals,2025-07-28,COMP,24.00,98.25,1153.00,ELEARN
1035,AZURE-001,Microsoft Azure Fundamentals,2025-08-22,COMP,28.00,75.92,1421.47,ELEARN
1036,GDPR-001,RGPD & Protection des Données,2026-01-30,COMP,2.00,95.20,214.56,COMPLIANCE
1036,HEALTH-001,Santé & Sécurité au Travail,2026-02-07,COMP,4.00,82.36,236.74,COMPLIANCE
1036,FIRE-001,Sécurité & Évacuation Incendie,2026-01-18,COMP,1.00,78.04,94.30,COMPLIANCE
1036,DEI-001,Égalité Femmes-Hommes,2026-02-19,COMP,3.00,82.27,182.24,COMPLIANCE
1036,FRAUD-001,Prévention Fraude & Corruption,2026-01-20,COMP,2.00,77.85,144.53,COMPLIANCE
1036,ETHICS-001,Code de Déontologie Novaryn Tech,2026-01-25,COMP,1.50,94.27,118.20,COMPLIANCE
1036,SCRUM-001,Scrum Fundamentals,2025-12-31,COMP,12.00,92.74,565.53,ELEARN
1036,AZURE-001,Microsoft Azure Fundamentals,2025-12-31,COMP,28.00,82.90,1439.94,ELEARN
1036,K8S-001,Kubernetes Fundamentals,2025-12-31,COMP,24.00,85.01,1247.80,ELEARN
1036,AWS-001,AWS Cloud Practitioner,2025-12-31,COMP,30.00,73.19,1856.68,ELEARN
1037,GDPR-001,RGPD & Protection des Données,2018-11-05,COMP,2.00,98.51,180.84,COMPLIANCE
1037,HEALTH-001,Santé & Sécurité au Travail,2018-11-28,COMP,4.00,72.71,260.24,COMPLIANCE
1037,FIRE-001,Sécurité & Évacuation Incendie,2018-11-26,COMP,1.00,93.01,101.06,COMPLIANCE
1037,DEI-001,Égalité Femmes-Hommes,2018-12-15,COMP,3.00,71.48,169.58,COMPLIANCE
1037,FRAUD-001,Prévention Fraude & Corruption,2018-12-08,COMP,2.00,75.95,139.71,COMPLIANCE
1037,ETHICS-001,Code de Déontologie Novaryn Tech,2018-12-08,COMP,1.50,81.87,125.23,COMPLIANCE
1037,EXCEL-001,Excel Avancé & Reporting,2021-08-18,COMP,8.00,82.12,369.84,ELEARN
1037,PYTHON-001,Python for Data Science,2021-11-03,COMP,24.00,93.82,1076.54,ELEARN
1037,SQL-001,Advanced SQL for Analytics,2024-02-13,COMP,16.00,80.06,869.92,ELEARN
1037,SAFE-001,SAFe Agile Practitioner,2022-05-09,COMP,16.00,71.32,1200.18,COURSE
1038,GDPR-001,RGPD & Protection des Données,2015-09-20,COMP,2.00,93.17,189.89,COMPLIANCE
1038,HEALTH-001,Santé & Sécurité au Travail,2015-08-28,COMP,4.00,92.50,265.65,COMPLIANCE
1038,FIRE-001,Sécurité & Évacuation Incendie,2015-09-04,COMP,1.00,89.66,92.62,COMPLIANCE
1038,DEI-001,Égalité Femmes-Hommes,2015-09-27,COMP,3.00,96.30,193.03,COMPLIANCE
1038,FRAUD-001,Prévention Fraude & Corruption,2015-08-15,COMP,2.00,72.22,156.66,COMPLIANCE
1038,ETHICS-001,Code de Déontologie Novaryn Tech,2015-09-28,COMP,1.50,91.98,108.48,COMPLIANCE
1038,LEAD-001,Leadership & Management,2026-05-02,ENR,20.00,0.00,1649.16,COURSE
1038,COMM-001,Communication & Public Speaking,2026-05-19,ENR,8.00,0.00,391.02,OJT
1038,PM-001,Product Management Essentials,2026-05-16,ENR,20.00,0.00,1118.66,COURSE
1039,GDPR-001,RGPD & Protection des Données,2017-05-28,COMP,2.00,72.99,218.77,COMPLIANCE
1039,HEALTH-001,Santé & Sécurité au Travail,2017-06-21,COMP,4.00,84.14,239.56,COMPLIANCE
1039,FIRE-001,Sécurité & Évacuation Incendie,2017-05-21,COMP,1.00,76.67,98.13,COMPLIANCE
1039,DEI-001,Égalité Femmes-Hommes,2017-06-02,COMP,3.00,84.50,194.68,COMPLIANCE
1039,FRAUD-001,Prévention Fraude & Corruption,2017-06-19,COMP,2.00,85.20,146.47,COMPLIANCE
1039,ETHICS-001,Code de Déontologie Novaryn Tech,2017-06-16,COMP,1.50,91.83,130.83,COMPLIANCE
1039,K8S-001,Kubernetes Fundamentals,2022-05-29,COMP,24.00,61.00,1189.50,ELEARN
1039,AWS-001,AWS Cloud Practitioner,2020-11-08,COMP,30.00,79.07,1588.83,ELEARN
1042,GDPR-001,RGPD & Protection des Données,2014-06-12,COMP,2.00,79.97,212.39,COMPLIANCE
1042,HEALTH-001,Santé & Sécurité au Travail,2014-05-29,COMP,4.00,72.86,233.46,COMPLIANCE
1042,FIRE-001,Sécurité & Évacuation Incendie,2014-06-24,COMP,1.00,87.80,91.68,COMPLIANCE
1042,DEI-001,Égalité Femmes-Hommes,2014-06-18,COMP,3.00,88.49,179.05,COMPLIANCE
1042,FRAUD-001,Prévention Fraude & Corruption,2014-07-09,COMP,2.00,95.19,157.82,COMPLIANCE
1042,ETHICS-001,Code de Déontologie Novaryn Tech,2014-05-27,COMP,1.50,93.02,114.05,COMPLIANCE
1042,COMM-001,Communication & Public Speaking,2021-08-26,COMP,8.00,82.61,388.78,OJT
1042,SQL-001,Advanced SQL for Analytics,2022-07-09,COMP,16.00,87.62,861.21,ELEARN
1042,PYTHON-001,Python for Data Science,2026-06-16,ENR,24.00,0.00,999.94,ELEARN
1042,SCRUM-001,Scrum Fundamentals,2023-01-26,FAIL,12.00,44.48,593.05,ELEARN
1043,GDPR-001,RGPD & Protection des Données,2021-08-26,COMP,2.00,85.43,214.35,COMPLIANCE
1043,HEALTH-001,Santé & Sécurité au Travail,2021-09-11,COMP,4.00,72.44,230.25,COMPLIANCE
1043,FIRE-001,Sécurité & Évacuation Incendie,2021-09-09,COMP,1.00,72.33,92.55,COMPLIANCE
1043,DEI-001,Égalité Femmes-Hommes,2021-07-27,COMP,3.00,74.86,188.93,COMPLIANCE
1043,FRAUD-001,Prévention Fraude & Corruption,2021-08-06,COMP,2.00,75.92,161.09,COMPLIANCE
1043,ETHICS-001,Code de Déontologie Novaryn Tech,2021-08-03,COMP,1.50,71.17,118.18,COMPLIANCE
1043,SAFE-001,SAFe Agile Practitioner,2022-07-23,COMP,16.00,94.97,1365.62,COURSE
1043,ML-001,Machine Learning Fundamentals,2023-01-30,COMP,40.00,64.70,1837.96,ELEARN
1043,K8S-001,Kubernetes Fundamentals,2026-07-03,ENR,24.00,0.00,1024.47,ELEARN
1044,GDPR-001,RGPD & Protection des Données,2024-10-12,COMP,2.00,88.45,194.87,COMPLIANCE
1044,HEALTH-001,Santé & Sécurité au Travail,2024-11-02,COMP,4.00,74.98,239.51,COMPLIANCE
1044,FIRE-001,Sécurité & Évacuation Incendie,2024-11-04,COMP,1.00,76.13,102.28,COMPLIANCE
1044,DEI-001,Égalité Femmes-Hommes,2024-11-06,COMP,3.00,81.14,183.76,COMPLIANCE
1044,FRAUD-001,Prévention Fraude & Corruption,2024-10-22,COMP,2.00,83.89,163.09,COMPLIANCE
1044,ETHICS-001,Code de Déontologie Novaryn Tech,2024-11-08,COMP,1.50,91.60,128.46,COMPLIANCE
1044,PYTHON-001,Python for Data Science,2025-09-14,COMP,24.00,76.65,895.10,ELEARN
1044,ML-001,Machine Learning Fundamentals,2025-07-09,COMP,40.00,99.08,1509.68,ELEARN
1044,K8S-001,Kubernetes Fundamentals,2025-02-01,COMP,24.00,87.76,1112.45,ELEARN
1046,GDPR-001,RGPD & Protection des Données,2015-10-22,COMP,2.00,72.84,205.00,COMPLIANCE
1046,HEALTH-001,Santé & Sécurité au Travail,2015-11-08,COMP,4.00,74.69,242.52,COMPLIANCE
1046,FIRE-001,Sécurité & Évacuation Incendie,2015-11-05,COMP,1.00,96.50,96.90,COMPLIANCE
1046,DEI-001,Égalité Femmes-Hommes,2015-10-01,COMP,3.00,97.84,171.88,COMPLIANCE
1046,FRAUD-001,Prévention Fraude & Corruption,2015-11-22,COMP,2.00,97.35,147.78,COMPLIANCE
1046,ETHICS-001,Code de Déontologie Novaryn Tech,2015-11-16,COMP,1.50,79.17,122.99,COMPLIANCE
1046,AZURE-001,Microsoft Azure Fundamentals,2022-05-02,COMP,28.00,64.12,1463.89,ELEARN
1046,ML-001,Machine Learning Fundamentals,2020-05-21,COMP,40.00,82.55,1420.82,ELEARN
1046,COMM-001,Communication & Public Speaking,2020-06-18,COMP,8.00,85.79,385.95,OJT
1046,AWS-001,AWS Cloud Practitioner,2024-09-15,COMP,30.00,94.14,1856.58,ELEARN
1046,LEAD-001,Leadership & Management,2022-06-26,FAIL,20.00,54.01,1552.15,COURSE
1047,GDPR-001,RGPD & Protection des Données,2020-06-30,COMP,2.00,76.28,180.11,COMPLIANCE
1047,HEALTH-001,Santé & Sécurité au Travail,2020-06-14,COMP,4.00,99.67,229.57,COMPLIANCE
1047,FIRE-001,Sécurité & Évacuation Incendie,2020-07-21,COMP,1.00,88.45,92.87,COMPLIANCE
1047,DEI-001,Égalité Femmes-Hommes,2020-06-30,COMP,3.00,96.24,173.64,COMPLIANCE
1047,FRAUD-001,Prévention Fraude & Corruption,2020-06-03,COMP,2.00,74.11,159.22,COMPLIANCE
1047,ETHICS-001,Code de Déontologie Novaryn Tech,2020-06-27,COMP,1.50,89.95,115.85,COMPLIANCE
1047,AWS-001,AWS Cloud Practitioner,2021-09-18,COMP,30.00,90.96,1911.37,ELEARN
1047,ML-001,Machine Learning Fundamentals,2024-10-25,COMP,40.00,93.55,1512.15,ELEARN
1048,GDPR-001,RGPD & Protection des Données,2012-10-31,COMP,2.00,96.50,213.69,COMPLIANCE
1048,HEALTH-001,Santé & Sécurité au Travail,2012-11-05,COMP,4.00,98.36,266.68,COMPLIANCE
1048,FIRE-001,Sécurité & Évacuation Incendie,2012-12-10,COMP,1.00,74.29,98.74,COMPLIANCE
1048,DEI-001,Égalité Femmes-Hommes,2012-11-23,COMP,3.00,84.70,190.40,COMPLIANCE
1048,FRAUD-001,Prévention Fraude & Corruption,2012-12-08,COMP,2.00,73.61,161.99,COMPLIANCE
1048,ETHICS-001,Code de Déontologie Novaryn Tech,2012-12-06,COMP,1.50,80.45,108.61,COMPLIANCE
1048,K8S-001,Kubernetes Fundamentals,2020-11-14,COMP,24.00,82.39,1264.31,ELEARN
1048,SAFE-001,SAFe Agile Practitioner,2020-02-08,FAIL,16.00,47.27,1265.18,COURSE
1048,SQL-001,Advanced SQL for Analytics,2026-04-09,ENR,16.00,0.00,727.00,ELEARN
1048,REACT-001,React & TypeScript Masterclass,2022-06-02,COMP,36.00,67.80,1231.03,ELEARN
1049,GDPR-001,RGPD & Protection des Données,2022-10-01,COMP,2.00,72.82,194.75,COMPLIANCE
1049,HEALTH-001,Santé & Sécurité au Travail,2022-09-26,COMP,4.00,85.08,225.65,COMPLIANCE
1049,FIRE-001,Sécurité & Évacuation Incendie,2022-09-27,COMP,1.00,71.01,95.50,COMPLIANCE
1049,DEI-001,Égalité Femmes-Hommes,2022-10-10,COMP,3.00,81.95,197.85,COMPLIANCE
1049,FRAUD-001,Prévention Fraude & Corruption,2022-10-25,COMP,2.00,77.59,153.76,COMPLIANCE
1049,ETHICS-001,Code de Déontologie Novaryn Tech,2022-10-16,COMP,1.50,94.70,128.72,COMPLIANCE
1049,PM-001,Product Management Essentials,2024-11-30,COMP,20.00,95.00,1290.21,COURSE
1049,SAFE-001,SAFe Agile Practitioner,2026-04-12,ENR,16.00,0.00,1345.20,COURSE
1049,K8S-001,Kubernetes Fundamentals,2024-10-16,COMP,24.00,88.53,1167.86,ELEARN
1049,COMM-001,Communication & Public Speaking,2024-05-14,COMP,8.00,94.04,349.94,OJT
1049,PYTHON-001,Python for Data Science,2026-04-23,ENR,24.00,0.00,866.81,ELEARN
1050,GDPR-001,RGPD & Protection des Données,2019-04-24,COMP,2.00,91.32,192.57,COMPLIANCE
1050,HEALTH-001,Santé & Sécurité au Travail,2019-04-18,COMP,4.00,78.32,267.63,COMPLIANCE
1050,FIRE-001,Sécurité & Évacuation Incendie,2019-04-25,COMP,1.00,88.42,90.33,COMPLIANCE
1050,DEI-001,Égalité Femmes-Hommes,2019-05-07,COMP,3.00,90.16,194.39,COMPLIANCE
1050,FRAUD-001,Prévention Fraude & Corruption,2019-04-29,COMP,2.00,75.08,164.59,COMPLIANCE
1050,ETHICS-001,Code de Déontologie Novaryn Tech,2019-04-30,COMP,1.50,98.33,120.39,COMPLIANCE
1050,REACT-001,React & TypeScript Masterclass,2020-06-08,COMP,36.00,90.45,1073.11,ELEARN
1050,SAFE-001,SAFe Agile Practitioner,2022-02-23,COMP,16.00,66.90,1208.69,COURSE
1050,COMM-001,Communication & Public Speaking,2024-01-24,COMP,8.00,87.55,389.11,OJT
1050,SCRUM-001,Scrum Fundamentals,2020-12-20,COMP,12.00,93.68,679.40,ELEARN
1050,LEAD-001,Leadership & Management,2020-07-22,COMP,20.00,82.42,1327.97,COURSE
1051,GDPR-001,RGPD & Protection des Données,2018-08-23,COMP,2.00,87.05,207.85,COMPLIANCE
1051,HEALTH-001,Santé & Sécurité au Travail,2018-08-30,COMP,4.00,97.91,229.41,COMPLIANCE
1051,FIRE-001,Sécurité & Évacuation Incendie,2018-07-30,COMP,1.00,75.48,91.73,COMPLIANCE
1051,DEI-001,Égalité Femmes-Hommes,2018-08-14,COMP,3.00,87.73,196.77,COMPLIANCE
1051,FRAUD-001,Prévention Fraude & Corruption,2018-09-12,COMP,2.00,75.08,135.31,COMPLIANCE
1051,ETHICS-001,Code de Déontologie Novaryn Tech,2018-09-03,COMP,1.50,81.24,109.95,COMPLIANCE
1051,AZURE-001,Microsoft Azure Fundamentals,2023-05-29,FAIL,28.00,56.43,1718.76,ELEARN
1051,SAFE-001,SAFe Agile Practitioner,2026-05-17,ENR,16.00,0.00,1212.40,COURSE
1051,COMM-001,Communication & Public Speaking,2026-04-30,ENR,8.00,0.00,373.48,OJT
1052,GDPR-001,RGPD & Protection des Données,2020-01-30,COMP,2.00,79.47,189.04,COMPLIANCE
1052,HEALTH-001,Santé & Sécurité au Travail,2020-01-06,COMP,4.00,78.18,234.96,COMPLIANCE
1052,FIRE-001,Sécurité & Évacuation Incendie,2020-01-12,COMP,1.00,77.78,98.79,COMPLIANCE
1052,DEI-001,Égalité Femmes-Hommes,2019-12-30,COMP,3.00,84.70,182.83,COMPLIANCE
1052,FRAUD-001,Prévention Fraude & Corruption,2020-01-16,COMP,2.00,93.17,150.69,COMPLIANCE
1052,ETHICS-001,Code de Déontologie Novaryn Tech,2020-02-16,COMP,1.50,88.93,127.96,COMPLIANCE
1052,PM-001,Product Management Essentials,2025-02-11,COMP,20.00,82.75,1377.75,COURSE
1052,REACT-001,React & TypeScript Masterclass,2025-07-24,COMP,36.00,85.84,1265.53,ELEARN
1053,GDPR-001,RGPD & Protection des Données,2012-04-06,COMP,2.00,76.22,207.99,COMPLIANCE
1053,HEALTH-001,Santé & Sécurité au Travail,2012-04-20,COMP,4.00,86.55,262.16,COMPLIANCE
1053,FIRE-001,Sécurité & Évacuation Incendie,2012-04-05,COMP,1.00,72.72,105.47,COMPLIANCE
1053,DEI-001,Égalité Femmes-Hommes,2012-04-04,COMP,3.00,76.55,171.39,COMPLIANCE
1053,FRAUD-001,Prévention Fraude & Corruption,2012-03-26,COMP,2.00,85.51,153.93,COMPLIANCE
1053,ETHICS-001,Code de Déontologie Novaryn Tech,2012-04-18,COMP,1.50,74.19,122.08,COMPLIANCE
1053,PM-001,Product Management Essentials,2025-11-02,FAIL,20.00,46.13,1057.66,COURSE
1053,REACT-001,React & TypeScript Masterclass,2020-06-15,COMP,36.00,96.04,1077.15,ELEARN
1053,SAFE-001,SAFe Agile Practitioner,2021-04-16,COMP,16.00,73.47,1569.25,COURSE
1053,EXCEL-001,Excel Avancé & Reporting,2021-04-08,COMP,8.00,74.32,359.53,ELEARN
1054,GDPR-001,RGPD & Protection des Données,2014-01-22,COMP,2.00,75.58,180.87,COMPLIANCE
1054,HEALTH-001,Santé & Sécurité au Travail,2014-02-08,COMP,4.00,88.50,254.68,COMPLIANCE
1054,FIRE-001,Sécurité & Évacuation Incendie,2014-02-01,COMP,1.00,83.05,97.99,COMPLIANCE
1054,DEI-001,Égalité Femmes-Hommes,2014-02-10,COMP,3.00,77.31,188.04,COMPLIANCE
1054,FRAUD-001,Prévention Fraude & Corruption,2014-01-26,COMP,2.00,80.14,155.36,COMPLIANCE
1054,ETHICS-001,Code de Déontologie Novaryn Tech,2014-01-07,COMP,1.50,71.20,130.30,COMPLIANCE
1054,EXCEL-001,Excel Avancé & Reporting,2024-10-14,COMP,8.00,90.96,454.48,ELEARN
1054,ML-001,Machine Learning Fundamentals,2022-08-01,COMP,40.00,61.14,1605.86,ELEARN
1054,LEAD-001,Leadership & Management,2020-09-21,FAIL,20.00,56.85,1709.36,COURSE
1055,GDPR-001,RGPD & Protection des Données,2023-01-05,COMP,2.00,75.95,218.90,COMPLIANCE
1055,HEALTH-001,Santé & Sécurité au Travail,2023-01-20,COMP,4.00,74.19,258.17,COMPLIANCE
1055,FIRE-001,Sécurité & Évacuation Incendie,2023-01-22,COMP,1.00,98.80,109.41,COMPLIANCE
1055,DEI-001,Égalité Femmes-Hommes,2022-12-22,COMP,3.00,93.79,167.09,COMPLIANCE
1055,FRAUD-001,Prévention Fraude & Corruption,2022-12-25,COMP,2.00,83.76,139.96,COMPLIANCE
1055,ETHICS-001,Code de Déontologie Novaryn Tech,2022-12-03,COMP,1.50,89.76,112.81,COMPLIANCE
1055,AZURE-001,Microsoft Azure Fundamentals,2024-03-15,COMP,28.00,94.31,1569.54,ELEARN
1055,EXCEL-001,Excel Avancé & Reporting,2026-04-27,ENR,8.00,0.00,422.17,ELEARN
1055,LEAD-001,Leadership & Management,2026-05-25,ENR,20.00,0.00,1277.23,COURSE
1056,GDPR-001,RGPD & Protection des Données,2017-01-14,COMP,2.00,80.34,198.83,COMPLIANCE
1056,HEALTH-001,Santé & Sécurité au Travail,2017-02-16,COMP,4.00,81.82,235.62,COMPLIANCE
1056,FIRE-001,Sécurité & Évacuation Incendie,2017-02-03,COMP,1.00,90.05,106.63,COMPLIANCE
1056,DEI-001,Égalité Femmes-Hommes,2017-02-18,COMP,3.00,77.28,195.01,COMPLIANCE
1056,FRAUD-001,Prévention Fraude & Corruption,2017-01-28,COMP,2.00,73.86,157.89,COMPLIANCE
1056,ETHICS-001,Code de Déontologie Novaryn Tech,2017-01-12,COMP,1.50,82.00,115.85,COMPLIANCE
1056,SAFE-001,SAFe Agile Practitioner,2023-07-17,COMP,16.00,62.87,1395.09,COURSE
1056,COMM-001,Communication & Public Speaking,2026-06-22,ENR,8.00,0.00,343.23,OJT
1056,REACT-001,React & TypeScript Masterclass,2025-01-26,FAIL,36.00,43.39,1104.66,ELEARN
1056,PM-001,Product Management Essentials,2025-04-05,COMP,20.00,80.06,1020.57,COURSE
1057,GDPR-001,RGPD & Protection des Données,2019-11-04,COMP,2.00,92.55,216.58,COMPLIANCE
1057,HEALTH-001,Santé & Sécurité au Travail,2019-11-07,COMP,4.00,76.90,250.00,COMPLIANCE
1057,FIRE-001,Sécurité & Évacuation Incendie,2019-09-29,COMP,1.00,76.34,98.71,COMPLIANCE
1057,DEI-001,Égalité Femmes-Hommes,2019-10-18,COMP,3.00,81.52,168.48,COMPLIANCE
1057,FRAUD-001,Prévention Fraude & Corruption,2019-10-06,COMP,2.00,78.55,146.60,COMPLIANCE
1057,ETHICS-001,Code de Déontologie Novaryn Tech,2019-11-18,COMP,1.50,84.42,114.26,COMPLIANCE
1057,PYTHON-001,Python for Data Science,2021-12-02,COMP,24.00,63.31,1055.82,ELEARN
1057,EXCEL-001,Excel Avancé & Reporting,2024-06-11,COMP,8.00,94.50,436.43,ELEARN
1057,REACT-001,React & TypeScript Masterclass,2023-03-27,COMP,36.00,72.76,1226.89,ELEARN
1057,ML-001,Machine Learning Fundamentals,2023-10-31,COMP,40.00,78.19,1593.35,ELEARN
1057,LEAD-001,Leadership & Management,2023-10-07,FAIL,20.00,47.63,1622.11,COURSE
1058,GDPR-001,RGPD & Protection des Données,2024-04-24,COMP,2.00,82.75,209.68,COMPLIANCE
1058,HEALTH-001,Santé & Sécurité au Travail,2024-04-12,COMP,4.00,88.11,265.12,COMPLIANCE
1058,FIRE-001,Sécurité & Évacuation Incendie,2024-05-03,COMP,1.00,85.06,105.62,COMPLIANCE
1058,DEI-001,Égalité Femmes-Hommes,2024-05-20,COMP,3.00,80.05,181.26,COMPLIANCE
1058,FRAUD-001,Prévention Fraude & Corruption,2024-04-28,COMP,2.00,73.35,140.37,COMPLIANCE
1058,ETHICS-001,Code de Déontologie Novaryn Tech,2024-05-02,COMP,1.50,85.95,117.20,COMPLIANCE
1058,PYTHON-001,Python for Data Science,2025-02-12,COMP,24.00,97.37,1027.05,ELEARN
1058,SCRUM-001,Scrum Fundamentals,2025-09-27,COMP,12.00,92.51,640.97,ELEARN
1059,GDPR-001,RGPD & Protection des Données,2025-01-22,COMP,2.00,83.05,198.59,COMPLIANCE
1059,HEALTH-001,Santé & Sécurité au Travail,2024-12-26,COMP,4.00,73.65,249.48,COMPLIANCE
1059,FIRE-001,Sécurité & Évacuation Incendie,2025-01-16,COMP,1.00,71.50,101.99,COMPLIANCE
1059,DEI-001,Égalité Femmes-Hommes,2025-01-16,COMP,3.00,77.57,174.15,COMPLIANCE
1059,FRAUD-001,Prévention Fraude & Corruption,2025-01-11,COMP,2.00,93.01,135.71,COMPLIANCE
1059,ETHICS-001,Code de Déontologie Novaryn Tech,2025-01-10,COMP,1.50,75.36,116.57,COMPLIANCE
1059,K8S-001,Kubernetes Fundamentals,2025-08-30,COMP,24.00,61.42,971.86,ELEARN
1059,SQL-001,Advanced SQL for Analytics,2026-06-15,ENR,16.00,0.00,857.28,ELEARN
1060,GDPR-001,RGPD & Protection des Données,2013-11-14,COMP,2.00,75.26,201.40,COMPLIANCE
1060,HEALTH-001,Santé & Sécurité au Travail,2013-11-07,COMP,4.00,91.80,256.65,COMPLIANCE
1060,FIRE-001,Sécurité & Évacuation Incendie,2013-11-26,COMP,1.00,96.78,96.91,COMPLIANCE
1060,DEI-001,Égalité Femmes-Hommes,2013-11-28,COMP,3.00,90.67,170.79,COMPLIANCE
1060,FRAUD-001,Prévention Fraude & Corruption,2013-12-21,COMP,2.00,97.11,162.97,COMPLIANCE
1060,ETHICS-001,Code de Déontologie Novaryn Tech,2013-12-21,COMP,1.50,85.71,119.00,COMPLIANCE
1060,SQL-001,Advanced SQL for Analytics,2024-11-01,COMP,16.00,84.37,853.71,ELEARN
1060,EXCEL-001,Excel Avancé & Reporting,2026-04-20,ENR,8.00,0.00,385.83,ELEARN
1061,GDPR-001,RGPD & Protection des Données,2020-10-12,COMP,2.00,72.36,217.10,COMPLIANCE
1061,HEALTH-001,Santé & Sécurité au Travail,2020-10-13,COMP,4.00,79.06,245.04,COMPLIANCE
1061,FIRE-001,Sécurité & Évacuation Incendie,2020-09-07,COMP,1.00,98.51,95.14,COMPLIANCE
1061,DEI-001,Égalité Femmes-Hommes,2020-10-07,COMP,3.00,92.28,164.85,COMPLIANCE
1061,FRAUD-001,Prévention Fraude & Corruption,2020-09-23,COMP,2.00,98.95,158.81,COMPLIANCE
1061,ETHICS-001,Code de Déontologie Novaryn Tech,2020-10-02,COMP,1.50,77.83,115.28,COMPLIANCE
1061,COMM-001,Communication & Public Speaking,2021-05-24,COMP,8.00,68.61,452.26,OJT
1061,SCRUM-001,Scrum Fundamentals,2021-09-22,COMP,12.00,87.55,543.43,ELEARN
1061,SQL-001,Advanced SQL for Analytics,2022-08-25,COMP,16.00,61.83,775.68,ELEARN
1062,GDPR-001,RGPD & Protection des Données,2018-05-30,COMP,2.00,90.35,190.91,COMPLIANCE
1062,HEALTH-001,Santé & Sécurité au Travail,2018-06-14,COMP,4.00,76.21,264.10,COMPLIANCE
1062,FIRE-001,Sécurité & Évacuation Incendie,2018-06-30,COMP,1.00,73.89,95.34,COMPLIANCE
1062,DEI-001,Égalité Femmes-Hommes,2018-06-26,COMP,3.00,93.71,184.85,COMPLIANCE
1062,FRAUD-001,Prévention Fraude & Corruption,2018-05-25,COMP,2.00,76.64,135.54,COMPLIANCE
1062,ETHICS-001,Code de Déontologie Novaryn Tech,2018-06-08,COMP,1.50,76.63,122.67,COMPLIANCE
1062,PM-001,Product Management Essentials,2025-04-27,COMP,20.00,79.02,1220.76,COURSE
1062,REACT-001,React & TypeScript Masterclass,2021-10-17,COMP,36.00,72.79,1316.15,ELEARN
1062,SAFE-001,SAFe Agile Practitioner,2022-04-02,COMP,16.00,94.17,1399.57,COURSE
1062,EXCEL-001,Excel Avancé & Reporting,2025-08-13,COMP,8.00,66.80,386.81,ELEARN
1062,SQL-001,Advanced SQL for Analytics,2020-09-09,COMP,16.00,86.43,817.12,ELEARN
1063,GDPR-001,RGPD & Protection des Données,2025-04-12,COMP,2.00,88.94,202.45,COMPLIANCE
1063,HEALTH-001,Santé & Sécurité au Travail,2025-04-29,COMP,4.00,72.49,262.40,COMPLIANCE
1063,FIRE-001,Sécurité & Évacuation Incendie,2025-05-10,COMP,1.00,81.08,95.84,COMPLIANCE
1063,DEI-001,Égalité Femmes-Hommes,2025-04-27,COMP,3.00,83.54,178.83,COMPLIANCE
1063,FRAUD-001,Prévention Fraude & Corruption,2025-04-16,COMP,2.00,88.75,140.00,COMPLIANCE
1063,ETHICS-001,Code de Déontologie Novaryn Tech,2025-04-29,COMP,1.50,86.95,117.97,COMPLIANCE
1063,EXCEL-001,Excel Avancé & Reporting,2025-07-29,COMP,8.00,79.63,368.17,ELEARN
1063,AZURE-001,Microsoft Azure Fundamentals,2025-08-14,FAIL,28.00,42.50,1651.42,ELEARN
1064,GDPR-001,RGPD & Protection des Données,2017-07-21,COMP,2.00,72.91,188.73,COMPLIANCE
1064,HEALTH-001,Santé & Sécurité au Travail,2017-07-21,COMP,4.00,87.12,233.93,COMPLIANCE
1064,FIRE-001,Sécurité & Évacuation Incendie,2017-07-24,COMP,1.00,93.01,109.69,COMPLIANCE
1064,DEI-001,Égalité Femmes-Hommes,2017-08-08,COMP,3.00,86.50,174.67,COMPLIANCE
1064,FRAUD-001,Prévention Fraude & Corruption,2017-07-27,COMP,2.00,82.55,152.98,COMPLIANCE
1064,ETHICS-001,Code de Déontologie Novaryn Tech,2017-08-03,COMP,1.50,93.11,123.13,COMPLIANCE
1064,ML-001,Machine Learning Fundamentals,2021-06-24,COMP,40.00,76.16,1723.28,ELEARN
1064,EXCEL-001,Excel Avancé & Reporting,2024-09-10,COMP,8.00,96.98,358.84,ELEARN
1064,COMM-001,Communication & Public Speaking,2026-05-29,ENR,8.00,0.00,374.61,OJT
1064,REACT-001,React & TypeScript Masterclass,2021-05-01,COMP,36.00,73.36,1187.05,ELEARN
1065,GDPR-001,RGPD & Protection des Données,2013-12-14,COMP,2.00,90.50,183.93,COMPLIANCE
1065,HEALTH-001,Santé & Sécurité au Travail,2014-01-09,COMP,4.00,89.59,273.71,COMPLIANCE
1065,FIRE-001,Sécurité & Évacuation Incendie,2013-12-29,COMP,1.00,75.67,90.58,COMPLIANCE
1065,DEI-001,Égalité Femmes-Hommes,2013-12-17,COMP,3.00,74.16,184.32,COMPLIANCE
1065,FRAUD-001,Prévention Fraude & Corruption,2013-12-08,COMP,2.00,87.99,156.96,COMPLIANCE
1065,ETHICS-001,Code de Déontologie Novaryn Tech,2013-12-04,COMP,1.50,79.75,114.00,COMPLIANCE
1065,SAFE-001,SAFe Agile Practitioner,2020-01-09,COMP,16.00,94.54,1547.13,COURSE
1065,LEAD-001,Leadership & Management,2023-06-23,COMP,20.00,74.76,1668.59,COURSE
1065,SQL-001,Advanced SQL for Analytics,2023-10-31,COMP,16.00,97.49,901.13,ELEARN
1065,SCRUM-001,Scrum Fundamentals,2025-11-11,COMP,12.00,71.72,671.00,ELEARN
1065,REACT-001,React & TypeScript Masterclass,2025-01-18,COMP,36.00,78.45,1108.22,ELEARN
1066,GDPR-001,RGPD & Protection des Données,2016-03-12,COMP,2.00,83.31,189.68,COMPLIANCE
1066,HEALTH-001,Santé & Sécurité au Travail,2016-02-14,COMP,4.00,99.18,250.01,COMPLIANCE
1066,FIRE-001,Sécurité & Évacuation Incendie,2016-02-10,COMP,1.00,94.11,106.76,COMPLIANCE
1066,DEI-001,Égalité Femmes-Hommes,2016-02-13,COMP,3.00,77.35,187.99,COMPLIANCE
1066,FRAUD-001,Prévention Fraude & Corruption,2016-02-07,COMP,2.00,70.21,135.97,COMPLIANCE
1066,ETHICS-001,Code de Déontologie Novaryn Tech,2016-03-17,COMP,1.50,82.19,120.47,COMPLIANCE
1066,REACT-001,React & TypeScript Masterclass,2023-12-30,COMP,36.00,91.06,1252.95,ELEARN
1066,LEAD-001,Leadership & Management,2022-06-23,COMP,20.00,60.95,1491.36,COURSE
1066,EXCEL-001,Excel Avancé & Reporting,2026-05-15,ENR,8.00,0.00,437.40,ELEARN
1066,AZURE-001,Microsoft Azure Fundamentals,2026-04-13,ENR,28.00,0.00,1534.42,ELEARN
1066,ML-001,Machine Learning Fundamentals,2026-06-12,ENR,40.00,0.00,1662.05,ELEARN
1067,GDPR-001,RGPD & Protection des Données,2021-09-30,COMP,2.00,82.86,184.96,COMPLIANCE
1067,HEALTH-001,Santé & Sécurité au Travail,2021-09-11,COMP,4.00,95.41,262.90,COMPLIANCE
1067,FIRE-001,Sécurité & Évacuation Incendie,2021-10-09,COMP,1.00,92.61,92.24,COMPLIANCE
1067,DEI-001,Égalité Femmes-Hommes,2021-09-12,COMP,3.00,80.99,185.64,COMPLIANCE
1067,FRAUD-001,Prévention Fraude & Corruption,2021-09-11,COMP,2.00,97.39,158.87,COMPLIANCE
1067,ETHICS-001,Code de Déontologie Novaryn Tech,2021-09-15,COMP,1.50,77.94,115.92,COMPLIANCE
1067,K8S-001,Kubernetes Fundamentals,2024-11-26,COMP,24.00,69.79,1020.80,ELEARN
1067,COMM-001,Communication & Public Speaking,2023-02-06,COMP,8.00,77.79,434.48,OJT
1068,GDPR-001,RGPD & Protection des Données,2024-08-03,COMP,2.00,77.74,191.01,COMPLIANCE
1068,HEALTH-001,Santé & Sécurité au Travail,2024-06-22,COMP,4.00,92.84,232.40,COMPLIANCE
1068,FIRE-001,Sécurité & Évacuation Incendie,2024-07-08,COMP,1.00,70.78,107.60,COMPLIANCE
1068,DEI-001,Égalité Femmes-Hommes,2024-07-26,COMP,3.00,80.88,172.48,COMPLIANCE
1068,FRAUD-001,Prévention Fraude & Corruption,2024-08-04,COMP,2.00,74.75,154.02,COMPLIANCE
1068,ETHICS-001,Code de Déontologie Novaryn Tech,2024-07-20,COMP,1.50,91.39,124.16,COMPLIANCE
1068,COMM-001,Communication & Public Speaking,2025-08-29,COMP,8.00,71.69,386.11,OJT
1068,EXCEL-001,Excel Avancé & Reporting,2024-11-05,COMP,8.00,61.12,365.40,ELEARN
1068,PYTHON-001,Python for Data Science,2025-03-11,COMP,24.00,83.37,927.83,ELEARN
1069,GDPR-001,RGPD & Protection des Données,2025-01-31,COMP,2.00,85.26,214.81,COMPLIANCE
1069,HEALTH-001,Santé & Sécurité au Travail,2025-01-18,COMP,4.00,82.18,255.92,COMPLIANCE
1069,FIRE-001,Sécurité & Évacuation Incendie,2024-12-26,COMP,1.00,99.17,102.88,COMPLIANCE
1069,DEI-001,Égalité Femmes-Hommes,2025-01-22,COMP,3.00,95.58,173.31,COMPLIANCE
1069,FRAUD-001,Prévention Fraude & Corruption,2025-01-08,COMP,2.00,81.34,162.78,COMPLIANCE
1069,ETHICS-001,Code de Déontologie Novaryn Tech,2025-01-26,COMP,1.50,75.07,120.61,COMPLIANCE
1069,K8S-001,Kubernetes Fundamentals,2025-06-19,COMP,24.00,62.59,1009.19,ELEARN
1069,REACT-001,React & TypeScript Masterclass,2025-11-06,COMP,36.00,66.00,1239.11,ELEARN
1069,SCRUM-001,Scrum Fundamentals,2026-04-23,ENR,12.00,0.00,627.00,ELEARN
1070,GDPR-001,RGPD & Protection des Données,2014-03-21,COMP,2.00,84.96,202.78,COMPLIANCE
1070,HEALTH-001,Santé & Sécurité au Travail,2014-04-08,COMP,4.00,97.19,267.00,COMPLIANCE
1070,FIRE-001,Sécurité & Évacuation Incendie,2014-04-20,COMP,1.00,93.49,100.48,COMPLIANCE
1070,DEI-001,Égalité Femmes-Hommes,2014-03-13,COMP,3.00,92.24,175.09,COMPLIANCE
1070,FRAUD-001,Prévention Fraude & Corruption,2014-03-01,COMP,2.00,81.95,137.97,COMPLIANCE
1070,ETHICS-001,Code de Déontologie Novaryn Tech,2014-03-20,COMP,1.50,85.22,114.52,COMPLIANCE
1070,EXCEL-001,Excel Avancé & Reporting,2025-08-16,COMP,8.00,80.92,369.36,ELEARN
1070,SCRUM-001,Scrum Fundamentals,2026-05-01,ENR,12.00,0.00,634.15,ELEARN
1071,GDPR-001,RGPD & Protection des Données,2020-03-20,COMP,2.00,95.73,189.13,COMPLIANCE
1071,HEALTH-001,Santé & Sécurité au Travail,2020-03-24,COMP,4.00,83.68,227.01,COMPLIANCE
1071,FIRE-001,Sécurité & Évacuation Incendie,2020-03-17,COMP,1.00,77.97,95.55,COMPLIANCE
1071,DEI-001,Égalité Femmes-Hommes,2020-03-26,COMP,3.00,75.70,191.90,COMPLIANCE
1071,FRAUD-001,Prévention Fraude & Corruption,2020-02-12,COMP,2.00,97.18,138.98,COMPLIANCE
1071,ETHICS-001,Code de Déontologie Novaryn Tech,2020-02-27,COMP,1.50,71.83,113.46,COMPLIANCE
1071,K8S-001,Kubernetes Fundamentals,2026-04-17,ENR,24.00,0.00,999.82,ELEARN
1071,LEAD-001,Leadership & Management,2021-04-22,COMP,20.00,63.34,1363.83,COURSE
1071,ML-001,Machine Learning Fundamentals,2024-12-17,COMP,40.00,68.60,1593.87,ELEARN
1071,SCRUM-001,Scrum Fundamentals,2022-03-30,COMP,12.00,83.27,665.01,ELEARN
1071,SQL-001,Advanced SQL for Analytics,2025-11-03,COMP,16.00,95.46,866.58,ELEARN
1072,GDPR-001,RGPD & Protection des Données,2016-07-24,COMP,2.00,87.67,205.40,COMPLIANCE
1072,HEALTH-001,Santé & Sécurité au Travail,2016-08-29,COMP,4.00,83.69,225.02,COMPLIANCE
1072,FIRE-001,Sécurité & Évacuation Incendie,2016-08-29,COMP,1.00,82.22,95.41,COMPLIANCE
1072,DEI-001,Égalité Femmes-Hommes,2016-08-21,COMP,3.00,75.30,180.26,COMPLIANCE
1072,FRAUD-001,Prévention Fraude & Corruption,2016-08-13,COMP,2.00,78.51,154.36,COMPLIANCE
1072,ETHICS-001,Code de Déontologie Novaryn Tech,2016-07-28,COMP,1.50,96.02,113.98,COMPLIANCE
1072,SAFE-001,SAFe Agile Practitioner,2021-04-07,COMP,16.00,64.46,1507.78,COURSE
1072,ML-001,Machine Learning Fundamentals,2022-04-05,COMP,40.00,60.26,1788.82,ELEARN
1072,COMM-001,Communication & Public Speaking,2021-03-17,COMP,8.00,79.83,361.46,OJT
1072,AZURE-001,Microsoft Azure Fundamentals,2026-07-03,ENR,28.00,0.00,1506.23,ELEARN
1073,GDPR-001,RGPD & Protection des Données,2019-04-18,COMP,2.00,80.27,207.48,COMPLIANCE
1073,HEALTH-001,Santé & Sécurité au Travail,2019-05-12,COMP,4.00,75.48,263.94,COMPLIANCE
1073,FIRE-001,Sécurité & Évacuation Incendie,2019-05-08,COMP,1.00,76.95,96.14,COMPLIANCE
1073,DEI-001,Égalité Femmes-Hommes,2019-04-09,COMP,3.00,79.60,181.09,COMPLIANCE
1073,FRAUD-001,Prévention Fraude & Corruption,2019-03-27,COMP,2.00,90.54,162.83,COMPLIANCE
1073,ETHICS-001,Code de Déontologie Novaryn Tech,2019-04-03,COMP,1.50,87.13,111.71,COMPLIANCE
1073,AWS-001,AWS Cloud Practitioner,2026-06-25,ENR,30.00,0.00,1887.80,ELEARN
1073,REACT-001,React & TypeScript Masterclass,2021-05-30,COMP,36.00,80.66,1190.56,ELEARN
1073,PYTHON-001,Python for Data Science,2022-08-13,COMP,24.00,76.68,1067.94,ELEARN
1074,GDPR-001,RGPD & Protection des Données,2024-11-27,COMP,2.00,97.99,198.88,COMPLIANCE
1074,HEALTH-001,Santé & Sécurité au Travail,2025-01-05,COMP,4.00,79.11,232.25,COMPLIANCE
1074,FIRE-001,Sécurité & Évacuation Incendie,2024-12-04,COMP,1.00,91.80,106.58,COMPLIANCE
1074,DEI-001,Égalité Femmes-Hommes,2024-12-03,COMP,3.00,83.49,177.31,COMPLIANCE
1074,FRAUD-001,Prévention Fraude & Corruption,2024-12-08,COMP,2.00,92.88,135.17,COMPLIANCE
1074,ETHICS-001,Code de Déontologie Novaryn Tech,2024-12-08,COMP,1.50,71.66,117.81,COMPLIANCE
1074,K8S-001,Kubernetes Fundamentals,2026-05-03,ENR,24.00,0.00,1003.84,ELEARN
1074,AZURE-001,Microsoft Azure Fundamentals,2026-05-15,ENR,28.00,0.00,1759.62,ELEARN
1074,SCRUM-001,Scrum Fundamentals,2025-12-21,COMP,12.00,77.10,578.83,ELEARN
1075,GDPR-001,RGPD & Protection des Données,2017-06-01,COMP,2.00,86.80,187.98,COMPLIANCE
1075,HEALTH-001,Santé & Sécurité au Travail,2017-05-10,COMP,4.00,88.53,247.01,COMPLIANCE
1075,FIRE-001,Sécurité & Évacuation Incendie,2017-05-14,COMP,1.00,73.21,94.86,COMPLIANCE
1075,DEI-001,Égalité Femmes-Hommes,2017-05-17,COMP,3.00,91.69,195.89,COMPLIANCE
1075,FRAUD-001,Prévention Fraude & Corruption,2017-06-03,COMP,2.00,84.10,164.13,COMPLIANCE
1075,ETHICS-001,Code de Déontologie Novaryn Tech,2017-04-29,COMP,1.50,93.44,117.36,COMPLIANCE
1075,AWS-001,AWS Cloud Practitioner,2024-11-03,COMP,30.00,62.24,1715.05,ELEARN
1075,AZURE-001,Microsoft Azure Fundamentals,2022-06-15,COMP,28.00,77.52,1496.43,ELEARN
1075,PM-001,Product Management Essentials,2023-09-26,COMP,20.00,95.23,1046.64,COURSE
1075,SAFE-001,SAFe Agile Practitioner,2021-01-21,FAIL,16.00,53.92,1536.21,COURSE
1075,REACT-001,React & TypeScript Masterclass,2026-06-22,ENR,36.00,0.00,1127.59,ELEARN
1076,GDPR-001,RGPD & Protection des Données,2023-02-09,COMP,2.00,86.86,197.53,COMPLIANCE
1076,HEALTH-001,Santé & Sécurité au Travail,2023-02-17,COMP,4.00,87.18,263.14,COMPLIANCE
1076,FIRE-001,Sécurité & Évacuation Incendie,2023-02-13,COMP,1.00,86.70,106.35,COMPLIANCE
1076,DEI-001,Égalité Femmes-Hommes,2023-03-13,COMP,3.00,70.66,189.80,COMPLIANCE
1076,FRAUD-001,Prévention Fraude & Corruption,2023-02-01,COMP,2.00,96.12,155.98,COMPLIANCE
1076,ETHICS-001,Code de Déontologie Novaryn Tech,2023-03-16,COMP,1.50,79.42,128.48,COMPLIANCE
1076,COMM-001,Communication & Public Speaking,2024-08-05,COMP,8.00,74.49,363.88,OJT
1076,AWS-001,AWS Cloud Practitioner,2025-01-05,FAIL,30.00,44.92,1855.95,ELEARN
1076,PYTHON-001,Python for Data Science,2024-06-16,FAIL,24.00,42.67,1042.67,ELEARN
1076,SQL-001,Advanced SQL for Analytics,2025-06-06,COMP,16.00,92.24,871.54,ELEARN
1076,K8S-001,Kubernetes Fundamentals,2026-04-15,ENR,24.00,0.00,1236.28,ELEARN
1077,GDPR-001,RGPD & Protection des Données,2020-11-29,COMP,2.00,81.20,202.63,COMPLIANCE
1077,HEALTH-001,Santé & Sécurité au Travail,2020-10-30,COMP,4.00,98.79,268.65,COMPLIANCE
1077,FIRE-001,Sécurité & Évacuation Incendie,2020-11-17,COMP,1.00,93.70,99.84,COMPLIANCE
1077,DEI-001,Égalité Femmes-Hommes,2020-12-03,COMP,3.00,80.01,164.42,COMPLIANCE
1077,FRAUD-001,Prévention Fraude & Corruption,2020-11-01,COMP,2.00,86.96,164.23,COMPLIANCE
1077,ETHICS-001,Code de Déontologie Novaryn Tech,2020-12-16,COMP,1.50,73.37,111.80,COMPLIANCE
1077,PM-001,Product Management Essentials,2025-04-02,COMP,20.00,99.72,1290.69,COURSE
1077,K8S-001,Kubernetes Fundamentals,2026-06-02,ENR,24.00,0.00,1204.86,ELEARN
1078,GDPR-001,RGPD & Protection des Données,2016-04-25,COMP,2.00,83.54,215.22,COMPLIANCE
1078,HEALTH-001,Santé & Sécurité au Travail,2016-05-13,COMP,4.00,74.57,241.52,COMPLIANCE
1078,FIRE-001,Sécurité & Évacuation Incendie,2016-04-07,COMP,1.00,89.44,96.80,COMPLIANCE
1078,DEI-001,Égalité Femmes-Hommes,2016-04-29,COMP,3.00,93.43,188.62,COMPLIANCE
1078,FRAUD-001,Prévention Fraude & Corruption,2016-04-23,COMP,2.00,96.68,147.04,COMPLIANCE
1078,ETHICS-001,Code de Déontologie Novaryn Tech,2016-04-14,COMP,1.50,70.19,127.88,COMPLIANCE
1078,SCRUM-001,Scrum Fundamentals,2020-09-06,COMP,12.00,66.02,664.00,ELEARN
1078,AWS-001,AWS Cloud Practitioner,2025-02-01,COMP,30.00,90.71,1817.48,ELEARN
1079,GDPR-001,RGPD & Protection des Données,2017-11-18,COMP,2.00,89.96,210.80,COMPLIANCE
1079,HEALTH-001,Santé & Sécurité au Travail,2017-11-13,COMP,4.00,97.76,269.66,COMPLIANCE
1079,FIRE-001,Sécurité & Évacuation Incendie,2017-11-22,COMP,1.00,96.02,93.05,COMPLIANCE
1079,DEI-001,Égalité Femmes-Hommes,2017-11-26,COMP,3.00,74.45,173.11,COMPLIANCE
1079,FRAUD-001,Prévention Fraude & Corruption,2017-10-14,COMP,2.00,70.79,153.06,COMPLIANCE
1079,ETHICS-001,Code de Déontologie Novaryn Tech,2017-10-10,COMP,1.50,93.38,120.96,COMPLIANCE
1079,SQL-001,Advanced SQL for Analytics,2020-05-03,FAIL,16.00,52.51,728.41,ELEARN
1079,EXCEL-001,Excel Avancé & Reporting,2023-09-04,COMP,8.00,99.64,367.96,ELEARN
1080,GDPR-001,RGPD & Protection des Données,2021-06-23,COMP,2.00,93.17,181.09,COMPLIANCE
1080,HEALTH-001,Santé & Sécurité au Travail,2021-07-08,COMP,4.00,73.69,272.40,COMPLIANCE
1080,FIRE-001,Sécurité & Évacuation Incendie,2021-06-11,COMP,1.00,83.32,104.88,COMPLIANCE
1080,DEI-001,Égalité Femmes-Hommes,2021-07-27,COMP,3.00,76.26,163.77,COMPLIANCE
1080,FRAUD-001,Prévention Fraude & Corruption,2021-07-08,COMP,2.00,81.98,141.17,COMPLIANCE
1080,ETHICS-001,Code de Déontologie Novaryn Tech,2021-07-04,COMP,1.50,87.71,110.99,COMPLIANCE
1080,ML-001,Machine Learning Fundamentals,2024-05-29,COMP,40.00,90.26,1417.77,ELEARN
1080,PM-001,Product Management Essentials,2023-10-18,COMP,20.00,84.19,1289.89,COURSE
1080,EXCEL-001,Excel Avancé & Reporting,2021-11-20,COMP,8.00,67.64,458.22,ELEARN
1081,GDPR-001,RGPD & Protection des Données,2015-11-27,COMP,2.00,85.21,199.12,COMPLIANCE
1081,HEALTH-001,Santé & Sécurité au Travail,2015-11-08,COMP,4.00,73.36,247.85,COMPLIANCE
1081,FIRE-001,Sécurité & Évacuation Incendie,2015-10-07,COMP,1.00,81.40,98.40,COMPLIANCE
1081,DEI-001,Égalité Femmes-Hommes,2015-10-13,COMP,3.00,80.64,196.05,COMPLIANCE
1081,FRAUD-001,Prévention Fraude & Corruption,2015-11-29,COMP,2.00,71.96,163.38,COMPLIANCE
1081,ETHICS-001,Code de Déontologie Novaryn Tech,2015-11-17,COMP,1.50,79.02,131.99,COMPLIANCE
1081,SAFE-001,SAFe Agile Practitioner,2026-06-07,ENR,16.00,0.00,1196.66,COURSE
1081,EXCEL-001,Excel Avancé & Reporting,2021-12-12,FAIL,8.00,53.86,447.68,ELEARN
1082,GDPR-001,RGPD & Protection des Données,2024-01-25,COMP,2.00,74.22,189.96,COMPLIANCE
1082,HEALTH-001,Santé & Sécurité au Travail,2024-02-28,COMP,4.00,70.28,250.93,COMPLIANCE
1082,FIRE-001,Sécurité & Évacuation Incendie,2024-01-31,COMP,1.00,90.85,105.25,COMPLIANCE
1082,DEI-001,Égalité Femmes-Hommes,2024-01-26,COMP,3.00,87.89,169.55,COMPLIANCE
1082,FRAUD-001,Prévention Fraude & Corruption,2024-03-10,COMP,2.00,89.83,146.15,COMPLIANCE
1082,ETHICS-001,Code de Déontologie Novaryn Tech,2024-02-18,COMP,1.50,94.70,118.06,COMPLIANCE
1082,ML-001,Machine Learning Fundamentals,2025-09-20,COMP,40.00,95.16,1412.51,ELEARN
1082,PYTHON-001,Python for Data Science,2025-07-05,COMP,24.00,79.90,941.82,ELEARN
1082,SAFE-001,SAFe Agile Practitioner,2025-07-15,COMP,16.00,96.36,1301.38,COURSE
1083,GDPR-001,RGPD & Protection des Données,2013-03-21,COMP,2.00,70.85,181.03,COMPLIANCE
1083,HEALTH-001,Santé & Sécurité au Travail,2013-03-02,COMP,4.00,96.66,226.71,COMPLIANCE
1083,FIRE-001,Sécurité & Évacuation Incendie,2013-03-10,COMP,1.00,97.41,90.93,COMPLIANCE
1083,DEI-001,Égalité Femmes-Hommes,2013-03-25,COMP,3.00,92.88,188.01,COMPLIANCE
1083,FRAUD-001,Prévention Fraude & Corruption,2013-03-11,COMP,2.00,74.75,135.45,COMPLIANCE
1083,ETHICS-001,Code de Déontologie Novaryn Tech,2013-03-15,COMP,1.50,72.76,131.72,COMPLIANCE
1083,K8S-001,Kubernetes Fundamentals,2020-03-05,FAIL,24.00,56.27,1112.12,ELEARN
1083,EXCEL-001,Excel Avancé & Reporting,2025-09-19,COMP,8.00,84.13,416.42,ELEARN
1084,GDPR-001,RGPD & Protection des Données,2013-04-11,COMP,2.00,84.29,215.98,COMPLIANCE
1084,HEALTH-001,Santé & Sécurité au Travail,2013-04-08,COMP,4.00,73.85,257.82,COMPLIANCE
1084,FIRE-001,Sécurité & Évacuation Incendie,2013-04-15,COMP,1.00,98.71,103.37,COMPLIANCE
1084,DEI-001,Égalité Femmes-Hommes,2013-03-29,COMP,3.00,84.33,188.95,COMPLIANCE
1084,FRAUD-001,Prévention Fraude & Corruption,2013-04-28,COMP,2.00,75.89,141.58,COMPLIANCE
1084,ETHICS-001,Code de Déontologie Novaryn Tech,2013-03-31,COMP,1.50,94.16,111.42,COMPLIANCE
1084,COMM-001,Communication & Public Speaking,2026-05-14,ENR,8.00,0.00,446.43,OJT
1084,LEAD-001,Leadership & Management,2024-11-25,COMP,20.00,69.05,1358.08,COURSE
1085,GDPR-001,RGPD & Protection des Données,2016-11-14,COMP,2.00,79.03,208.42,COMPLIANCE
1085,HEALTH-001,Santé & Sécurité au Travail,2016-11-01,COMP,4.00,90.05,251.00,COMPLIANCE
1085,FIRE-001,Sécurité & Évacuation Incendie,2016-11-08,COMP,1.00,99.63,95.33,COMPLIANCE
1085,DEI-001,Égalité Femmes-Hommes,2016-10-11,COMP,3.00,79.84,175.49,COMPLIANCE
1085,FRAUD-001,Prévention Fraude & Corruption,2016-10-12,COMP,2.00,87.38,163.04,COMPLIANCE
1085,ETHICS-001,Code de Déontologie Novaryn Tech,2016-10-05,COMP,1.50,92.44,127.19,COMPLIANCE
1085,EXCEL-001,Excel Avancé & Reporting,2020-05-04,FAIL,8.00,40.27,416.16,ELEARN
1085,AWS-001,AWS Cloud Practitioner,2026-05-08,ENR,30.00,0.00,1617.42,ELEARN
1086,GDPR-001,RGPD & Protection des Données,2021-03-31,COMP,2.00,70.35,199.23,COMPLIANCE
1086,HEALTH-001,Santé & Sécurité au Travail,2021-04-02,COMP,4.00,75.63,268.48,COMPLIANCE
1086,FIRE-001,Sécurité & Évacuation Incendie,2021-04-16,COMP,1.00,82.17,109.85,COMPLIANCE
1086,DEI-001,Égalité Femmes-Hommes,2021-04-09,COMP,3.00,88.64,181.65,COMPLIANCE
1086,FRAUD-001,Prévention Fraude & Corruption,2021-03-18,COMP,2.00,92.35,154.66,COMPLIANCE
1086,ETHICS-001,Code de Déontologie Novaryn Tech,2021-04-12,COMP,1.50,97.72,116.09,COMPLIANCE
1086,AZURE-001,Microsoft Azure Fundamentals,2026-06-05,ENR,28.00,0.00,1678.36,ELEARN
1086,SQL-001,Advanced SQL for Analytics,2025-10-31,COMP,16.00,73.70,804.58,ELEARN
1086,K8S-001,Kubernetes Fundamentals,2025-03-06,COMP,24.00,74.62,1146.96,ELEARN
1087,GDPR-001,RGPD & Protection des Données,2021-10-29,COMP,2.00,73.79,189.09,COMPLIANCE
1087,HEALTH-001,Santé & Sécurité au Travail,2021-10-24,COMP,4.00,94.90,231.01,COMPLIANCE
1087,FIRE-001,Sécurité & Évacuation Incendie,2021-11-09,COMP,1.00,78.87,107.47,COMPLIANCE
1087,DEI-001,Égalité Femmes-Hommes,2021-10-14,COMP,3.00,83.58,181.92,COMPLIANCE
1087,FRAUD-001,Prévention Fraude & Corruption,2021-09-30,COMP,2.00,98.99,164.15,COMPLIANCE
1087,ETHICS-001,Code de Déontologie Novaryn Tech,2021-10-06,COMP,1.50,81.93,130.59,COMPLIANCE
1087,PYTHON-001,Python for Data Science,2026-05-03,ENR,24.00,0.00,1070.02,ELEARN
1087,SAFE-001,SAFe Agile Practitioner,2023-02-22,COMP,16.00,84.04,1253.74,COURSE
1087,AWS-001,AWS Cloud Practitioner,2026-06-14,ENR,30.00,0.00,1555.38,ELEARN
1090,GDPR-001,RGPD & Protection des Données,2023-04-28,COMP,2.00,80.88,189.22,COMPLIANCE
1090,HEALTH-001,Santé & Sécurité au Travail,2023-04-27,COMP,4.00,75.00,232.94,COMPLIANCE
1090,FIRE-001,Sécurité & Évacuation Incendie,2023-05-07,COMP,1.00,74.97,102.69,COMPLIANCE
1090,DEI-001,Égalité Femmes-Hommes,2023-05-03,COMP,3.00,76.79,195.50,COMPLIANCE
1090,FRAUD-001,Prévention Fraude & Corruption,2023-05-09,COMP,2.00,74.56,163.27,COMPLIANCE
1090,ETHICS-001,Code de Déontologie Novaryn Tech,2023-05-03,COMP,1.50,82.72,112.85,COMPLIANCE
1090,REACT-001,React & TypeScript Masterclass,2025-12-11,COMP,36.00,80.87,1171.66,ELEARN
1090,AZURE-001,Microsoft Azure Fundamentals,2025-04-23,COMP,28.00,72.88,1706.34,ELEARN
1091,GDPR-001,RGPD & Protection des Données,2019-04-12,COMP,2.00,70.01,190.05,COMPLIANCE
1091,HEALTH-001,Santé & Sécurité au Travail,2019-04-28,COMP,4.00,90.04,235.44,COMPLIANCE
1091,FIRE-001,Sécurité & Évacuation Incendie,2019-05-09,COMP,1.00,88.39,109.19,COMPLIANCE
1091,DEI-001,Égalité Femmes-Hommes,2019-03-27,COMP,3.00,92.66,167.05,COMPLIANCE
1091,FRAUD-001,Prévention Fraude & Corruption,2019-04-23,COMP,2.00,94.67,157.94,COMPLIANCE
1091,ETHICS-001,Code de Déontologie Novaryn Tech,2019-05-14,COMP,1.50,99.29,131.48,COMPLIANCE
1091,EXCEL-001,Excel Avancé & Reporting,2025-05-26,COMP,8.00,69.94,382.05,ELEARN
1091,PYTHON-001,Python for Data Science,2024-03-07,COMP,24.00,97.96,892.13,ELEARN
1091,SAFE-001,SAFe Agile Practitioner,2020-10-10,COMP,16.00,89.04,1436.09,COURSE
1091,REACT-001,React & TypeScript Masterclass,2023-12-31,COMP,36.00,68.23,1071.27,ELEARN
1091,PM-001,Product Management Essentials,2022-12-17,COMP,20.00,73.10,1249.23,COURSE
1092,GDPR-001,RGPD & Protection des Données,2024-07-06,COMP,2.00,79.33,184.10,COMPLIANCE
1092,HEALTH-001,Santé & Sécurité au Travail,2024-07-13,COMP,4.00,87.95,236.61,COMPLIANCE
1092,FIRE-001,Sécurité & Évacuation Incendie,2024-07-01,COMP,1.00,78.96,92.50,COMPLIANCE
1092,DEI-001,Égalité Femmes-Hommes,2024-07-20,COMP,3.00,88.30,167.53,COMPLIANCE
1092,FRAUD-001,Prévention Fraude & Corruption,2024-07-21,COMP,2.00,97.32,145.24,COMPLIANCE
1092,ETHICS-001,Code de Déontologie Novaryn Tech,2024-06-20,COMP,1.50,98.48,108.98,COMPLIANCE
1092,LEAD-001,Leadership & Management,2025-07-08,COMP,20.00,95.05,1586.15,COURSE
1092,SAFE-001,SAFe Agile Practitioner,2026-05-15,ENR,16.00,0.00,1284.35,COURSE
1092,K8S-001,Kubernetes Fundamentals,2025-05-01,COMP,24.00,99.90,1134.09,ELEARN
1092,REACT-001,React & TypeScript Masterclass,2024-11-14,COMP,36.00,74.50,1332.97,ELEARN
1093,GDPR-001,RGPD & Protection des Données,2023-04-02,COMP,2.00,84.84,208.06,COMPLIANCE
1093,HEALTH-001,Santé & Sécurité au Travail,2023-03-18,COMP,4.00,82.65,256.90,COMPLIANCE
1093,FIRE-001,Sécurité & Évacuation Incendie,2023-04-09,COMP,1.00,78.41,104.48,COMPLIANCE
1093,DEI-001,Égalité Femmes-Hommes,2023-03-08,COMP,3.00,97.14,185.05,COMPLIANCE
1093,FRAUD-001,Prévention Fraude & Corruption,2023-03-12,COMP,2.00,82.59,160.09,COMPLIANCE
1093,ETHICS-001,Code de Déontologie Novaryn Tech,2023-03-13,COMP,1.50,72.49,110.43,COMPLIANCE
1093,AWS-001,AWS Cloud Practitioner,2024-01-17,COMP,30.00,64.16,1951.70,ELEARN
1093,PM-001,Product Management Essentials,2026-06-18,ENR,20.00,0.00,1238.39,COURSE
1093,K8S-001,Kubernetes Fundamentals,2025-02-10,COMP,24.00,84.27,1222.23,ELEARN
1093,EXCEL-001,Excel Avancé & Reporting,2025-06-20,COMP,8.00,61.68,352.94,ELEARN
1093,REACT-001,React & TypeScript Masterclass,2026-06-29,ENR,36.00,0.00,1363.47,ELEARN
1094,GDPR-001,RGPD & Protection des Données,2013-02-23,COMP,2.00,72.85,218.67,COMPLIANCE
1094,HEALTH-001,Santé & Sécurité au Travail,2013-02-02,COMP,4.00,80.82,258.63,COMPLIANCE
1094,FIRE-001,Sécurité & Évacuation Incendie,2013-02-25,COMP,1.00,82.65,97.87,COMPLIANCE
1094,DEI-001,Égalité Femmes-Hommes,2013-03-06,COMP,3.00,71.20,185.30,COMPLIANCE
1094,FRAUD-001,Prévention Fraude & Corruption,2013-02-15,COMP,2.00,95.57,152.20,COMPLIANCE
1094,ETHICS-001,Code de Déontologie Novaryn Tech,2013-02-20,COMP,1.50,71.12,117.57,COMPLIANCE
1094,SAFE-001,SAFe Agile Practitioner,2025-08-20,COMP,16.00,97.84,1231.50,COURSE
1094,SCRUM-001,Scrum Fundamentals,2023-05-29,FAIL,12.00,55.24,641.23,ELEARN
1094,AWS-001,AWS Cloud Practitioner,2026-05-10,ENR,30.00,0.00,1723.64,ELEARN
1094,PM-001,Product Management Essentials,2020-04-24,COMP,20.00,74.10,1367.61,COURSE
1094,PYTHON-001,Python for Data Science,2023-11-14,COMP,24.00,91.35,947.35,ELEARN
1095,GDPR-001,RGPD & Protection des Données,2017-11-29,COMP,2.00,99.73,190.53,COMPLIANCE
1095,HEALTH-001,Santé & Sécurité au Travail,2017-12-05,COMP,4.00,74.82,252.92,COMPLIANCE
1095,FIRE-001,Sécurité & Évacuation Incendie,2017-11-20,COMP,1.00,89.45,104.81,COMPLIANCE
1095,DEI-001,Égalité Femmes-Hommes,2017-12-03,COMP,3.00,80.46,191.36,COMPLIANCE
1095,FRAUD-001,Prévention Fraude & Corruption,2017-11-16,COMP,2.00,95.70,145.01,COMPLIANCE
1095,ETHICS-001,Code de Déontologie Novaryn Tech,2017-11-24,COMP,1.50,86.15,127.32,COMPLIANCE
1095,SQL-001,Advanced SQL for Analytics,2020-09-30,FAIL,16.00,41.72,777.46,ELEARN
1095,AZURE-001,Microsoft Azure Fundamentals,2022-09-04,COMP,28.00,85.58,1723.15,ELEARN
1095,LEAD-001,Leadership & Management,2022-02-23,COMP,20.00,94.24,1493.45,COURSE
1096,GDPR-001,RGPD & Protection des Données,2015-05-03,COMP,2.00,94.18,215.83,COMPLIANCE
1096,HEALTH-001,Santé & Sécurité au Travail,2015-05-30,COMP,4.00,74.78,233.43,COMPLIANCE
1096,FIRE-001,Sécurité & Évacuation Incendie,2015-04-13,COMP,1.00,73.34,101.64,COMPLIANCE
1096,DEI-001,Égalité Femmes-Hommes,2015-05-14,COMP,3.00,91.01,182.18,COMPLIANCE
1096,FRAUD-001,Prévention Fraude & Corruption,2015-05-30,COMP,2.00,86.80,140.34,COMPLIANCE
1096,ETHICS-001,Code de Déontologie Novaryn Tech,2015-05-21,COMP,1.50,90.87,112.77,COMPLIANCE
1096,COMM-001,Communication & Public Speaking,2022-10-01,FAIL,8.00,52.60,442.27,OJT
1096,PM-001,Product Management Essentials,2020-12-26,COMP,20.00,73.61,1147.37,COURSE
1097,GDPR-001,RGPD & Protection des Données,2019-09-03,COMP,2.00,97.64,184.15,COMPLIANCE
1097,HEALTH-001,Santé & Sécurité au Travail,2019-10-12,COMP,4.00,94.44,269.37,COMPLIANCE
1097,FIRE-001,Sécurité & Évacuation Incendie,2019-09-13,COMP,1.00,88.40,109.41,COMPLIANCE
1097,DEI-001,Égalité Femmes-Hommes,2019-09-15,COMP,3.00,99.98,177.93,COMPLIANCE
1097,FRAUD-001,Prévention Fraude & Corruption,2019-08-28,COMP,2.00,77.38,139.65,COMPLIANCE
1097,ETHICS-001,Code de Déontologie Novaryn Tech,2019-09-12,COMP,1.50,70.79,113.39,COMPLIANCE
1097,AWS-001,AWS Cloud Practitioner,2023-06-09,COMP,30.00,68.64,1536.71,ELEARN
1097,EXCEL-001,Excel Avancé & Reporting,2024-05-17,COMP,8.00,60.83,413.47,ELEARN
1097,K8S-001,Kubernetes Fundamentals,2026-05-31,ENR,24.00,0.00,1118.59,ELEARN
1098,GDPR-001,RGPD & Protection des Données,2015-03-29,COMP,2.00,75.77,187.44,COMPLIANCE
1098,HEALTH-001,Santé & Sécurité au Travail,2015-03-26,COMP,4.00,87.43,256.36,COMPLIANCE
1098,FIRE-001,Sécurité & Évacuation Incendie,2015-03-17,COMP,1.00,92.40,104.13,COMPLIANCE
1098,DEI-001,Égalité Femmes-Hommes,2015-03-16,COMP,3.00,94.10,171.49,COMPLIANCE
1098,FRAUD-001,Prévention Fraude & Corruption,2015-03-16,COMP,2.00,80.94,162.77,COMPLIANCE
1098,ETHICS-001,Code de Déontologie Novaryn Tech,2015-03-08,COMP,1.50,79.60,116.57,COMPLIANCE
1098,SQL-001,Advanced SQL for Analytics,2026-06-21,ENR,16.00,0.00,710.90,ELEARN
1098,COMM-001,Communication & Public Speaking,2024-08-12,FAIL,8.00,54.90,400.89,OJT
1098,AWS-001,AWS Cloud Practitioner,2023-12-06,COMP,30.00,72.54,1965.92,ELEARN
1099,GDPR-001,RGPD & Protection des Données,2016-05-16,COMP,2.00,76.83,193.93,COMPLIANCE
1099,HEALTH-001,Santé & Sécurité au Travail,2016-05-22,COMP,4.00,89.35,252.70,COMPLIANCE
1099,FIRE-001,Sécurité & Évacuation Incendie,2016-04-22,COMP,1.00,83.96,101.49,COMPLIANCE
1099,DEI-001,Égalité Femmes-Hommes,2016-04-11,COMP,3.00,83.81,177.76,COMPLIANCE
1099,FRAUD-001,Prévention Fraude & Corruption,2016-05-15,COMP,2.00,83.09,163.59,COMPLIANCE
1099,ETHICS-001,Code de Déontologie Novaryn Tech,2016-04-18,COMP,1.50,70.66,118.76,COMPLIANCE
1099,SQL-001,Advanced SQL for Analytics,2026-04-26,ENR,16.00,0.00,695.31,ELEARN
1099,K8S-001,Kubernetes Fundamentals,2020-06-17,COMP,24.00,98.19,1026.11,ELEARN
1100,GDPR-001,RGPD & Protection des Données,2025-10-22,COMP,2.00,98.42,209.11,COMPLIANCE
1100,HEALTH-001,Santé & Sécurité au Travail,2025-11-20,COMP,4.00,87.93,246.54,COMPLIANCE
1100,FIRE-001,Sécurité & Évacuation Incendie,2025-11-23,COMP,1.00,98.28,109.72,COMPLIANCE
1100,DEI-001,Égalité Femmes-Hommes,2025-10-19,COMP,3.00,89.85,173.15,COMPLIANCE
1100,FRAUD-001,Prévention Fraude & Corruption,2025-11-19,COMP,2.00,90.24,144.92,COMPLIANCE
1100,ETHICS-001,Code de Déontologie Novaryn Tech,2025-11-11,COMP,1.50,93.95,120.19,COMPLIANCE
1100,PYTHON-001,Python for Data Science,2026-06-25,ENR,24.00,0.00,865.89,ELEARN
1100,ML-001,Machine Learning Fundamentals,2026-06-22,ENR,40.00,0.00,1417.45,ELEARN
1100,SAFE-001,SAFe Agile Practitioner,2025-12-29,FAIL,16.00,51.66,1412.50,COURSE
1100,PM-001,Product Management Essentials,2026-05-02,ENR,20.00,0.00,1109.57,COURSE
1100,SQL-001,Advanced SQL for Analytics,2025-12-30,COMP,16.00,90.35,723.04,ELEARN
1101,GDPR-001,RGPD & Protection des Données,2012-11-28,COMP,2.00,70.88,217.15,COMPLIANCE
1101,HEALTH-001,Santé & Sécurité au Travail,2013-01-02,COMP,4.00,73.59,229.46,COMPLIANCE
1101,FIRE-001,Sécurité & Évacuation Incendie,2012-12-12,COMP,1.00,87.22,108.98,COMPLIANCE
1101,DEI-001,Égalité Femmes-Hommes,2012-12-11,COMP,3.00,94.15,175.73,COMPLIANCE
1101,FRAUD-001,Prévention Fraude & Corruption,2012-12-17,COMP,2.00,74.16,145.30,COMPLIANCE
1101,ETHICS-001,Code de Déontologie Novaryn Tech,2012-11-23,COMP,1.50,79.34,112.26,COMPLIANCE
1101,AZURE-001,Microsoft Azure Fundamentals,2024-03-28,COMP,28.00,69.07,1833.11,ELEARN
1101,K8S-001,Kubernetes Fundamentals,2025-04-27,COMP,24.00,73.59,1183.10,ELEARN
1101,LEAD-001,Leadership & Management,2023-10-05,COMP,20.00,60.82,1547.77,COURSE
1101,PYTHON-001,Python for Data Science,2020-06-09,FAIL,24.00,41.12,961.94,ELEARN
1101,EXCEL-001,Excel Avancé & Reporting,2021-09-24,COMP,8.00,98.54,403.49,ELEARN
1102,GDPR-001,RGPD & Protection des Données,2012-04-08,COMP,2.00,79.81,192.25,COMPLIANCE
1102,HEALTH-001,Santé & Sécurité au Travail,2012-05-29,COMP,4.00,97.15,253.17,COMPLIANCE
1102,FIRE-001,Sécurité & Évacuation Incendie,2012-04-12,COMP,1.00,98.67,93.77,COMPLIANCE
1102,DEI-001,Égalité Femmes-Hommes,2012-05-17,COMP,3.00,84.95,181.27,COMPLIANCE
1102,FRAUD-001,Prévention Fraude & Corruption,2012-04-30,COMP,2.00,72.91,155.50,COMPLIANCE
1102,ETHICS-001,Code de Déontologie Novaryn Tech,2012-04-17,COMP,1.50,87.99,121.78,COMPLIANCE
1102,COMM-001,Communication & Public Speaking,2022-04-09,COMP,8.00,61.55,404.51,OJT
1102,PYTHON-001,Python for Data Science,2024-09-02,FAIL,24.00,57.87,1092.16,ELEARN
1102,ML-001,Machine Learning Fundamentals,2021-02-11,COMP,40.00,71.66,1527.55,ELEARN
1102,EXCEL-001,Excel Avancé & Reporting,2022-06-13,COMP,8.00,80.74,448.03,ELEARN
1102,K8S-001,Kubernetes Fundamentals,2023-09-23,COMP,24.00,84.14,1264.12,ELEARN
1103,GDPR-001,RGPD & Protection des Données,2016-02-05,COMP,2.00,98.13,217.14,COMPLIANCE
1103,HEALTH-001,Santé & Sécurité au Travail,2016-02-19,COMP,4.00,94.95,264.20,COMPLIANCE
1103,FIRE-001,Sécurité & Évacuation Incendie,2016-01-22,COMP,1.00,90.06,91.31,COMPLIANCE
1103,DEI-001,Égalité Femmes-Hommes,2016-01-30,COMP,3.00,80.97,170.62,COMPLIANCE
1103,FRAUD-001,Prévention Fraude & Corruption,2016-03-07,COMP,2.00,84.72,158.82,COMPLIANCE
1103,ETHICS-001,Code de Déontologie Novaryn Tech,2016-01-17,COMP,1.50,80.75,130.00,COMPLIANCE
1103,EXCEL-001,Excel Avancé & Reporting,2025-12-09,COMP,8.00,86.19,449.42,ELEARN
1103,SAFE-001,SAFe Agile Practitioner,2024-02-14,COMP,16.00,88.09,1409.10,COURSE
1103,PM-001,Product Management Essentials,2026-06-29,ENR,20.00,0.00,1092.34,COURSE
1103,LEAD-001,Leadership & Management,2020-03-30,COMP,20.00,77.92,1364.12,COURSE
1103,ML-001,Machine Learning Fundamentals,2025-05-11,FAIL,40.00,48.10,1568.87,ELEARN
1104,GDPR-001,RGPD & Protection des Données,2020-04-17,COMP,2.00,84.71,199.65,COMPLIANCE
1104,HEALTH-001,Santé & Sécurité au Travail,2020-05-02,COMP,4.00,86.84,255.48,COMPLIANCE
1104,FIRE-001,Sécurité & Évacuation Incendie,2020-05-01,COMP,1.00,84.93,105.73,COMPLIANCE
1104,DEI-001,Égalité Femmes-Hommes,2020-04-30,COMP,3.00,93.13,187.16,COMPLIANCE
1104,FRAUD-001,Prévention Fraude & Corruption,2020-05-15,COMP,2.00,94.94,140.64,COMPLIANCE
1104,ETHICS-001,Code de Déontologie Novaryn Tech,2020-04-17,COMP,1.50,79.21,122.10,COMPLIANCE
1104,SAFE-001,SAFe Agile Practitioner,2025-09-07,COMP,16.00,61.89,1317.24,COURSE
1104,SQL-001,Advanced SQL for Analytics,2022-07-17,COMP,16.00,98.57,692.58,ELEARN
1104,SCRUM-001,Scrum Fundamentals,2026-06-02,ENR,12.00,0.00,642.94,ELEARN
1105,GDPR-001,RGPD & Protection des Données,2018-12-06,COMP,2.00,95.48,200.35,COMPLIANCE
1105,HEALTH-001,Santé & Sécurité au Travail,2018-12-16,COMP,4.00,90.98,270.53,COMPLIANCE
1105,FIRE-001,Sécurité & Évacuation Incendie,2018-11-09,COMP,1.00,83.72,93.71,COMPLIANCE
1105,DEI-001,Égalité Femmes-Hommes,2018-11-17,COMP,3.00,91.37,164.63,COMPLIANCE
1105,FRAUD-001,Prévention Fraude & Corruption,2018-11-16,COMP,2.00,84.86,152.13,COMPLIANCE
1105,ETHICS-001,Code de Déontologie Novaryn Tech,2018-12-12,COMP,1.50,70.47,130.13,COMPLIANCE
1105,COMM-001,Communication & Public Speaking,2022-08-23,COMP,8.00,69.62,437.64,OJT
1105,LEAD-001,Leadership & Management,2026-04-30,ENR,20.00,0.00,1719.19,COURSE
1105,AZURE-001,Microsoft Azure Fundamentals,2026-05-25,ENR,28.00,0.00,1800.44,ELEARN
1106,GDPR-001,RGPD & Protection des Données,2018-07-14,COMP,2.00,71.34,185.67,COMPLIANCE
1106,HEALTH-001,Santé & Sécurité au Travail,2018-07-04,COMP,4.00,88.65,237.91,COMPLIANCE
1106,FIRE-001,Sécurité & Évacuation Incendie,2018-07-16,COMP,1.00,90.41,104.20,COMPLIANCE
1106,DEI-001,Égalité Femmes-Hommes,2018-07-29,COMP,3.00,79.29,195.85,COMPLIANCE
1106,FRAUD-001,Prévention Fraude & Corruption,2018-07-30,COMP,2.00,92.10,143.18,COMPLIANCE
1106,ETHICS-001,Code de Déontologie Novaryn Tech,2018-08-02,COMP,1.50,70.31,127.77,COMPLIANCE
1106,AZURE-001,Microsoft Azure Fundamentals,2024-09-11,COMP,28.00,75.82,1694.08,ELEARN
1106,AWS-001,AWS Cloud Practitioner,2023-06-21,COMP,30.00,86.52,1650.41,ELEARN
1106,K8S-001,Kubernetes Fundamentals,2020-10-16,COMP,24.00,64.61,1232.73,ELEARN
1106,EXCEL-001,Excel Avancé & Reporting,2021-11-29,COMP,8.00,67.33,379.29,ELEARN
1106,SCRUM-001,Scrum Fundamentals,2020-12-18,FAIL,12.00,44.87,632.56,ELEARN
1107,GDPR-001,RGPD & Protection des Données,2016-08-25,COMP,2.00,81.95,201.45,COMPLIANCE
1107,HEALTH-001,Santé & Sécurité au Travail,2016-07-30,COMP,4.00,95.67,238.07,COMPLIANCE
1107,FIRE-001,Sécurité & Évacuation Incendie,2016-08-29,COMP,1.00,73.58,106.46,COMPLIANCE
1107,DEI-001,Égalité Femmes-Hommes,2016-07-24,COMP,3.00,98.51,181.97,COMPLIANCE
1107,FRAUD-001,Prévention Fraude & Corruption,2016-08-12,COMP,2.00,76.02,150.55,COMPLIANCE
1107,ETHICS-001,Code de Déontologie Novaryn Tech,2016-07-14,COMP,1.50,84.07,110.62,COMPLIANCE
1107,SCRUM-001,Scrum Fundamentals,2023-12-04,COMP,12.00,87.74,522.13,ELEARN
1107,REACT-001,React & TypeScript Masterclass,2020-12-30,COMP,36.00,74.84,1285.80,ELEARN
1107,PYTHON-001,Python for Data Science,2025-07-05,COMP,24.00,90.77,1048.86,ELEARN
1108,GDPR-001,RGPD & Protection des Données,2019-04-21,COMP,2.00,93.00,187.56,COMPLIANCE
1108,HEALTH-001,Santé & Sécurité au Travail,2019-04-02,COMP,4.00,91.75,227.19,COMPLIANCE
1108,FIRE-001,Sécurité & Évacuation Incendie,2019-03-20,COMP,1.00,98.46,96.83,COMPLIANCE
1108,DEI-001,Égalité Femmes-Hommes,2019-04-05,COMP,3.00,97.66,174.60,COMPLIANCE
1108,FRAUD-001,Prévention Fraude & Corruption,2019-04-01,COMP,2.00,97.05,136.69,COMPLIANCE
1108,ETHICS-001,Code de Déontologie Novaryn Tech,2019-04-13,COMP,1.50,74.59,115.00,COMPLIANCE
1108,AWS-001,AWS Cloud Practitioner,2021-04-23,COMP,30.00,73.44,1919.44,ELEARN
1108,PYTHON-001,Python for Data Science,2024-03-28,COMP,24.00,77.62,1103.03,ELEARN
1110,GDPR-001,RGPD & Protection des Données,2015-05-09,COMP,2.00,85.86,202.27,COMPLIANCE
1110,HEALTH-001,Santé & Sécurité au Travail,2015-04-10,COMP,4.00,86.41,240.88,COMPLIANCE
1110,FIRE-001,Sécurité & Évacuation Incendie,2015-04-08,COMP,1.00,90.54,98.20,COMPLIANCE
1110,DEI-001,Égalité Femmes-Hommes,2015-05-05,COMP,3.00,70.52,187.94,COMPLIANCE
1110,FRAUD-001,Prévention Fraude & Corruption,2015-05-17,COMP,2.00,97.98,146.11,COMPLIANCE
1110,ETHICS-001,Code de Déontologie Novaryn Tech,2015-04-10,COMP,1.50,97.05,124.42,COMPLIANCE
1110,REACT-001,React & TypeScript Masterclass,2022-06-25,COMP,36.00,92.55,1296.73,ELEARN
1110,SCRUM-001,Scrum Fundamentals,2024-04-30,COMP,12.00,68.98,623.09,ELEARN
1111,GDPR-001,RGPD & Protection des Données,2013-02-10,COMP,2.00,86.37,180.79,COMPLIANCE
1111,HEALTH-001,Santé & Sécurité au Travail,2013-02-26,COMP,4.00,97.32,271.86,COMPLIANCE
1111,FIRE-001,Sécurité & Évacuation Incendie,2013-02-15,COMP,1.00,81.58,103.71,COMPLIANCE
1111,DEI-001,Égalité Femmes-Hommes,2013-01-29,COMP,3.00,83.49,188.93,COMPLIANCE
1111,FRAUD-001,Prévention Fraude & Corruption,2013-02-17,COMP,2.00,84.72,142.50,COMPLIANCE
1111,ETHICS-001,Code de Déontologie Novaryn Tech,2013-02-14,COMP,1.50,83.65,130.07,COMPLIANCE
1111,K8S-001,Kubernetes Fundamentals,2022-04-29,COMP,24.00,71.47,1176.22,ELEARN
1111,ML-001,Machine Learning Fundamentals,2023-07-14,FAIL,40.00,47.38,1483.46,ELEARN
1111,SQL-001,Advanced SQL for Analytics,2024-02-08,COMP,16.00,89.60,783.62,ELEARN
1112,GDPR-001,RGPD & Protection des Données,2017-05-28,COMP,2.00,74.32,198.40,COMPLIANCE
1112,HEALTH-001,Santé & Sécurité au Travail,2017-06-23,COMP,4.00,96.39,267.58,COMPLIANCE
1112,FIRE-001,Sécurité & Évacuation Incendie,2017-06-03,COMP,1.00,73.75,102.53,COMPLIANCE
1112,DEI-001,Égalité Femmes-Hommes,2017-05-22,COMP,3.00,98.26,177.16,COMPLIANCE
1112,FRAUD-001,Prévention Fraude & Corruption,2017-06-04,COMP,2.00,83.82,148.57,COMPLIANCE
1112,ETHICS-001,Code de Déontologie Novaryn Tech,2017-06-02,COMP,1.50,83.91,116.11,COMPLIANCE
1112,PYTHON-001,Python for Data Science,2024-01-07,COMP,24.00,67.64,908.38,ELEARN
1112,COMM-001,Communication & Public Speaking,2026-07-01,ENR,8.00,0.00,434.10,OJT
1112,ML-001,Machine Learning Fundamentals,2023-11-20,COMP,40.00,78.54,1773.97,ELEARN
1112,AWS-001,AWS Cloud Practitioner,2026-05-25,ENR,30.00,0.00,1877.76,ELEARN
1112,PM-001,Product Management Essentials,2021-03-25,COMP,20.00,65.65,1059.11,COURSE
1114,GDPR-001,RGPD & Protection des Données,2021-03-02,COMP,2.00,83.57,216.19,COMPLIANCE
1114,HEALTH-001,Santé & Sécurité au Travail,2021-03-10,COMP,4.00,96.10,245.61,COMPLIANCE
1114,FIRE-001,Sécurité & Évacuation Incendie,2021-02-01,COMP,1.00,76.52,101.03,COMPLIANCE
1114,DEI-001,Égalité Femmes-Hommes,2021-01-30,COMP,3.00,89.79,195.74,COMPLIANCE
1114,FRAUD-001,Prévention Fraude & Corruption,2021-02-16,COMP,2.00,75.41,148.29,COMPLIANCE
1114,ETHICS-001,Code de Déontologie Novaryn Tech,2021-03-05,COMP,1.50,76.19,121.62,COMPLIANCE
1114,AZURE-001,Microsoft Azure Fundamentals,2024-07-17,COMP,28.00,66.23,1552.90,ELEARN
1114,COMM-001,Communication & Public Speaking,2026-05-03,ENR,8.00,0.00,358.08,OJT
1114,SAFE-001,SAFe Agile Practitioner,2025-08-09,COMP,16.00,69.83,1500.16,COURSE
1115,GDPR-001,RGPD & Protection des Données,2020-10-15,COMP,2.00,97.94,192.65,COMPLIANCE
1115,HEALTH-001,Santé & Sécurité au Travail,2020-10-15,COMP,4.00,88.37,261.77,COMPLIANCE
1115,FIRE-001,Sécurité & Évacuation Incendie,2020-08-30,COMP,1.00,90.29,105.74,COMPLIANCE
1115,DEI-001,Égalité Femmes-Hommes,2020-09-02,COMP,3.00,70.64,195.13,COMPLIANCE
1115,FRAUD-001,Prévention Fraude & Corruption,2020-08-31,COMP,2.00,79.95,137.70,COMPLIANCE
1115,ETHICS-001,Code de Déontologie Novaryn Tech,2020-09-19,COMP,1.50,76.09,111.61,COMPLIANCE
1115,AZURE-001,Microsoft Azure Fundamentals,2022-01-17,COMP,28.00,72.62,1794.17,ELEARN
1115,LEAD-001,Leadership & Management,2021-06-23,COMP,20.00,73.54,1353.85,COURSE
1115,SQL-001,Advanced SQL for Analytics,2023-03-27,COMP,16.00,92.09,718.35,ELEARN
1116,GDPR-001,RGPD & Protection des Données,2013-03-17,COMP,2.00,74.90,184.74,COMPLIANCE
1116,HEALTH-001,Santé & Sécurité au Travail,2013-04-16,COMP,4.00,82.29,253.08,COMPLIANCE
1116,FIRE-001,Sécurité & Évacuation Incendie,2013-04-17,COMP,1.00,84.09,109.67,COMPLIANCE
1116,DEI-001,Égalité Femmes-Hommes,2013-04-21,COMP,3.00,95.44,170.98,COMPLIANCE
1116,FRAUD-001,Prévention Fraude & Corruption,2013-03-15,COMP,2.00,89.92,139.40,COMPLIANCE
1116,ETHICS-001,Code de Déontologie Novaryn Tech,2013-04-05,COMP,1.50,72.91,108.95,COMPLIANCE
1116,K8S-001,Kubernetes Fundamentals,2023-07-13,COMP,24.00,99.51,1054.59,ELEARN
1116,REACT-001,React & TypeScript Masterclass,2022-11-21,COMP,36.00,82.88,1181.04,ELEARN
1116,EXCEL-001,Excel Avancé & Reporting,2024-04-26,COMP,8.00,79.67,420.61,ELEARN
1116,PYTHON-001,Python for Data Science,2022-04-10,COMP,24.00,73.59,875.50,ELEARN
1116,SCRUM-001,Scrum Fundamentals,2020-01-08,COMP,12.00,67.09,622.33,ELEARN
1117,GDPR-001,RGPD & Protection des Données,2023-08-16,COMP,2.00,81.81,185.98,COMPLIANCE
1117,HEALTH-001,Santé & Sécurité au Travail,2023-08-23,COMP,4.00,98.81,234.86,COMPLIANCE
1117,FIRE-001,Sécurité & Évacuation Incendie,2023-08-13,COMP,1.00,79.62,104.23,COMPLIANCE
1117,DEI-001,Égalité Femmes-Hommes,2023-08-23,COMP,3.00,72.49,183.70,COMPLIANCE
1117,FRAUD-001,Prévention Fraude & Corruption,2023-08-24,COMP,2.00,84.84,153.66,COMPLIANCE
1117,ETHICS-001,Code de Déontologie Novaryn Tech,2023-08-10,COMP,1.50,82.53,112.06,COMPLIANCE
1117,AWS-001,AWS Cloud Practitioner,2024-12-07,FAIL,30.00,40.45,1702.03,ELEARN
1117,ML-001,Machine Learning Fundamentals,2024-12-31,COMP,40.00,85.98,1696.25,ELEARN
1117,AZURE-001,Microsoft Azure Fundamentals,2025-10-24,COMP,28.00,99.85,1522.01,ELEARN
1117,COMM-001,Communication & Public Speaking,2024-05-12,COMP,8.00,99.80,418.80,OJT
1118,GDPR-001,RGPD & Protection des Données,2014-03-04,COMP,2.00,72.41,202.05,COMPLIANCE
1118,HEALTH-001,Santé & Sécurité au Travail,2014-01-29,COMP,4.00,96.16,271.33,COMPLIANCE
1118,FIRE-001,Sécurité & Évacuation Incendie,2014-01-21,COMP,1.00,92.04,90.38,COMPLIANCE
1118,DEI-001,Égalité Femmes-Hommes,2014-02-14,COMP,3.00,75.99,178.92,COMPLIANCE
1118,FRAUD-001,Prévention Fraude & Corruption,2014-02-14,COMP,2.00,71.08,155.16,COMPLIANCE
1118,ETHICS-001,Code de Déontologie Novaryn Tech,2014-03-06,COMP,1.50,81.25,116.80,COMPLIANCE
1118,REACT-001,React & TypeScript Masterclass,2026-06-17,ENR,36.00,0.00,1089.45,ELEARN
1118,COMM-001,Communication & Public Speaking,2024-07-31,COMP,8.00,63.33,393.98,OJT
1118,SQL-001,Advanced SQL for Analytics,2024-02-13,COMP,16.00,92.22,899.20,ELEARN
1118,PYTHON-001,Python for Data Science,2026-04-22,ENR,24.00,0.00,856.90,ELEARN
1118,SAFE-001,SAFe Agile Practitioner,2022-10-29,COMP,16.00,90.48,1292.04,COURSE
1119,GDPR-001,RGPD & Protection des Données,2021-11-24,COMP,2.00,81.20,186.16,COMPLIANCE
1119,HEALTH-001,Santé & Sécurité au Travail,2022-01-03,COMP,4.00,77.11,229.37,COMPLIANCE
1119,FIRE-001,Sécurité & Évacuation Incendie,2021-11-17,COMP,1.00,70.29,90.27,COMPLIANCE
1119,DEI-001,Égalité Femmes-Hommes,2022-01-03,COMP,3.00,80.23,194.72,COMPLIANCE
1119,FRAUD-001,Prévention Fraude & Corruption,2021-11-17,COMP,2.00,74.69,153.78,COMPLIANCE
1119,ETHICS-001,Code de Déontologie Novaryn Tech,2021-12-12,COMP,1.50,88.93,115.94,COMPLIANCE
1119,PM-001,Product Management Essentials,2024-06-10,COMP,20.00,65.55,1350.48,COURSE
1119,LEAD-001,Leadership & Management,2025-05-04,FAIL,20.00,43.53,1598.21,COURSE
1120,GDPR-001,RGPD & Protection des Données,2013-06-05,COMP,2.00,70.12,211.66,COMPLIANCE
1120,HEALTH-001,Santé & Sécurité au Travail,2013-06-14,COMP,4.00,76.31,260.85,COMPLIANCE
1120,FIRE-001,Sécurité & Évacuation Incendie,2013-06-24,COMP,1.00,79.61,100.59,COMPLIANCE
1120,DEI-001,Égalité Femmes-Hommes,2013-06-30,COMP,3.00,94.53,187.50,COMPLIANCE
1120,FRAUD-001,Prévention Fraude & Corruption,2013-07-01,COMP,2.00,88.16,140.58,COMPLIANCE
1120,ETHICS-001,Code de Déontologie Novaryn Tech,2013-06-18,COMP,1.50,91.95,122.20,COMPLIANCE
1120,K8S-001,Kubernetes Fundamentals,2024-08-15,COMP,24.00,63.18,1256.48,ELEARN
1120,PYTHON-001,Python for Data Science,2023-03-17,COMP,24.00,95.13,1022.63,ELEARN
1121,GDPR-001,RGPD & Protection des Données,2021-12-24,COMP,2.00,91.00,208.11,COMPLIANCE
1121,HEALTH-001,Santé & Sécurité au Travail,2021-12-16,COMP,4.00,75.65,267.43,COMPLIANCE
1121,FIRE-001,Sécurité & Évacuation Incendie,2022-01-29,COMP,1.00,99.76,93.25,COMPLIANCE
1121,DEI-001,Égalité Femmes-Hommes,2022-01-21,COMP,3.00,95.08,172.68,COMPLIANCE
1121,FRAUD-001,Prévention Fraude & Corruption,2022-01-07,COMP,2.00,85.20,143.56,COMPLIANCE
1121,ETHICS-001,Code de Déontologie Novaryn Tech,2022-01-08,COMP,1.50,77.53,116.27,COMPLIANCE
1121,ML-001,Machine Learning Fundamentals,2024-02-10,FAIL,40.00,52.99,1495.10,ELEARN
1121,SCRUM-001,Scrum Fundamentals,2023-07-17,COMP,12.00,62.46,598.91,ELEARN
1121,SAFE-001,SAFe Agile Practitioner,2025-11-14,FAIL,16.00,41.15,1507.37,COURSE
1122,GDPR-001,RGPD & Protection des Données,2017-06-22,COMP,2.00,72.40,210.58,COMPLIANCE
1122,HEALTH-001,Santé & Sécurité au Travail,2017-07-10,COMP,4.00,83.38,273.86,COMPLIANCE
1122,FIRE-001,Sécurité & Évacuation Incendie,2017-07-08,COMP,1.00,72.65,101.76,COMPLIANCE
1122,DEI-001,Égalité Femmes-Hommes,2017-06-18,COMP,3.00,90.94,183.80,COMPLIANCE
1122,FRAUD-001,Prévention Fraude & Corruption,2017-05-30,COMP,2.00,87.08,156.81,COMPLIANCE
1122,ETHICS-001,Code de Déontologie Novaryn Tech,2017-06-15,COMP,1.50,83.52,125.81,COMPLIANCE
1122,SQL-001,Advanced SQL for Analytics,2021-08-09,COMP,16.00,89.80,734.75,ELEARN
1122,K8S-001,Kubernetes Fundamentals,2025-12-07,COMP,24.00,87.63,1070.21,ELEARN
1122,AZURE-001,Microsoft Azure Fundamentals,2026-05-19,ENR,28.00,0.00,1803.25,ELEARN
1122,COMM-001,Communication & Public Speaking,2026-05-29,ENR,8.00,0.00,395.63,OJT
1122,EXCEL-001,Excel Avancé & Reporting,2023-04-04,FAIL,8.00,48.59,357.05,ELEARN
1123,GDPR-001,RGPD & Protection des Données,2023-07-18,COMP,2.00,81.57,217.99,COMPLIANCE
1123,HEALTH-001,Santé & Sécurité au Travail,2023-06-08,COMP,4.00,93.65,244.07,COMPLIANCE
1123,FIRE-001,Sécurité & Évacuation Incendie,2023-07-10,COMP,1.00,74.48,97.31,COMPLIANCE
1123,DEI-001,Égalité Femmes-Hommes,2023-06-27,COMP,3.00,93.74,185.82,COMPLIANCE
1123,FRAUD-001,Prévention Fraude & Corruption,2023-06-11,COMP,2.00,74.53,163.38,COMPLIANCE
1123,ETHICS-001,Code de Déontologie Novaryn Tech,2023-06-13,COMP,1.50,72.85,117.39,COMPLIANCE
1123,AZURE-001,Microsoft Azure Fundamentals,2024-08-18,COMP,28.00,75.69,1505.69,ELEARN
1123,SQL-001,Advanced SQL for Analytics,2025-05-21,FAIL,16.00,50.44,734.66,ELEARN
1123,AWS-001,AWS Cloud Practitioner,2023-10-28,COMP,30.00,88.95,1763.74,ELEARN
1124,GDPR-001,RGPD & Protection des Données,2016-07-25,COMP,2.00,84.62,206.63,COMPLIANCE
1124,HEALTH-001,Santé & Sécurité au Travail,2016-08-06,COMP,4.00,98.84,228.35,COMPLIANCE
1124,FIRE-001,Sécurité & Évacuation Incendie,2016-08-04,COMP,1.00,91.18,102.16,COMPLIANCE
1124,DEI-001,Égalité Femmes-Hommes,2016-07-24,COMP,3.00,77.05,195.96,COMPLIANCE
1124,FRAUD-001,Prévention Fraude & Corruption,2016-09-04,COMP,2.00,76.49,149.72,COMPLIANCE
1124,ETHICS-001,Code de Déontologie Novaryn Tech,2016-08-03,COMP,1.50,88.95,116.13,COMPLIANCE
1124,SAFE-001,SAFe Agile Practitioner,2022-09-15,COMP,16.00,65.18,1308.40,COURSE
1124,PM-001,Product Management Essentials,2026-07-05,ENR,20.00,0.00,1331.08,COURSE
1124,REACT-001,React & TypeScript Masterclass,2023-03-30,COMP,36.00,98.82,1042.72,ELEARN
1124,COMM-001,Communication & Public Speaking,2023-04-14,COMP,8.00,76.68,365.13,OJT
1125,GDPR-001,RGPD & Protection des Données,2023-07-02,COMP,2.00,90.65,216.41,COMPLIANCE
1125,HEALTH-001,Santé & Sécurité au Travail,2023-07-02,COMP,4.00,89.02,270.09,COMPLIANCE
1125,FIRE-001,Sécurité & Évacuation Incendie,2023-07-12,COMP,1.00,93.60,101.10,COMPLIANCE
1125,DEI-001,Égalité Femmes-Hommes,2023-07-18,COMP,3.00,93.81,187.14,COMPLIANCE
1125,FRAUD-001,Prévention Fraude & Corruption,2023-06-20,COMP,2.00,98.96,158.45,COMPLIANCE
1125,ETHICS-001,Code de Déontologie Novaryn Tech,2023-07-18,COMP,1.50,99.13,113.49,COMPLIANCE
1125,AWS-001,AWS Cloud Practitioner,2024-04-26,COMP,30.00,60.78,1805.92,ELEARN
1125,K8S-001,Kubernetes Fundamentals,2025-10-11,COMP,24.00,90.01,1140.79,ELEARN
1125,PM-001,Product Management Essentials,2023-10-30,COMP,20.00,79.64,1236.94,COURSE
1126,GDPR-001,RGPD & Protection des Données,2019-12-04,COMP,2.00,77.98,197.98,COMPLIANCE
1126,HEALTH-001,Santé & Sécurité au Travail,2019-12-07,COMP,4.00,75.80,263.50,COMPLIANCE
1126,FIRE-001,Sécurité & Évacuation Incendie,2019-12-03,COMP,1.00,74.29,106.96,COMPLIANCE
1126,DEI-001,Égalité Femmes-Hommes,2019-10-22,COMP,3.00,84.21,170.04,COMPLIANCE
1126,FRAUD-001,Prévention Fraude & Corruption,2019-10-19,COMP,2.00,79.82,159.75,COMPLIANCE
1126,ETHICS-001,Code de Déontologie Novaryn Tech,2019-11-18,COMP,1.50,86.86,126.81,COMPLIANCE
1126,K8S-001,Kubernetes Fundamentals,2021-02-05,COMP,24.00,92.43,997.10,ELEARN
1126,SQL-001,Advanced SQL for Analytics,2024-04-18,FAIL,16.00,51.50,750.95,ELEARN
1126,PM-001,Product Management Essentials,2025-01-16,COMP,20.00,95.39,1208.46,COURSE
1126,ML-001,Machine Learning Fundamentals,2022-11-06,COMP,40.00,69.93,1540.48,ELEARN
1127,GDPR-001,RGPD & Protection des Données,2013-05-16,COMP,2.00,94.56,180.44,COMPLIANCE
1127,HEALTH-001,Santé & Sécurité au Travail,2013-04-18,COMP,4.00,76.13,239.81,COMPLIANCE
1127,FIRE-001,Sécurité & Évacuation Incendie,2013-04-03,COMP,1.00,89.55,105.25,COMPLIANCE
1127,DEI-001,Égalité Femmes-Hommes,2013-04-07,COMP,3.00,81.06,189.93,COMPLIANCE
1127,FRAUD-001,Prévention Fraude & Corruption,2013-04-11,COMP,2.00,83.40,146.46,COMPLIANCE
1127,ETHICS-001,Code de Déontologie Novaryn Tech,2013-04-12,COMP,1.50,87.82,126.20,COMPLIANCE
1127,AZURE-001,Microsoft Azure Fundamentals,2020-11-07,COMP,28.00,88.25,1577.60,ELEARN
1127,K8S-001,Kubernetes Fundamentals,2023-09-29,COMP,24.00,65.14,1250.51,ELEARN
1128,GDPR-001,RGPD & Protection des Données,2022-08-09,COMP,2.00,71.57,193.06,COMPLIANCE
1128,HEALTH-001,Santé & Sécurité au Travail,2022-09-01,COMP,4.00,81.06,240.76,COMPLIANCE
1128,FIRE-001,Sécurité & Évacuation Incendie,2022-09-17,COMP,1.00,81.25,90.51,COMPLIANCE
1128,DEI-001,Égalité Femmes-Hommes,2022-08-29,COMP,3.00,89.39,176.24,COMPLIANCE
1128,FRAUD-001,Prévention Fraude & Corruption,2022-08-22,COMP,2.00,88.39,157.82,COMPLIANCE
1128,ETHICS-001,Code de Déontologie Novaryn Tech,2022-09-12,COMP,1.50,78.49,121.57,COMPLIANCE
1128,ML-001,Machine Learning Fundamentals,2026-04-24,ENR,40.00,0.00,1598.40,ELEARN
1128,SCRUM-001,Scrum Fundamentals,2025-01-18,FAIL,12.00,42.66,528.41,ELEARN
1129,GDPR-001,RGPD & Protection des Données,2013-04-17,COMP,2.00,98.20,189.40,COMPLIANCE
1129,HEALTH-001,Santé & Sécurité au Travail,2013-05-25,COMP,4.00,80.81,242.85,COMPLIANCE
1129,FIRE-001,Sécurité & Évacuation Incendie,2013-04-12,COMP,1.00,82.38,105.02,COMPLIANCE
1129,DEI-001,Égalité Femmes-Hommes,2013-05-08,COMP,3.00,82.02,164.24,COMPLIANCE
1129,FRAUD-001,Prévention Fraude & Corruption,2013-05-03,COMP,2.00,89.25,146.88,COMPLIANCE
1129,ETHICS-001,Code de Déontologie Novaryn Tech,2013-04-16,COMP,1.50,86.44,110.15,COMPLIANCE
1129,K8S-001,Kubernetes Fundamentals,2026-05-11,ENR,24.00,0.00,1010.04,ELEARN
1129,PYTHON-001,Python for Data Science,2020-02-17,COMP,24.00,87.34,857.27,ELEARN
1129,LEAD-001,Leadership & Management,2021-03-23,COMP,20.00,87.89,1490.41,COURSE
1130,GDPR-001,RGPD & Protection des Données,2020-08-18,COMP,2.00,76.57,189.31,COMPLIANCE
1130,HEALTH-001,Santé & Sécurité au Travail,2020-08-25,COMP,4.00,98.63,231.88,COMPLIANCE
1130,FIRE-001,Sécurité & Évacuation Incendie,2020-09-05,COMP,1.00,79.69,105.12,COMPLIANCE
1130,DEI-001,Égalité Femmes-Hommes,2020-09-27,COMP,3.00,81.87,180.37,COMPLIANCE
1130,FRAUD-001,Prévention Fraude & Corruption,2020-09-03,COMP,2.00,84.77,155.09,COMPLIANCE
1130,ETHICS-001,Code de Déontologie Novaryn Tech,2020-09-29,COMP,1.50,82.45,109.63,COMPLIANCE
1130,PM-001,Product Management Essentials,2024-05-03,COMP,20.00,79.66,1145.78,COURSE
1130,SCRUM-001,Scrum Fundamentals,2022-03-01,COMP,12.00,95.27,601.65,ELEARN
1130,AWS-001,AWS Cloud Practitioner,2026-05-28,ENR,30.00,0.00,1644.90,ELEARN
1131,GDPR-001,RGPD & Protection des Données,2018-01-18,COMP,2.00,70.22,205.11,COMPLIANCE
1131,HEALTH-001,Santé & Sécurité au Travail,2018-01-23,COMP,4.00,78.44,252.81,COMPLIANCE
1131,FIRE-001,Sécurité & Évacuation Incendie,2018-01-16,COMP,1.00,81.65,106.70,COMPLIANCE
1131,DEI-001,Égalité Femmes-Hommes,2018-02-01,COMP,3.00,88.23,174.04,COMPLIANCE
1131,FRAUD-001,Prévention Fraude & Corruption,2018-01-04,COMP,2.00,96.94,146.78,COMPLIANCE
1131,ETHICS-001,Code de Déontologie Novaryn Tech,2018-01-25,COMP,1.50,78.56,108.69,COMPLIANCE
1131,AWS-001,AWS Cloud Practitioner,2026-05-04,ENR,30.00,0.00,1638.08,ELEARN
1131,PYTHON-001,Python for Data Science,2022-04-03,COMP,24.00,89.89,1099.88,ELEARN
1131,LEAD-001,Leadership & Management,2022-11-17,COMP,20.00,95.47,1643.04,COURSE
1131,SCRUM-001,Scrum Fundamentals,2025-04-20,COMP,12.00,62.17,622.70,ELEARN
1131,REACT-001,React & TypeScript Masterclass,2025-11-22,COMP,36.00,95.38,1110.84,ELEARN
1132,GDPR-001,RGPD & Protection des Données,2018-05-24,COMP,2.00,70.71,180.49,COMPLIANCE
1132,HEALTH-001,Santé & Sécurité au Travail,2018-06-14,COMP,4.00,75.43,241.70,COMPLIANCE
1132,FIRE-001,Sécurité & Évacuation Incendie,2018-05-23,COMP,1.00,98.40,97.77,COMPLIANCE
1132,DEI-001,Égalité Femmes-Hommes,2018-05-12,COMP,3.00,83.74,176.07,COMPLIANCE
1132,FRAUD-001,Prévention Fraude & Corruption,2018-06-09,COMP,2.00,74.96,149.75,COMPLIANCE
1132,ETHICS-001,Code de Déontologie Novaryn Tech,2018-05-27,COMP,1.50,87.90,127.08,COMPLIANCE
1132,LEAD-001,Leadership & Management,2023-05-19,FAIL,20.00,56.20,1553.67,COURSE
1132,PM-001,Product Management Essentials,2026-05-13,ENR,20.00,0.00,1354.86,COURSE
1132,EXCEL-001,Excel Avancé & Reporting,2020-09-06,COMP,8.00,75.26,408.17,ELEARN
1133,GDPR-001,RGPD & Protection des Données,2019-07-02,COMP,2.00,72.92,194.72,COMPLIANCE
1133,HEALTH-001,Santé & Sécurité au Travail,2019-08-02,COMP,4.00,75.72,246.16,COMPLIANCE
1133,FIRE-001,Sécurité & Évacuation Incendie,2019-07-15,COMP,1.00,72.28,98.35,COMPLIANCE
1133,DEI-001,Égalité Femmes-Hommes,2019-06-23,COMP,3.00,78.92,163.26,COMPLIANCE
1133,FRAUD-001,Prévention Fraude & Corruption,2019-06-29,COMP,2.00,79.06,142.88,COMPLIANCE
1133,ETHICS-001,Code de Déontologie Novaryn Tech,2019-08-12,COMP,1.50,97.44,110.89,COMPLIANCE
1133,K8S-001,Kubernetes Fundamentals,2022-10-17,COMP,24.00,63.44,1012.48,ELEARN
1133,PYTHON-001,Python for Data Science,2026-06-21,ENR,24.00,0.00,1058.48,ELEARN
1134,GDPR-001,RGPD & Protection des Données,2025-10-18,COMP,2.00,78.10,208.12,COMPLIANCE
1134,HEALTH-001,Santé & Sécurité au Travail,2025-10-31,COMP,4.00,71.90,259.59,COMPLIANCE
1134,FIRE-001,Sécurité & Évacuation Incendie,2025-10-14,COMP,1.00,71.95,103.56,COMPLIANCE
1134,DEI-001,Égalité Femmes-Hommes,2025-10-02,COMP,3.00,71.11,177.57,COMPLIANCE
1134,FRAUD-001,Prévention Fraude & Corruption,2025-10-30,COMP,2.00,82.37,164.19,COMPLIANCE
1134,ETHICS-001,Code de Déontologie Novaryn Tech,2025-11-06,COMP,1.50,96.92,123.76,COMPLIANCE
1134,COMM-001,Communication & Public Speaking,2026-04-11,ENR,8.00,0.00,420.55,OJT
1134,AZURE-001,Microsoft Azure Fundamentals,2025-12-27,FAIL,28.00,43.57,1691.04,ELEARN
1134,K8S-001,Kubernetes Fundamentals,2026-06-30,ENR,24.00,0.00,949.56,ELEARN
1134,AWS-001,AWS Cloud Practitioner,2025-12-30,COMP,30.00,94.28,1831.83,ELEARN
1135,GDPR-001,RGPD & Protection des Données,2012-04-09,COMP,2.00,84.66,189.26,COMPLIANCE
1135,HEALTH-001,Santé & Sécurité au Travail,2012-04-12,COMP,4.00,71.42,243.20,COMPLIANCE
1135,FIRE-001,Sécurité & Évacuation Incendie,2012-04-03,COMP,1.00,81.02,106.41,COMPLIANCE
1135,DEI-001,Égalité Femmes-Hommes,2012-03-30,COMP,3.00,74.92,185.71,COMPLIANCE
1135,FRAUD-001,Prévention Fraude & Corruption,2012-03-19,COMP,2.00,91.79,151.22,COMPLIANCE
1135,ETHICS-001,Code de Déontologie Novaryn Tech,2012-03-16,COMP,1.50,92.06,116.32,COMPLIANCE
1135,PM-001,Product Management Essentials,2024-02-25,COMP,20.00,73.90,1125.28,COURSE
1135,REACT-001,React & TypeScript Masterclass,2026-06-10,ENR,36.00,0.00,1263.26,ELEARN
1135,SQL-001,Advanced SQL for Analytics,2020-04-21,COMP,16.00,98.46,700.75,ELEARN
1136,GDPR-001,RGPD & Protection des Données,2017-02-26,COMP,2.00,96.54,193.31,COMPLIANCE
1136,HEALTH-001,Santé & Sécurité au Travail,2017-03-04,COMP,4.00,89.36,247.54,COMPLIANCE
1136,FIRE-001,Sécurité & Évacuation Incendie,2017-03-16,COMP,1.00,95.85,93.29,COMPLIANCE
1136,DEI-001,Égalité Femmes-Hommes,2017-02-12,COMP,3.00,80.30,195.06,COMPLIANCE
1136,FRAUD-001,Prévention Fraude & Corruption,2017-03-22,COMP,2.00,74.35,145.25,COMPLIANCE
1136,ETHICS-001,Code de Déontologie Novaryn Tech,2017-03-22,COMP,1.50,94.96,111.83,COMPLIANCE
1136,EXCEL-001,Excel Avancé & Reporting,2025-04-02,COMP,8.00,76.76,353.43,ELEARN
1136,AWS-001,AWS Cloud Practitioner,2020-07-31,COMP,30.00,61.68,1586.06,ELEARN
1136,REACT-001,React & TypeScript Masterclass,2021-12-30,COMP,36.00,97.38,1259.27,ELEARN
1137,GDPR-001,RGPD & Protection des Données,2014-05-01,COMP,2.00,92.19,207.36,COMPLIANCE
1137,HEALTH-001,Santé & Sécurité au Travail,2014-06-10,COMP,4.00,80.05,230.85,COMPLIANCE
1137,FIRE-001,Sécurité & Évacuation Incendie,2014-06-06,COMP,1.00,95.09,97.47,COMPLIANCE
1137,DEI-001,Égalité Femmes-Hommes,2014-05-16,COMP,3.00,85.69,191.50,COMPLIANCE
1137,FRAUD-001,Prévention Fraude & Corruption,2014-05-05,COMP,2.00,87.31,157.49,COMPLIANCE
1137,ETHICS-001,Code de Déontologie Novaryn Tech,2014-06-04,COMP,1.50,92.55,110.55,COMPLIANCE
1137,PYTHON-001,Python for Data Science,2026-06-10,ENR,24.00,0.00,893.31,ELEARN
1137,COMM-001,Communication & Public Speaking,2025-10-27,COMP,8.00,98.00,369.02,OJT
1137,AWS-001,AWS Cloud Practitioner,2022-06-11,COMP,30.00,93.01,1822.66,ELEARN
1137,SCRUM-001,Scrum Fundamentals,2021-12-07,COMP,12.00,92.58,514.23,ELEARN
1137,ML-001,Machine Learning Fundamentals,2020-10-07,COMP,40.00,64.84,1449.14,ELEARN
1138,GDPR-001,RGPD & Protection des Données,2013-12-22,COMP,2.00,90.41,182.68,COMPLIANCE
1138,HEALTH-001,Santé & Sécurité au Travail,2013-12-01,COMP,4.00,98.53,246.10,COMPLIANCE
1138,FIRE-001,Sécurité & Évacuation Incendie,2013-11-25,COMP,1.00,89.85,90.21,COMPLIANCE
1138,DEI-001,Égalité Femmes-Hommes,2013-12-11,COMP,3.00,79.01,175.96,COMPLIANCE
1138,FRAUD-001,Prévention Fraude & Corruption,2013-11-16,COMP,2.00,79.11,153.58,COMPLIANCE
1138,ETHICS-001,Code de Déontologie Novaryn Tech,2013-12-03,COMP,1.50,89.06,122.24,COMPLIANCE
1138,SCRUM-001,Scrum Fundamentals,2023-09-10,COMP,12.00,78.94,653.61,ELEARN
1138,K8S-001,Kubernetes Fundamentals,2026-04-20,ENR,24.00,0.00,1074.49,ELEARN
1138,SQL-001,Advanced SQL for Analytics,2025-05-22,COMP,16.00,95.23,907.79,ELEARN
1138,SAFE-001,SAFe Agile Practitioner,2025-12-26,COMP,16.00,99.79,1349.59,COURSE
1138,EXCEL-001,Excel Avancé & Reporting,2020-11-08,FAIL,8.00,54.42,350.42,ELEARN
1139,GDPR-001,RGPD & Protection des Données,2016-09-11,COMP,2.00,86.31,183.32,COMPLIANCE
1139,HEALTH-001,Santé & Sécurité au Travail,2016-10-11,COMP,4.00,94.92,256.56,COMPLIANCE
1139,FIRE-001,Sécurité & Évacuation Incendie,2016-09-01,COMP,1.00,83.64,104.98,COMPLIANCE
1139,DEI-001,Égalité Femmes-Hommes,2016-09-10,COMP,3.00,88.11,178.89,COMPLIANCE
1139,FRAUD-001,Prévention Fraude & Corruption,2016-09-15,COMP,2.00,79.29,158.31,COMPLIANCE
1139,ETHICS-001,Code de Déontologie Novaryn Tech,2016-09-23,COMP,1.50,76.50,117.85,COMPLIANCE
1139,SAFE-001,SAFe Agile Practitioner,2023-10-10,COMP,16.00,87.01,1201.86,COURSE
1139,PYTHON-001,Python for Data Science,2021-05-31,COMP,24.00,62.76,904.37,ELEARN
1140,GDPR-001,RGPD & Protection des Données,2015-08-25,COMP,2.00,90.91,195.53,COMPLIANCE
1140,HEALTH-001,Santé & Sécurité au Travail,2015-09-11,COMP,4.00,89.61,227.44,COMPLIANCE
1140,FIRE-001,Sécurité & Évacuation Incendie,2015-09-14,COMP,1.00,73.53,100.33,COMPLIANCE
1140,DEI-001,Égalité Femmes-Hommes,2015-08-19,COMP,3.00,97.07,172.56,COMPLIANCE
1140,FRAUD-001,Prévention Fraude & Corruption,2015-08-18,COMP,2.00,71.19,153.03,COMPLIANCE
1140,ETHICS-001,Code de Déontologie Novaryn Tech,2015-09-04,COMP,1.50,73.29,111.72,COMPLIANCE
1140,AWS-001,AWS Cloud Practitioner,2025-11-26,COMP,30.00,60.23,1948.90,ELEARN
1140,K8S-001,Kubernetes Fundamentals,2026-04-30,ENR,24.00,0.00,1189.91,ELEARN
1141,GDPR-001,RGPD & Protection des Données,2023-09-20,COMP,2.00,79.07,188.94,COMPLIANCE
1141,HEALTH-001,Santé & Sécurité au Travail,2023-10-31,COMP,4.00,87.51,249.67,COMPLIANCE
1141,FIRE-001,Sécurité & Évacuation Incendie,2023-11-02,COMP,1.00,83.34,104.02,COMPLIANCE
1141,DEI-001,Égalité Femmes-Hommes,2023-09-25,COMP,3.00,73.05,167.01,COMPLIANCE
1141,FRAUD-001,Prévention Fraude & Corruption,2023-11-04,COMP,2.00,99.36,153.16,COMPLIANCE
1141,ETHICS-001,Code de Déontologie Novaryn Tech,2023-09-19,COMP,1.50,83.14,116.80,COMPLIANCE
1141,SCRUM-001,Scrum Fundamentals,2025-11-10,COMP,12.00,78.95,560.20,ELEARN
1141,COMM-001,Communication & Public Speaking,2024-01-01,COMP,8.00,76.89,347.82,OJT
1141,ML-001,Machine Learning Fundamentals,2024-01-14,COMP,40.00,97.95,1531.67,ELEARN
1141,SQL-001,Advanced SQL for Analytics,2024-08-17,COMP,16.00,96.77,897.59,ELEARN
1141,SAFE-001,SAFe Agile Practitioner,2026-04-23,ENR,16.00,0.00,1200.13,COURSE
1142,GDPR-001,RGPD & Protection des Données,2020-05-05,COMP,2.00,87.11,206.59,COMPLIANCE
1142,HEALTH-001,Santé & Sécurité au Travail,2020-05-28,COMP,4.00,89.80,252.30,COMPLIANCE
1142,FIRE-001,Sécurité & Évacuation Incendie,2020-06-04,COMP,1.00,77.89,91.34,COMPLIANCE
1142,DEI-001,Égalité Femmes-Hommes,2020-06-19,COMP,3.00,89.69,182.96,COMPLIANCE
1142,FRAUD-001,Prévention Fraude & Corruption,2020-05-07,COMP,2.00,86.79,141.97,COMPLIANCE
1142,ETHICS-001,Code de Déontologie Novaryn Tech,2020-05-09,COMP,1.50,79.01,125.92,COMPLIANCE
1142,SCRUM-001,Scrum Fundamentals,2021-01-12,COMP,12.00,86.64,615.40,ELEARN
1142,SQL-001,Advanced SQL for Analytics,2023-01-19,COMP,16.00,95.22,712.89,ELEARN
1142,EXCEL-001,Excel Avancé & Reporting,2023-08-09,FAIL,8.00,56.35,436.15,ELEARN
1142,ML-001,Machine Learning Fundamentals,2023-09-29,COMP,40.00,78.99,1589.79,ELEARN
1142,SAFE-001,SAFe Agile Practitioner,2024-03-21,COMP,16.00,75.51,1456.03,COURSE
1143,GDPR-001,RGPD & Protection des Données,2013-09-06,COMP,2.00,95.76,182.84,COMPLIANCE
1143,HEALTH-001,Santé & Sécurité au Travail,2013-09-14,COMP,4.00,73.81,250.49,COMPLIANCE
1143,FIRE-001,Sécurité & Évacuation Incendie,2013-09-20,COMP,1.00,72.04,100.27,COMPLIANCE
1143,DEI-001,Égalité Femmes-Hommes,2013-08-07,COMP,3.00,86.98,170.89,COMPLIANCE
1143,FRAUD-001,Prévention Fraude & Corruption,2013-09-20,COMP,2.00,82.41,153.77,COMPLIANCE
1143,ETHICS-001,Code de Déontologie Novaryn Tech,2013-08-17,COMP,1.50,94.84,117.75,COMPLIANCE
1143,SCRUM-001,Scrum Fundamentals,2021-03-28,COMP,12.00,97.23,580.34,ELEARN
1143,SQL-001,Advanced SQL for Analytics,2022-01-28,COMP,16.00,94.68,859.67,ELEARN
1143,REACT-001,React & TypeScript Masterclass,2024-07-08,COMP,36.00,84.60,1304.57,ELEARN
1143,EXCEL-001,Excel Avancé & Reporting,2023-07-04,FAIL,8.00,52.27,430.65,ELEARN
1143,AWS-001,AWS Cloud Practitioner,2024-10-24,COMP,30.00,83.96,1685.32,ELEARN
1144,GDPR-001,RGPD & Protection des Données,2016-11-10,COMP,2.00,72.25,203.99,COMPLIANCE
1144,HEALTH-001,Santé & Sécurité au Travail,2016-10-18,COMP,4.00,71.99,229.24,COMPLIANCE
1144,FIRE-001,Sécurité & Évacuation Incendie,2016-11-10,COMP,1.00,74.37,102.83,COMPLIANCE
1144,DEI-001,Égalité Femmes-Hommes,2016-10-15,COMP,3.00,78.32,172.11,COMPLIANCE
1144,FRAUD-001,Prévention Fraude & Corruption,2016-11-02,COMP,2.00,94.20,162.51,COMPLIANCE
1144,ETHICS-001,Code de Déontologie Novaryn Tech,2016-10-11,COMP,1.50,95.09,122.53,COMPLIANCE
1144,K8S-001,Kubernetes Fundamentals,2026-07-05,ENR,24.00,0.00,1129.56,ELEARN
1144,ML-001,Machine Learning Fundamentals,2021-07-13,COMP,40.00,87.29,1647.68,ELEARN
1144,EXCEL-001,Excel Avancé & Reporting,2026-04-25,ENR,8.00,0.00,396.32,ELEARN
1144,REACT-001,React & TypeScript Masterclass,2021-06-27,COMP,36.00,79.59,1143.27,ELEARN
1145,GDPR-001,RGPD & Protection des Données,2017-10-13,COMP,2.00,88.49,182.52,COMPLIANCE
1145,HEALTH-001,Santé & Sécurité au Travail,2017-10-20,COMP,4.00,78.05,238.56,COMPLIANCE
1145,FIRE-001,Sécurité & Évacuation Incendie,2017-09-28,COMP,1.00,87.83,94.56,COMPLIANCE
1145,DEI-001,Égalité Femmes-Hommes,2017-09-30,COMP,3.00,97.22,182.38,COMPLIANCE
1145,FRAUD-001,Prévention Fraude & Corruption,2017-10-02,COMP,2.00,99.17,140.76,COMPLIANCE
1145,ETHICS-001,Code de Déontologie Novaryn Tech,2017-10-01,COMP,1.50,85.53,117.88,COMPLIANCE
1145,PM-001,Product Management Essentials,2026-04-25,ENR,20.00,0.00,1308.81,COURSE
1145,REACT-001,React & TypeScript Masterclass,2025-03-08,COMP,36.00,67.60,1266.95,ELEARN
1145,SAFE-001,SAFe Agile Practitioner,2026-06-17,ENR,16.00,0.00,1324.88,COURSE
1145,AWS-001,AWS Cloud Practitioner,2026-06-21,ENR,30.00,0.00,1810.86,ELEARN
1146,GDPR-001,RGPD & Protection des Données,2016-06-29,COMP,2.00,91.74,215.05,COMPLIANCE
1146,HEALTH-001,Santé & Sécurité au Travail,2016-08-01,COMP,4.00,77.41,254.91,COMPLIANCE
1146,FIRE-001,Sécurité & Évacuation Incendie,2016-08-01,COMP,1.00,94.91,93.66,COMPLIANCE
1146,DEI-001,Égalité Femmes-Hommes,2016-08-02,COMP,3.00,94.29,175.50,COMPLIANCE
1146,FRAUD-001,Prévention Fraude & Corruption,2016-07-17,COMP,2.00,84.53,143.12,COMPLIANCE
1146,ETHICS-001,Code de Déontologie Novaryn Tech,2016-07-28,COMP,1.50,83.77,116.19,COMPLIANCE
1146,PM-001,Product Management Essentials,2025-10-23,FAIL,20.00,55.45,1374.19,COURSE
1146,LEAD-001,Leadership & Management,2022-01-18,COMP,20.00,67.56,1695.35,COURSE
1146,AZURE-001,Microsoft Azure Fundamentals,2024-03-26,FAIL,28.00,48.64,1835.61,ELEARN
1146,COMM-001,Communication & Public Speaking,2024-12-16,COMP,8.00,71.08,408.09,OJT
1147,GDPR-001,RGPD & Protection des Données,2019-07-27,COMP,2.00,77.97,219.26,COMPLIANCE
1147,HEALTH-001,Santé & Sécurité au Travail,2019-08-24,COMP,4.00,99.45,254.76,COMPLIANCE
1147,FIRE-001,Sécurité & Évacuation Incendie,2019-08-14,COMP,1.00,83.12,96.26,COMPLIANCE
1147,DEI-001,Égalité Femmes-Hommes,2019-07-23,COMP,3.00,75.43,175.01,COMPLIANCE
1147,FRAUD-001,Prévention Fraude & Corruption,2019-09-04,COMP,2.00,99.83,136.23,COMPLIANCE
1147,ETHICS-001,Code de Déontologie Novaryn Tech,2019-07-19,COMP,1.50,78.32,121.16,COMPLIANCE
1147,PYTHON-001,Python for Data Science,2021-03-20,COMP,24.00,95.65,1019.97,ELEARN
1147,LEAD-001,Leadership & Management,2021-12-22,COMP,20.00,73.50,1555.96,COURSE
1147,SAFE-001,SAFe Agile Practitioner,2023-12-03,COMP,16.00,77.19,1286.81,COURSE
1147,REACT-001,React & TypeScript Masterclass,2025-06-04,COMP,36.00,82.82,1116.02,ELEARN
1148,GDPR-001,RGPD & Protection des Données,2012-04-12,COMP,2.00,80.61,189.45,COMPLIANCE
1148,HEALTH-001,Santé & Sécurité au Travail,2012-03-09,COMP,4.00,86.61,240.84,COMPLIANCE
1148,FIRE-001,Sécurité & Évacuation Incendie,2012-03-22,COMP,1.00,75.16,109.33,COMPLIANCE
1148,DEI-001,Égalité Femmes-Hommes,2012-04-01,COMP,3.00,76.09,184.19,COMPLIANCE
1148,FRAUD-001,Prévention Fraude & Corruption,2012-03-18,COMP,2.00,72.74,157.21,COMPLIANCE
1148,ETHICS-001,Code de Déontologie Novaryn Tech,2012-03-25,COMP,1.50,94.29,110.99,COMPLIANCE
1148,REACT-001,React & TypeScript Masterclass,2022-02-28,COMP,36.00,66.63,1082.48,ELEARN
1148,AWS-001,AWS Cloud Practitioner,2023-11-28,COMP,30.00,64.30,1658.94,ELEARN
1148,COMM-001,Communication & Public Speaking,2022-03-04,COMP,8.00,83.19,411.97,OJT
1149,GDPR-001,RGPD & Protection des Données,2023-11-03,COMP,2.00,83.38,189.29,COMPLIANCE
1149,HEALTH-001,Santé & Sécurité au Travail,2023-10-15,COMP,4.00,82.26,247.21,COMPLIANCE
1149,FIRE-001,Sécurité & Évacuation Incendie,2023-10-19,COMP,1.00,92.17,97.69,COMPLIANCE
1149,DEI-001,Égalité Femmes-Hommes,2023-11-18,COMP,3.00,92.52,162.83,COMPLIANCE
1149,FRAUD-001,Prévention Fraude & Corruption,2023-11-27,COMP,2.00,78.15,161.45,COMPLIANCE
1149,ETHICS-001,Code de Déontologie Novaryn Tech,2023-11-10,COMP,1.50,83.10,129.00,COMPLIANCE
1149,SQL-001,Advanced SQL for Analytics,2025-06-01,COMP,16.00,93.53,825.57,ELEARN
1149,SCRUM-001,Scrum Fundamentals,2024-01-08,COMP,12.00,88.14,618.17,ELEARN
1149,K8S-001,Kubernetes Fundamentals,2025-11-29,COMP,24.00,75.11,1195.06,ELEARN
1149,ML-001,Machine Learning Fundamentals,2025-09-16,COMP,40.00,72.57,1554.45,ELEARN
1150,GDPR-001,RGPD & Protection des Données,2012-09-02,COMP,2.00,91.45,215.94,COMPLIANCE
1150,HEALTH-001,Santé & Sécurité au Travail,2012-09-11,COMP,4.00,88.01,248.49,COMPLIANCE
1150,FIRE-001,Sécurité & Évacuation Incendie,2012-08-19,COMP,1.00,90.59,101.27,COMPLIANCE
1150,DEI-001,Égalité Femmes-Hommes,2012-09-28,COMP,3.00,90.93,178.28,COMPLIANCE
1150,FRAUD-001,Prévention Fraude & Corruption,2012-10-08,COMP,2.00,70.66,152.15,COMPLIANCE
1150,ETHICS-001,Code de Déontologie Novaryn Tech,2012-09-10,COMP,1.50,81.43,119.78,COMPLIANCE
1150,REACT-001,React & TypeScript Masterclass,2023-12-16,COMP,36.00,74.66,1378.96,ELEARN
1150,LEAD-001,Leadership & Management,2022-06-12,COMP,20.00,66.74,1659.14,COURSE
1150,EXCEL-001,Excel Avancé & Reporting,2025-10-06,COMP,8.00,83.96,437.22,ELEARN
1150,AZURE-001,Microsoft Azure Fundamentals,2026-05-26,ENR,28.00,0.00,1534.99,ELEARN
1150,SQL-001,Advanced SQL for Analytics,2026-04-19,ENR,16.00,0.00,849.71,ELEARN
1151,GDPR-001,RGPD & Protection des Données,2021-06-12,COMP,2.00,72.77,207.81,COMPLIANCE
1151,HEALTH-001,Santé & Sécurité au Travail,2021-06-05,COMP,4.00,77.51,251.26,COMPLIANCE
1151,FIRE-001,Sécurité & Évacuation Incendie,2021-06-18,COMP,1.00,83.59,95.86,COMPLIANCE
1151,DEI-001,Égalité Femmes-Hommes,2021-06-29,COMP,3.00,78.36,194.97,COMPLIANCE
1151,FRAUD-001,Prévention Fraude & Corruption,2021-06-16,COMP,2.00,82.28,140.00,COMPLIANCE
1151,ETHICS-001,Code de Déontologie Novaryn Tech,2021-06-06,COMP,1.50,76.95,110.21,COMPLIANCE
1151,PM-001,Product Management Essentials,2026-04-30,ENR,20.00,0.00,1123.77,COURSE
1151,SAFE-001,SAFe Agile Practitioner,2025-05-27,COMP,16.00,76.93,1260.53,COURSE
1152,GDPR-001,RGPD & Protection des Données,2014-03-10,COMP,2.00,94.23,187.82,COMPLIANCE
1152,HEALTH-001,Santé & Sécurité au Travail,2014-04-23,COMP,4.00,72.31,263.64,COMPLIANCE
1152,FIRE-001,Sécurité & Évacuation Incendie,2014-03-26,COMP,1.00,94.52,93.57,COMPLIANCE
1152,DEI-001,Égalité Femmes-Hommes,2014-03-16,COMP,3.00,93.37,181.92,COMPLIANCE
1152,FRAUD-001,Prévention Fraude & Corruption,2014-04-01,COMP,2.00,91.70,139.58,COMPLIANCE
1152,ETHICS-001,Code de Déontologie Novaryn Tech,2014-03-20,COMP,1.50,77.37,108.21,COMPLIANCE
1152,EXCEL-001,Excel Avancé & Reporting,2026-06-11,ENR,8.00,0.00,400.54,ELEARN
1152,AZURE-001,Microsoft Azure Fundamentals,2024-12-30,COMP,28.00,65.40,1383.21,ELEARN
1152,ML-001,Machine Learning Fundamentals,2022-07-18,COMP,40.00,65.29,1773.61,ELEARN
1153,GDPR-001,RGPD & Protection des Données,2018-05-14,COMP,2.00,81.02,211.33,COMPLIANCE
1153,HEALTH-001,Santé & Sécurité au Travail,2018-04-20,COMP,4.00,77.37,233.76,COMPLIANCE
1153,FIRE-001,Sécurité & Évacuation Incendie,2018-03-29,COMP,1.00,91.40,93.24,COMPLIANCE
1153,DEI-001,Égalité Femmes-Hommes,2018-04-29,COMP,3.00,92.64,164.41,COMPLIANCE
1153,FRAUD-001,Prévention Fraude & Corruption,2018-04-15,COMP,2.00,74.08,143.62,COMPLIANCE
1153,ETHICS-001,Code de Déontologie Novaryn Tech,2018-04-24,COMP,1.50,93.97,124.26,COMPLIANCE
1153,ML-001,Machine Learning Fundamentals,2025-06-08,FAIL,40.00,57.92,1529.89,ELEARN
1153,EXCEL-001,Excel Avancé & Reporting,2023-08-11,COMP,8.00,88.73,429.92,ELEARN
1153,REACT-001,React & TypeScript Masterclass,2026-06-14,ENR,36.00,0.00,1357.27,ELEARN
1153,COMM-001,Communication & Public Speaking,2022-02-16,COMP,8.00,94.32,355.15,OJT
1153,K8S-001,Kubernetes Fundamentals,2023-11-20,COMP,24.00,62.94,1263.26,ELEARN
1154,GDPR-001,RGPD & Protection des Données,2015-09-27,COMP,2.00,78.95,204.18,COMPLIANCE
1154,HEALTH-001,Santé & Sécurité au Travail,2015-08-31,COMP,4.00,81.48,239.98,COMPLIANCE
1154,FIRE-001,Sécurité & Évacuation Incendie,2015-08-06,COMP,1.00,79.44,93.97,COMPLIANCE
1154,DEI-001,Égalité Femmes-Hommes,2015-08-06,COMP,3.00,76.47,189.90,COMPLIANCE
1154,FRAUD-001,Prévention Fraude & Corruption,2015-09-22,COMP,2.00,74.42,160.96,COMPLIANCE
1154,ETHICS-001,Code de Déontologie Novaryn Tech,2015-09-24,COMP,1.50,92.76,111.36,COMPLIANCE
1154,REACT-001,React & TypeScript Masterclass,2022-07-27,FAIL,36.00,57.17,1111.05,ELEARN
1154,AWS-001,AWS Cloud Practitioner,2021-09-10,COMP,30.00,88.52,1730.65,ELEARN
1154,PYTHON-001,Python for Data Science,2023-04-10,COMP,24.00,65.22,1137.89,ELEARN
1154,SCRUM-001,Scrum Fundamentals,2024-02-10,COMP,12.00,65.82,625.20,ELEARN
1155,GDPR-001,RGPD & Protection des Données,2023-05-20,COMP,2.00,78.86,182.12,COMPLIANCE
1155,HEALTH-001,Santé & Sécurité au Travail,2023-06-12,COMP,4.00,97.28,269.35,COMPLIANCE
1155,FIRE-001,Sécurité & Évacuation Incendie,2023-06-10,COMP,1.00,72.34,95.88,COMPLIANCE
1155,DEI-001,Égalité Femmes-Hommes,2023-07-05,COMP,3.00,85.38,179.18,COMPLIANCE
1155,FRAUD-001,Prévention Fraude & Corruption,2023-06-13,COMP,2.00,72.03,144.94,COMPLIANCE
1155,ETHICS-001,Code de Déontologie Novaryn Tech,2023-06-02,COMP,1.50,97.66,111.98,COMPLIANCE
1155,PYTHON-001,Python for Data Science,2026-05-12,ENR,24.00,0.00,867.97,ELEARN
1155,COMM-001,Communication & Public Speaking,2024-08-07,COMP,8.00,85.23,384.55,OJT
1156,GDPR-001,RGPD & Protection des Données,2025-05-14,COMP,2.00,82.10,211.94,COMPLIANCE
1156,HEALTH-001,Santé & Sécurité au Travail,2025-05-15,COMP,4.00,80.41,241.33,COMPLIANCE
1156,FIRE-001,Sécurité & Évacuation Incendie,2025-05-09,COMP,1.00,71.53,100.34,COMPLIANCE
1156,DEI-001,Égalité Femmes-Hommes,2025-04-23,COMP,3.00,96.51,189.31,COMPLIANCE
1156,FRAUD-001,Prévention Fraude & Corruption,2025-05-13,COMP,2.00,92.91,136.08,COMPLIANCE
1156,ETHICS-001,Code de Déontologie Novaryn Tech,2025-06-04,COMP,1.50,86.44,125.97,COMPLIANCE
1156,PYTHON-001,Python for Data Science,2025-09-20,COMP,24.00,88.57,1069.43,ELEARN
1156,REACT-001,React & TypeScript Masterclass,2025-10-27,COMP,36.00,65.76,1294.36,ELEARN
1157,GDPR-001,RGPD & Protection des Données,2022-08-11,COMP,2.00,72.80,195.36,COMPLIANCE
1157,HEALTH-001,Santé & Sécurité au Travail,2022-08-24,COMP,4.00,76.61,227.20,COMPLIANCE
1157,FIRE-001,Sécurité & Évacuation Incendie,2022-07-30,COMP,1.00,98.61,93.89,COMPLIANCE
1157,DEI-001,Égalité Femmes-Hommes,2022-09-04,COMP,3.00,75.81,190.78,COMPLIANCE
1157,FRAUD-001,Prévention Fraude & Corruption,2022-08-08,COMP,2.00,82.81,152.05,COMPLIANCE
1157,ETHICS-001,Code de Déontologie Novaryn Tech,2022-08-12,COMP,1.50,70.02,109.59,COMPLIANCE
1157,AZURE-001,Microsoft Azure Fundamentals,2024-04-30,COMP,28.00,62.64,1584.79,ELEARN
1157,COMM-001,Communication & Public Speaking,2025-03-31,FAIL,8.00,57.57,399.22,OJT
1158,GDPR-001,RGPD & Protection des Données,2014-10-18,COMP,2.00,90.08,212.47,COMPLIANCE
1158,HEALTH-001,Santé & Sécurité au Travail,2014-11-03,COMP,4.00,88.50,273.97,COMPLIANCE
1158,FIRE-001,Sécurité & Évacuation Incendie,2014-11-12,COMP,1.00,98.67,95.16,COMPLIANCE
1158,DEI-001,Égalité Femmes-Hommes,2014-11-17,COMP,3.00,86.44,194.45,COMPLIANCE
1158,FRAUD-001,Prévention Fraude & Corruption,2014-11-29,COMP,2.00,79.92,154.95,COMPLIANCE
1158,ETHICS-001,Code de Déontologie Novaryn Tech,2014-11-15,COMP,1.50,74.67,124.37,COMPLIANCE
1158,EXCEL-001,Excel Avancé & Reporting,2026-06-02,ENR,8.00,0.00,398.01,ELEARN
1158,PM-001,Product Management Essentials,2025-12-12,COMP,20.00,80.35,1199.59,COURSE
1158,AWS-001,AWS Cloud Practitioner,2026-05-29,ENR,30.00,0.00,1557.69,ELEARN
1158,SAFE-001,SAFe Agile Practitioner,2020-03-09,COMP,16.00,92.07,1298.21,COURSE
1160,GDPR-001,RGPD & Protection des Données,2017-10-24,COMP,2.00,74.44,188.95,COMPLIANCE
1160,HEALTH-001,Santé & Sécurité au Travail,2017-10-22,COMP,4.00,76.57,272.81,COMPLIANCE
1160,FIRE-001,Sécurité & Évacuation Incendie,2017-10-01,COMP,1.00,97.16,108.52,COMPLIANCE
1160,DEI-001,Égalité Femmes-Hommes,2017-10-16,COMP,3.00,86.27,175.07,COMPLIANCE
1160,FRAUD-001,Prévention Fraude & Corruption,2017-10-19,COMP,2.00,82.00,152.00,COMPLIANCE
1160,ETHICS-001,Code de Déontologie Novaryn Tech,2017-09-21,COMP,1.50,72.43,111.90,COMPLIANCE
1160,SAFE-001,SAFe Agile Practitioner,2025-08-07,COMP,16.00,77.29,1363.97,COURSE
1160,LEAD-001,Leadership & Management,2023-05-14,FAIL,20.00,46.34,1441.67,COURSE
1160,SQL-001,Advanced SQL for Analytics,2022-05-02,COMP,16.00,79.46,919.47,ELEARN
1160,SCRUM-001,Scrum Fundamentals,2020-01-26,FAIL,12.00,47.53,548.53,ELEARN
1160,REACT-001,React & TypeScript Masterclass,2024-10-24,COMP,36.00,69.40,1107.56,ELEARN
1161,GDPR-001,RGPD & Protection des Données,2024-08-30,COMP,2.00,74.95,186.37,COMPLIANCE
1161,HEALTH-001,Santé & Sécurité au Travail,2024-07-30,COMP,4.00,87.80,267.66,COMPLIANCE
1161,FIRE-001,Sécurité & Évacuation Incendie,2024-07-16,COMP,1.00,72.46,105.92,COMPLIANCE
1161,DEI-001,Égalité Femmes-Hommes,2024-07-10,COMP,3.00,74.50,177.43,COMPLIANCE
1161,FRAUD-001,Prévention Fraude & Corruption,2024-07-15,COMP,2.00,98.03,158.81,COMPLIANCE
1161,ETHICS-001,Code de Déontologie Novaryn Tech,2024-08-23,COMP,1.50,89.44,131.80,COMPLIANCE
1161,K8S-001,Kubernetes Fundamentals,2024-11-08,COMP,24.00,71.66,1213.38,ELEARN
1161,PYTHON-001,Python for Data Science,2025-10-21,COMP,24.00,96.72,1060.00,ELEARN
1162,GDPR-001,RGPD & Protection des Données,2014-11-04,COMP,2.00,87.16,181.62,COMPLIANCE
1162,HEALTH-001,Santé & Sécurité au Travail,2014-10-12,COMP,4.00,79.90,226.95,COMPLIANCE
1162,FIRE-001,Sécurité & Évacuation Incendie,2014-10-30,COMP,1.00,72.47,90.79,COMPLIANCE
1162,DEI-001,Égalité Femmes-Hommes,2014-09-23,COMP,3.00,94.64,168.92,COMPLIANCE
1162,FRAUD-001,Prévention Fraude & Corruption,2014-10-03,COMP,2.00,96.91,159.73,COMPLIANCE
1162,ETHICS-001,Code de Déontologie Novaryn Tech,2014-10-24,COMP,1.50,73.23,122.24,COMPLIANCE
1162,PM-001,Product Management Essentials,2022-06-08,COMP,20.00,78.49,1326.86,COURSE
1162,AZURE-001,Microsoft Azure Fundamentals,2021-12-15,COMP,28.00,91.04,1607.15,ELEARN
1163,GDPR-001,RGPD & Protection des Données,2012-10-05,COMP,2.00,88.19,207.56,COMPLIANCE
1163,HEALTH-001,Santé & Sécurité au Travail,2012-09-06,COMP,4.00,81.80,241.93,COMPLIANCE
1163,FIRE-001,Sécurité & Évacuation Incendie,2012-09-14,COMP,1.00,90.85,106.21,COMPLIANCE
1163,DEI-001,Égalité Femmes-Hommes,2012-09-26,COMP,3.00,98.55,173.03,COMPLIANCE
1163,FRAUD-001,Prévention Fraude & Corruption,2012-10-15,COMP,2.00,91.17,147.03,COMPLIANCE
1163,ETHICS-001,Code de Déontologie Novaryn Tech,2012-10-25,COMP,1.50,97.91,127.06,COMPLIANCE
1163,SAFE-001,SAFe Agile Practitioner,2025-03-01,COMP,16.00,88.13,1205.46,COURSE
1163,SQL-001,Advanced SQL for Analytics,2022-12-30,COMP,16.00,95.01,715.44,ELEARN
1163,AWS-001,AWS Cloud Practitioner,2021-11-11,FAIL,30.00,42.40,1920.30,ELEARN
1163,EXCEL-001,Excel Avancé & Reporting,2025-05-31,COMP,8.00,73.31,378.39,ELEARN
1165,GDPR-001,RGPD & Protection des Données,2017-04-02,COMP,2.00,91.56,197.41,COMPLIANCE
1165,HEALTH-001,Santé & Sécurité au Travail,2017-03-25,COMP,4.00,97.90,258.41,COMPLIANCE
1165,FIRE-001,Sécurité & Évacuation Incendie,2017-04-29,COMP,1.00,86.56,101.75,COMPLIANCE
1165,DEI-001,Égalité Femmes-Hommes,2017-05-02,COMP,3.00,76.29,179.04,COMPLIANCE
1165,FRAUD-001,Prévention Fraude & Corruption,2017-03-20,COMP,2.00,80.93,146.72,COMPLIANCE
1165,ETHICS-001,Code de Déontologie Novaryn Tech,2017-04-09,COMP,1.50,71.98,108.75,COMPLIANCE
1165,REACT-001,React & TypeScript Masterclass,2021-08-13,COMP,36.00,75.90,1275.29,ELEARN
1165,PYTHON-001,Python for Data Science,2025-04-13,COMP,24.00,65.32,948.07,ELEARN
1165,K8S-001,Kubernetes Fundamentals,2022-02-17,FAIL,24.00,48.02,1038.88,ELEARN
1165,SAFE-001,SAFe Agile Practitioner,2025-10-06,FAIL,16.00,50.76,1483.94,COURSE
1166,GDPR-001,RGPD & Protection des Données,2012-06-03,COMP,2.00,96.08,186.57,COMPLIANCE
1166,HEALTH-001,Santé & Sécurité au Travail,2012-06-19,COMP,4.00,82.47,249.34,COMPLIANCE
1166,FIRE-001,Sécurité & Évacuation Incendie,2012-06-24,COMP,1.00,74.45,107.68,COMPLIANCE
1166,DEI-001,Égalité Femmes-Hommes,2012-06-18,COMP,3.00,85.38,179.83,COMPLIANCE
1166,FRAUD-001,Prévention Fraude & Corruption,2012-06-20,COMP,2.00,97.22,156.62,COMPLIANCE
1166,ETHICS-001,Code de Déontologie Novaryn Tech,2012-06-29,COMP,1.50,71.15,108.22,COMPLIANCE
1166,COMM-001,Communication & Public Speaking,2025-08-10,COMP,8.00,64.18,432.59,OJT
1166,SQL-001,Advanced SQL for Analytics,2025-10-16,FAIL,16.00,43.83,715.47,ELEARN
1166,PM-001,Product Management Essentials,2021-02-28,COMP,20.00,94.31,1287.86,COURSE
1166,EXCEL-001,Excel Avancé & Reporting,2025-05-05,COMP,8.00,75.63,403.45,ELEARN
1167,GDPR-001,RGPD & Protection des Données,2018-11-24,COMP,2.00,88.37,204.49,COMPLIANCE
1167,HEALTH-001,Santé & Sécurité au Travail,2018-11-14,COMP,4.00,93.09,261.56,COMPLIANCE
1167,FIRE-001,Sécurité & Évacuation Incendie,2018-10-20,COMP,1.00,83.65,104.38,COMPLIANCE
1167,DEI-001,Égalité Femmes-Hommes,2018-11-22,COMP,3.00,78.71,197.88,COMPLIANCE
1167,FRAUD-001,Prévention Fraude & Corruption,2018-11-16,COMP,2.00,71.34,144.98,COMPLIANCE
1167,ETHICS-001,Code de Déontologie Novaryn Tech,2018-11-13,COMP,1.50,87.68,131.16,COMPLIANCE
1167,K8S-001,Kubernetes Fundamentals,2020-10-28,FAIL,24.00,57.37,1135.89,ELEARN
1167,REACT-001,React & TypeScript Masterclass,2025-05-03,COMP,36.00,72.61,1232.72,ELEARN
1168,GDPR-001,RGPD & Protection des Données,2013-04-11,COMP,2.00,77.94,215.66,COMPLIANCE
1168,HEALTH-001,Santé & Sécurité au Travail,2013-03-16,COMP,4.00,94.50,258.42,COMPLIANCE
1168,FIRE-001,Sécurité & Évacuation Incendie,2013-04-20,COMP,1.00,77.62,95.31,COMPLIANCE
1168,DEI-001,Égalité Femmes-Hommes,2013-04-16,COMP,3.00,76.88,169.98,COMPLIANCE
1168,FRAUD-001,Prévention Fraude & Corruption,2013-05-05,COMP,2.00,83.48,146.91,COMPLIANCE
1168,ETHICS-001,Code de Déontologie Novaryn Tech,2013-04-10,COMP,1.50,71.43,109.83,COMPLIANCE
1168,ML-001,Machine Learning Fundamentals,2025-07-01,COMP,40.00,98.10,1741.42,ELEARN
1168,EXCEL-001,Excel Avancé & Reporting,2020-05-02,COMP,8.00,72.25,412.03,ELEARN
1168,REACT-001,React & TypeScript Masterclass,2022-08-17,COMP,36.00,99.55,1096.83,ELEARN
1168,SCRUM-001,Scrum Fundamentals,2023-10-01,COMP,12.00,71.50,530.86,ELEARN
1169,GDPR-001,RGPD & Protection des Données,2022-12-22,COMP,2.00,97.77,195.56,COMPLIANCE
1169,HEALTH-001,Santé & Sécurité au Travail,2023-01-22,COMP,4.00,79.86,252.25,COMPLIANCE
1169,FIRE-001,Sécurité & Évacuation Incendie,2022-12-19,COMP,1.00,70.43,98.59,COMPLIANCE
1169,DEI-001,Égalité Femmes-Hommes,2022-12-28,COMP,3.00,89.41,196.08,COMPLIANCE
1169,FRAUD-001,Prévention Fraude & Corruption,2022-12-08,COMP,2.00,72.98,162.93,COMPLIANCE
1169,ETHICS-001,Code de Déontologie Novaryn Tech,2023-01-22,COMP,1.50,77.75,123.78,COMPLIANCE
1169,REACT-001,React & TypeScript Masterclass,2026-05-24,ENR,36.00,0.00,1055.14,ELEARN
1169,PYTHON-001,Python for Data Science,2025-08-16,FAIL,24.00,45.88,1012.70,ELEARN
1169,EXCEL-001,Excel Avancé & Reporting,2024-09-16,COMP,8.00,62.74,457.94,ELEARN
1169,AWS-001,AWS Cloud Practitioner,2026-04-08,ENR,30.00,0.00,2044.94,ELEARN
1170,GDPR-001,RGPD & Protection des Données,2023-08-04,COMP,2.00,93.36,211.78,COMPLIANCE
1170,HEALTH-001,Santé & Sécurité au Travail,2023-08-17,COMP,4.00,98.95,230.67,COMPLIANCE
1170,FIRE-001,Sécurité & Évacuation Incendie,2023-08-28,COMP,1.00,80.13,100.01,COMPLIANCE
1170,DEI-001,Égalité Femmes-Hommes,2023-09-22,COMP,3.00,93.39,178.75,COMPLIANCE
1170,FRAUD-001,Prévention Fraude & Corruption,2023-08-07,COMP,2.00,84.44,153.43,COMPLIANCE
1170,ETHICS-001,Code de Déontologie Novaryn Tech,2023-09-19,COMP,1.50,72.50,126.94,COMPLIANCE
1170,PYTHON-001,Python for Data Science,2024-03-10,FAIL,24.00,53.78,1123.28,ELEARN
1170,REACT-001,React & TypeScript Masterclass,2025-01-22,COMP,36.00,98.78,1295.93,ELEARN
1170,AWS-001,AWS Cloud Practitioner,2025-03-12,FAIL,30.00,43.08,1714.73,ELEARN
1170,ML-001,Machine Learning Fundamentals,2025-07-28,COMP,40.00,87.58,1453.20,ELEARN
1171,GDPR-001,RGPD & Protection des Données,2012-08-14,COMP,2.00,88.95,181.19,COMPLIANCE
1171,HEALTH-001,Santé & Sécurité au Travail,2012-07-21,COMP,4.00,93.78,246.62,COMPLIANCE
1171,FIRE-001,Sécurité & Évacuation Incendie,2012-08-17,COMP,1.00,85.37,106.24,COMPLIANCE
1171,DEI-001,Égalité Femmes-Hommes,2012-07-10,COMP,3.00,75.03,184.36,COMPLIANCE
1171,FRAUD-001,Prévention Fraude & Corruption,2012-07-27,COMP,2.00,93.20,157.43,COMPLIANCE
1171,ETHICS-001,Code de Déontologie Novaryn Tech,2012-07-01,COMP,1.50,99.28,125.87,COMPLIANCE
1171,ML-001,Machine Learning Fundamentals,2021-06-29,COMP,40.00,61.68,1577.40,ELEARN
1171,K8S-001,Kubernetes Fundamentals,2021-09-15,COMP,24.00,74.22,1260.93,ELEARN
1171,REACT-001,React & TypeScript Masterclass,2021-02-14,FAIL,36.00,52.33,1169.59,ELEARN
1171,SQL-001,Advanced SQL for Analytics,2026-05-18,ENR,16.00,0.00,886.88,ELEARN
1171,PM-001,Product Management Essentials,2023-02-10,COMP,20.00,93.72,1234.07,COURSE
1172,GDPR-001,RGPD & Protection des Données,2015-02-25,COMP,2.00,92.98,203.72,COMPLIANCE
1172,HEALTH-001,Santé & Sécurité au Travail,2015-02-20,COMP,4.00,84.83,274.81,COMPLIANCE
1172,FIRE-001,Sécurité & Évacuation Incendie,2015-03-08,COMP,1.00,92.85,92.40,COMPLIANCE
1172,DEI-001,Égalité Femmes-Hommes,2015-03-13,COMP,3.00,70.97,192.07,COMPLIANCE
1172,FRAUD-001,Prévention Fraude & Corruption,2015-02-10,COMP,2.00,77.38,151.11,COMPLIANCE
1172,ETHICS-001,Code de Déontologie Novaryn Tech,2015-02-17,COMP,1.50,78.80,128.61,COMPLIANCE
1172,AZURE-001,Microsoft Azure Fundamentals,2024-07-07,FAIL,28.00,42.60,1483.98,ELEARN
1172,SAFE-001,SAFe Agile Practitioner,2024-04-08,COMP,16.00,66.12,1332.78,COURSE
1173,GDPR-001,RGPD & Protection des Données,2012-09-27,COMP,2.00,99.44,219.01,COMPLIANCE
1173,HEALTH-001,Santé & Sécurité au Travail,2012-09-24,COMP,4.00,72.25,240.42,COMPLIANCE
1173,FIRE-001,Sécurité & Évacuation Incendie,2012-09-20,COMP,1.00,82.21,90.52,COMPLIANCE
1173,DEI-001,Égalité Femmes-Hommes,2012-09-19,COMP,3.00,79.83,187.62,COMPLIANCE
1173,FRAUD-001,Prévention Fraude & Corruption,2012-09-09,COMP,2.00,97.94,153.09,COMPLIANCE
1173,ETHICS-001,Code de Déontologie Novaryn Tech,2012-09-07,COMP,1.50,80.88,110.28,COMPLIANCE
1173,EXCEL-001,Excel Avancé & Reporting,2022-04-26,COMP,8.00,68.49,436.04,ELEARN
1173,SQL-001,Advanced SQL for Analytics,2021-05-26,COMP,16.00,71.06,881.95,ELEARN
1173,COMM-001,Communication & Public Speaking,2022-03-09,COMP,8.00,81.65,443.11,OJT
1173,LEAD-001,Leadership & Management,2026-06-17,ENR,20.00,0.00,1695.84,COURSE
1174,GDPR-001,RGPD & Protection des Données,2019-07-14,COMP,2.00,86.38,216.25,COMPLIANCE
1174,HEALTH-001,Santé & Sécurité au Travail,2019-07-12,COMP,4.00,78.93,269.77,COMPLIANCE
1174,FIRE-001,Sécurité & Évacuation Incendie,2019-07-18,COMP,1.00,97.92,96.24,COMPLIANCE
1174,DEI-001,Égalité Femmes-Hommes,2019-06-26,COMP,3.00,72.79,174.00,COMPLIANCE
1174,FRAUD-001,Prévention Fraude & Corruption,2019-07-17,COMP,2.00,71.56,137.06,COMPLIANCE
1174,ETHICS-001,Code de Déontologie Novaryn Tech,2019-07-07,COMP,1.50,70.12,129.39,COMPLIANCE
1174,K8S-001,Kubernetes Fundamentals,2022-07-05,COMP,24.00,64.28,987.41,ELEARN
1174,SQL-001,Advanced SQL for Analytics,2022-11-18,FAIL,16.00,57.01,739.42,ELEARN
1175,GDPR-001,RGPD & Protection des Données,2025-06-15,COMP,2.00,75.05,205.94,COMPLIANCE
1175,HEALTH-001,Santé & Sécurité au Travail,2025-06-30,COMP,4.00,91.02,230.19,COMPLIANCE
1175,FIRE-001,Sécurité & Évacuation Incendie,2025-07-15,COMP,1.00,70.51,94.37,COMPLIANCE
1175,DEI-001,Égalité Femmes-Hommes,2025-07-09,COMP,3.00,73.80,188.56,COMPLIANCE
1175,FRAUD-001,Prévention Fraude & Corruption,2025-07-16,COMP,2.00,95.91,150.29,COMPLIANCE
1175,ETHICS-001,Code de Déontologie Novaryn Tech,2025-06-20,COMP,1.50,70.16,120.55,COMPLIANCE
1175,PM-001,Product Management Essentials,2025-09-07,COMP,20.00,62.37,1095.96,COURSE
1175,COMM-001,Communication & Public Speaking,2025-11-14,COMP,8.00,67.70,403.33,OJT
1175,AWS-001,AWS Cloud Practitioner,2025-08-30,COMP,30.00,76.18,1849.02,ELEARN
1175,K8S-001,Kubernetes Fundamentals,2025-09-12,FAIL,24.00,45.47,1017.18,ELEARN
1176,GDPR-001,RGPD & Protection des Données,2022-05-08,COMP,2.00,91.21,190.20,COMPLIANCE
1176,HEALTH-001,Santé & Sécurité au Travail,2022-06-08,COMP,4.00,84.93,273.89,COMPLIANCE
1176,FIRE-001,Sécurité & Évacuation Incendie,2022-05-26,COMP,1.00,87.72,104.94,COMPLIANCE
1176,DEI-001,Égalité Femmes-Hommes,2022-06-14,COMP,3.00,73.85,168.64,COMPLIANCE
1176,FRAUD-001,Prévention Fraude & Corruption,2022-06-11,COMP,2.00,87.41,164.02,COMPLIANCE
1176,ETHICS-001,Code de Déontologie Novaryn Tech,2022-05-16,COMP,1.50,73.97,108.96,COMPLIANCE
1176,COMM-001,Communication & Public Speaking,2025-10-06,COMP,8.00,65.32,366.18,OJT
1176,SCRUM-001,Scrum Fundamentals,2023-07-08,FAIL,12.00,50.92,627.33,ELEARN
1176,LEAD-001,Leadership & Management,2026-07-06,ENR,20.00,0.00,1281.19,COURSE
1178,GDPR-001,RGPD & Protection des Données,2016-05-14,COMP,2.00,80.24,197.88,COMPLIANCE
1178,HEALTH-001,Santé & Sécurité au Travail,2016-05-17,COMP,4.00,91.73,264.28,COMPLIANCE
1178,FIRE-001,Sécurité & Évacuation Incendie,2016-05-31,COMP,1.00,79.75,98.22,COMPLIANCE
1178,DEI-001,Égalité Femmes-Hommes,2016-06-19,COMP,3.00,85.57,171.90,COMPLIANCE
1178,FRAUD-001,Prévention Fraude & Corruption,2016-06-19,COMP,2.00,76.05,154.05,COMPLIANCE
1178,ETHICS-001,Code de Déontologie Novaryn Tech,2016-05-21,COMP,1.50,81.68,112.51,COMPLIANCE
1178,K8S-001,Kubernetes Fundamentals,2025-09-26,COMP,24.00,70.08,1077.99,ELEARN
1178,EXCEL-001,Excel Avancé & Reporting,2023-05-19,COMP,8.00,91.26,440.04,ELEARN
1178,AZURE-001,Microsoft Azure Fundamentals,2026-06-14,ENR,28.00,0.00,1498.75,ELEARN
1179,GDPR-001,RGPD & Protection des Données,2019-07-05,COMP,2.00,73.31,191.49,COMPLIANCE
1179,HEALTH-001,Santé & Sécurité au Travail,2019-06-27,COMP,4.00,78.38,246.31,COMPLIANCE
1179,FIRE-001,Sécurité & Évacuation Incendie,2019-06-09,COMP,1.00,84.20,105.25,COMPLIANCE
1179,DEI-001,Égalité Femmes-Hommes,2019-06-13,COMP,3.00,87.59,174.52,COMPLIANCE
1179,FRAUD-001,Prévention Fraude & Corruption,2019-07-20,COMP,2.00,76.73,141.03,COMPLIANCE
1179,ETHICS-001,Code de Déontologie Novaryn Tech,2019-06-26,COMP,1.50,95.18,131.12,COMPLIANCE
1179,PYTHON-001,Python for Data Science,2023-02-10,FAIL,24.00,40.33,920.33,ELEARN
1179,K8S-001,Kubernetes Fundamentals,2020-10-07,COMP,24.00,68.75,1248.01,ELEARN
1179,AWS-001,AWS Cloud Practitioner,2023-05-10,COMP,30.00,97.36,1589.31,ELEARN
1179,COMM-001,Communication & Public Speaking,2026-06-13,ENR,8.00,0.00,370.58,OJT
1180,GDPR-001,RGPD & Protection des Données,2025-10-03,COMP,2.00,78.15,206.33,COMPLIANCE
1180,HEALTH-001,Santé & Sécurité au Travail,2025-11-17,COMP,4.00,79.31,245.19,COMPLIANCE
1180,FIRE-001,Sécurité & Évacuation Incendie,2025-10-01,COMP,1.00,87.01,107.70,COMPLIANCE
1180,DEI-001,Égalité Femmes-Hommes,2025-10-12,COMP,3.00,96.96,171.08,COMPLIANCE
1180,FRAUD-001,Prévention Fraude & Corruption,2025-10-12,COMP,2.00,92.73,155.05,COMPLIANCE
1180,ETHICS-001,Code de Déontologie Novaryn Tech,2025-11-01,COMP,1.50,95.68,121.79,COMPLIANCE
1180,SAFE-001,SAFe Agile Practitioner,2025-12-22,COMP,16.00,98.34,1327.50,COURSE
1180,K8S-001,Kubernetes Fundamentals,2025-12-25,COMP,24.00,82.15,1122.42,ELEARN
1180,ML-001,Machine Learning Fundamentals,2025-12-20,COMP,40.00,67.74,1412.06,ELEARN
1181,GDPR-001,RGPD & Protection des Données,2019-05-29,COMP,2.00,91.63,196.99,COMPLIANCE
1181,HEALTH-001,Santé & Sécurité au Travail,2019-06-23,COMP,4.00,94.14,254.31,COMPLIANCE
1181,FIRE-001,Sécurité & Évacuation Incendie,2019-06-19,COMP,1.00,82.06,106.84,COMPLIANCE
1181,DEI-001,Égalité Femmes-Hommes,2019-06-17,COMP,3.00,86.96,174.85,COMPLIANCE
1181,FRAUD-001,Prévention Fraude & Corruption,2019-06-03,COMP,2.00,84.16,140.89,COMPLIANCE
1181,ETHICS-001,Code de Déontologie Novaryn Tech,2019-05-25,COMP,1.50,79.74,128.59,COMPLIANCE
1181,K8S-001,Kubernetes Fundamentals,2023-11-13,COMP,24.00,77.23,1120.60,ELEARN
1181,AWS-001,AWS Cloud Practitioner,2023-02-19,COMP,30.00,64.13,2013.80,ELEARN
1181,ML-001,Machine Learning Fundamentals,2025-09-21,COMP,40.00,94.66,1458.38,ELEARN
1181,SQL-001,Advanced SQL for Analytics,2025-09-19,COMP,16.00,99.84,697.42,ELEARN
1182,GDPR-001,RGPD & Protection des Données,2017-10-02,COMP,2.00,99.69,201.94,COMPLIANCE
1182,HEALTH-001,Santé & Sécurité au Travail,2017-10-04,COMP,4.00,74.07,261.90,COMPLIANCE
1182,FIRE-001,Sécurité & Évacuation Incendie,2017-09-02,COMP,1.00,81.13,90.73,COMPLIANCE
1182,DEI-001,Égalité Femmes-Hommes,2017-08-20,COMP,3.00,97.55,176.73,COMPLIANCE
1182,FRAUD-001,Prévention Fraude & Corruption,2017-09-06,COMP,2.00,89.29,161.69,COMPLIANCE
1182,ETHICS-001,Code de Déontologie Novaryn Tech,2017-09-02,COMP,1.50,72.80,130.17,COMPLIANCE
1182,LEAD-001,Leadership & Management,2026-06-15,ENR,20.00,0.00,1610.89,COURSE
1182,AZURE-001,Microsoft Azure Fundamentals,2024-12-21,FAIL,28.00,44.58,1588.49,ELEARN
1183,GDPR-001,RGPD & Protection des Données,2023-05-09,COMP,2.00,86.23,206.29,COMPLIANCE
1183,HEALTH-001,Santé & Sécurité au Travail,2023-06-05,COMP,4.00,91.86,271.31,COMPLIANCE
1183,FIRE-001,Sécurité & Évacuation Incendie,2023-05-23,COMP,1.00,94.51,94.33,COMPLIANCE
1183,DEI-001,Égalité Femmes-Hommes,2023-05-18,COMP,3.00,96.62,165.60,COMPLIANCE
1183,FRAUD-001,Prévention Fraude & Corruption,2023-05-24,COMP,2.00,87.49,162.74,COMPLIANCE
1183,ETHICS-001,Code de Déontologie Novaryn Tech,2023-05-09,COMP,1.50,70.00,124.71,COMPLIANCE
1183,EXCEL-001,Excel Avancé & Reporting,2025-02-24,COMP,8.00,63.90,415.26,ELEARN
1183,K8S-001,Kubernetes Fundamentals,2025-02-10,COMP,24.00,71.01,991.78,ELEARN
1183,ML-001,Machine Learning Fundamentals,2023-12-29,COMP,40.00,89.50,1711.57,ELEARN
1183,PYTHON-001,Python for Data Science,2024-07-11,COMP,24.00,68.36,889.79,ELEARN
1184,GDPR-001,RGPD & Protection des Données,2017-03-17,COMP,2.00,71.84,197.98,COMPLIANCE
1184,HEALTH-001,Santé & Sécurité au Travail,2017-03-27,COMP,4.00,74.04,230.89,COMPLIANCE
1184,FIRE-001,Sécurité & Évacuation Incendie,2017-04-03,COMP,1.00,76.12,102.54,COMPLIANCE
1184,DEI-001,Égalité Femmes-Hommes,2017-04-05,COMP,3.00,78.99,186.72,COMPLIANCE
1184,FRAUD-001,Prévention Fraude & Corruption,2017-02-25,COMP,2.00,90.64,160.01,COMPLIANCE
1184,ETHICS-001,Code de Déontologie Novaryn Tech,2017-02-26,COMP,1.50,84.21,108.18,COMPLIANCE
1184,SCRUM-001,Scrum Fundamentals,2024-01-04,COMP,12.00,90.58,548.12,ELEARN
1184,ML-001,Machine Learning Fundamentals,2020-03-18,COMP,40.00,64.34,1470.04,ELEARN
1184,PYTHON-001,Python for Data Science,2026-05-12,ENR,24.00,0.00,1064.11,ELEARN
1184,REACT-001,React & TypeScript Masterclass,2026-07-03,ENR,36.00,0.00,1211.11,ELEARN
1185,GDPR-001,RGPD & Protection des Données,2023-06-19,COMP,2.00,96.97,216.69,COMPLIANCE
1185,HEALTH-001,Santé & Sécurité au Travail,2023-06-03,COMP,4.00,96.59,232.87,COMPLIANCE
1185,FIRE-001,Sécurité & Évacuation Incendie,2023-06-20,COMP,1.00,85.99,101.35,COMPLIANCE
1185,DEI-001,Égalité Femmes-Hommes,2023-06-10,COMP,3.00,82.75,183.99,COMPLIANCE
1185,FRAUD-001,Prévention Fraude & Corruption,2023-07-02,COMP,2.00,83.35,144.47,COMPLIANCE
1185,ETHICS-001,Code de Déontologie Novaryn Tech,2023-06-20,COMP,1.50,76.42,125.60,COMPLIANCE
1185,AWS-001,AWS Cloud Practitioner,2024-12-25,COMP,30.00,90.90,1781.03,ELEARN
1185,REACT-001,React & TypeScript Masterclass,2024-07-12,COMP,36.00,83.26,1306.78,ELEARN
1186,GDPR-001,RGPD & Protection des Données,2018-11-20,COMP,2.00,97.02,189.19,COMPLIANCE
1186,HEALTH-001,Santé & Sécurité au Travail,2018-12-26,COMP,4.00,86.01,267.86,COMPLIANCE
1186,FIRE-001,Sécurité & Évacuation Incendie,2018-12-17,COMP,1.00,84.38,108.19,COMPLIANCE
1186,DEI-001,Égalité Femmes-Hommes,2018-12-19,COMP,3.00,91.37,191.40,COMPLIANCE
1186,FRAUD-001,Prévention Fraude & Corruption,2018-11-15,COMP,2.00,85.54,151.17,COMPLIANCE
1186,ETHICS-001,Code de Déontologie Novaryn Tech,2018-11-26,COMP,1.50,93.97,113.77,COMPLIANCE
1186,ML-001,Machine Learning Fundamentals,2025-07-05,COMP,40.00,62.97,1618.72,ELEARN
1186,PM-001,Product Management Essentials,2020-07-15,COMP,20.00,81.00,1053.67,COURSE
1187,GDPR-001,RGPD & Protection des Données,2014-03-24,COMP,2.00,79.96,185.45,COMPLIANCE
1187,HEALTH-001,Santé & Sécurité au Travail,2014-03-19,COMP,4.00,71.32,249.53,COMPLIANCE
1187,FIRE-001,Sécurité & Évacuation Incendie,2014-04-30,COMP,1.00,76.16,106.06,COMPLIANCE
1187,DEI-001,Égalité Femmes-Hommes,2014-03-22,COMP,3.00,90.96,165.22,COMPLIANCE
1187,FRAUD-001,Prévention Fraude & Corruption,2014-03-17,COMP,2.00,88.75,137.14,COMPLIANCE
1187,ETHICS-001,Code de Déontologie Novaryn Tech,2014-04-23,COMP,1.50,89.02,109.92,COMPLIANCE
1187,K8S-001,Kubernetes Fundamentals,2025-05-28,FAIL,24.00,46.42,945.93,ELEARN
1187,PYTHON-001,Python for Data Science,2023-12-13,COMP,24.00,61.09,1049.46,ELEARN
1187,SAFE-001,SAFe Agile Practitioner,2025-12-18,COMP,16.00,92.38,1202.75,COURSE
1187,AZURE-001,Microsoft Azure Fundamentals,2022-07-27,COMP,28.00,90.30,1747.83,ELEARN
1188,GDPR-001,RGPD & Protection des Données,2023-06-07,COMP,2.00,72.43,207.52,COMPLIANCE
1188,HEALTH-001,Santé & Sécurité au Travail,2023-05-31,COMP,4.00,98.59,229.91,COMPLIANCE
1188,FIRE-001,Sécurité & Évacuation Incendie,2023-06-20,COMP,1.00,96.83,102.95,COMPLIANCE
1188,DEI-001,Égalité Femmes-Hommes,2023-05-04,COMP,3.00,93.62,188.94,COMPLIANCE
1188,FRAUD-001,Prévention Fraude & Corruption,2023-06-08,COMP,2.00,70.78,139.49,COMPLIANCE
1188,ETHICS-001,Code de Déontologie Novaryn Tech,2023-05-23,COMP,1.50,79.39,124.13,COMPLIANCE
1188,EXCEL-001,Excel Avancé & Reporting,2025-04-17,COMP,8.00,92.51,412.04,ELEARN
1188,AZURE-001,Microsoft Azure Fundamentals,2024-01-20,COMP,28.00,79.07,1595.75,ELEARN
1188,COMM-001,Communication & Public Speaking,2024-02-25,FAIL,8.00,41.46,361.09,OJT
1188,PYTHON-001,Python for Data Science,2026-06-11,ENR,24.00,0.00,1036.50,ELEARN
1189,GDPR-001,RGPD & Protection des Données,2024-10-01,COMP,2.00,79.42,198.75,COMPLIANCE
1189,HEALTH-001,Santé & Sécurité au Travail,2024-10-31,COMP,4.00,83.04,226.31,COMPLIANCE
1189,FIRE-001,Sécurité & Évacuation Incendie,2024-11-06,COMP,1.00,71.47,103.24,COMPLIANCE
1189,DEI-001,Égalité Femmes-Hommes,2024-10-14,COMP,3.00,81.34,184.92,COMPLIANCE
1189,FRAUD-001,Prévention Fraude & Corruption,2024-10-04,COMP,2.00,80.84,150.48,COMPLIANCE
1189,ETHICS-001,Code de Déontologie Novaryn Tech,2024-11-01,COMP,1.50,74.50,117.07,COMPLIANCE
1189,AWS-001,AWS Cloud Practitioner,2025-12-23,COMP,30.00,70.78,1653.04,ELEARN
1189,REACT-001,React & TypeScript Masterclass,2025-01-04,COMP,36.00,86.45,1151.84,ELEARN
1191,GDPR-001,RGPD & Protection des Données,2021-06-25,COMP,2.00,75.11,203.07,COMPLIANCE
1191,HEALTH-001,Santé & Sécurité au Travail,2021-06-19,COMP,4.00,71.26,260.71,COMPLIANCE
1191,FIRE-001,Sécurité & Évacuation Incendie,2021-06-13,COMP,1.00,84.09,98.13,COMPLIANCE
1191,DEI-001,Égalité Femmes-Hommes,2021-05-19,COMP,3.00,82.31,192.82,COMPLIANCE
1191,FRAUD-001,Prévention Fraude & Corruption,2021-06-08,COMP,2.00,83.80,145.65,COMPLIANCE
1191,ETHICS-001,Code de Déontologie Novaryn Tech,2021-05-05,COMP,1.50,93.17,126.69,COMPLIANCE
1191,PYTHON-001,Python for Data Science,2024-02-26,COMP,24.00,61.88,886.72,ELEARN
1191,LEAD-001,Leadership & Management,2025-10-03,COMP,20.00,93.40,1330.92,COURSE
1191,SCRUM-001,Scrum Fundamentals,2022-07-21,COMP,12.00,81.17,510.89,ELEARN
1192,GDPR-001,RGPD & Protection des Données,2017-01-03,COMP,2.00,92.00,218.49,COMPLIANCE
1192,HEALTH-001,Santé & Sécurité au Travail,2017-01-04,COMP,4.00,75.32,272.42,COMPLIANCE
1192,FIRE-001,Sécurité & Évacuation Incendie,2016-12-25,COMP,1.00,96.41,94.98,COMPLIANCE
1192,DEI-001,Égalité Femmes-Hommes,2016-12-06,COMP,3.00,81.34,189.50,COMPLIANCE
1192,FRAUD-001,Prévention Fraude & Corruption,2016-12-27,COMP,2.00,89.43,146.99,COMPLIANCE
1192,ETHICS-001,Code de Déontologie Novaryn Tech,2016-12-09,COMP,1.50,74.65,109.57,COMPLIANCE
1192,PM-001,Product Management Essentials,2020-10-28,COMP,20.00,86.78,1283.00,COURSE
1192,SAFE-001,SAFe Agile Practitioner,2021-12-30,COMP,16.00,66.34,1291.94,COURSE
1192,AZURE-001,Microsoft Azure Fundamentals,2024-07-28,COMP,28.00,88.68,1536.76,ELEARN
1192,PYTHON-001,Python for Data Science,2026-06-14,ENR,24.00,0.00,979.27,ELEARN
1192,ML-001,Machine Learning Fundamentals,2023-04-22,COMP,40.00,98.43,1480.89,ELEARN
1193,GDPR-001,RGPD & Protection des Données,2025-06-19,COMP,2.00,96.20,212.88,COMPLIANCE
1193,HEALTH-001,Santé & Sécurité au Travail,2025-06-08,COMP,4.00,98.36,256.58,COMPLIANCE
1193,FIRE-001,Sécurité & Évacuation Incendie,2025-05-31,COMP,1.00,80.64,105.01,COMPLIANCE
1193,DEI-001,Égalité Femmes-Hommes,2025-07-08,COMP,3.00,78.72,193.44,COMPLIANCE
1193,FRAUD-001,Prévention Fraude & Corruption,2025-06-01,COMP,2.00,82.10,141.87,COMPLIANCE
1193,ETHICS-001,Code de Déontologie Novaryn Tech,2025-07-03,COMP,1.50,81.07,121.04,COMPLIANCE
1193,AZURE-001,Microsoft Azure Fundamentals,2025-11-08,COMP,28.00,78.79,1507.71,ELEARN
1193,AWS-001,AWS Cloud Practitioner,2026-05-15,ENR,30.00,0.00,1807.01,ELEARN
1193,SCRUM-001,Scrum Fundamentals,2025-12-20,FAIL,12.00,50.08,674.93,ELEARN
1194,GDPR-001,RGPD & Protection des Données,2023-02-28,COMP,2.00,93.16,209.23,COMPLIANCE
1194,HEALTH-001,Santé & Sécurité au Travail,2023-03-22,COMP,4.00,77.24,259.87,COMPLIANCE
1194,FIRE-001,Sécurité & Évacuation Incendie,2023-04-01,COMP,1.00,75.35,109.65,COMPLIANCE
1194,DEI-001,Égalité Femmes-Hommes,2023-03-20,COMP,3.00,91.76,166.83,COMPLIANCE
1194,FRAUD-001,Prévention Fraude & Corruption,2023-04-07,COMP,2.00,94.95,136.85,COMPLIANCE
1194,ETHICS-001,Code de Déontologie Novaryn Tech,2023-04-12,COMP,1.50,80.20,114.95,COMPLIANCE
1194,AZURE-001,Microsoft Azure Fundamentals,2025-09-06,COMP,28.00,68.65,1825.47,ELEARN
1194,AWS-001,AWS Cloud Practitioner,2026-05-02,ENR,30.00,0.00,1977.40,ELEARN
1196,GDPR-001,RGPD & Protection des Données,2015-09-12,COMP,2.00,87.61,215.34,COMPLIANCE
1196,HEALTH-001,Santé & Sécurité au Travail,2015-09-03,COMP,4.00,81.84,236.09,COMPLIANCE
1196,FIRE-001,Sécurité & Évacuation Incendie,2015-09-05,COMP,1.00,94.18,91.80,COMPLIANCE
1196,DEI-001,Égalité Femmes-Hommes,2015-10-11,COMP,3.00,88.00,180.94,COMPLIANCE
1196,FRAUD-001,Prévention Fraude & Corruption,2015-10-12,COMP,2.00,96.36,138.71,COMPLIANCE
1196,ETHICS-001,Code de Déontologie Novaryn Tech,2015-08-30,COMP,1.50,88.19,112.77,COMPLIANCE
1196,SAFE-001,SAFe Agile Practitioner,2024-12-29,COMP,16.00,68.67,1360.10,COURSE
1196,EXCEL-001,Excel Avancé & Reporting,2021-04-25,COMP,8.00,69.03,445.89,ELEARN
1197,GDPR-001,RGPD & Protection des Données,2025-07-12,COMP,2.00,91.70,218.25,COMPLIANCE
1197,HEALTH-001,Santé & Sécurité au Travail,2025-08-27,COMP,4.00,88.36,250.24,COMPLIANCE
1197,FIRE-001,Sécurité & Évacuation Incendie,2025-08-27,COMP,1.00,98.85,109.83,COMPLIANCE
1197,DEI-001,Égalité Femmes-Hommes,2025-07-16,COMP,3.00,83.85,180.02,COMPLIANCE
1197,FRAUD-001,Prévention Fraude & Corruption,2025-08-05,COMP,2.00,93.37,156.61,COMPLIANCE
1197,ETHICS-001,Code de Déontologie Novaryn Tech,2025-08-12,COMP,1.50,96.75,108.26,COMPLIANCE
1197,AWS-001,AWS Cloud Practitioner,2025-12-25,COMP,30.00,73.38,1754.11,ELEARN
1197,SCRUM-001,Scrum Fundamentals,2025-11-10,COMP,12.00,93.50,604.30,ELEARN
1197,COMM-001,Communication & Public Speaking,2025-12-03,COMP,8.00,87.54,380.06,OJT
1198,GDPR-001,RGPD & Protection des Données,2013-07-27,COMP,2.00,91.09,190.56,COMPLIANCE
1198,HEALTH-001,Santé & Sécurité au Travail,2013-07-05,COMP,4.00,94.69,254.80,COMPLIANCE
1198,FIRE-001,Sécurité & Évacuation Incendie,2013-08-02,COMP,1.00,97.24,108.33,COMPLIANCE
1198,DEI-001,Égalité Femmes-Hommes,2013-07-26,COMP,3.00,90.40,176.10,COMPLIANCE
1198,FRAUD-001,Prévention Fraude & Corruption,2013-07-26,COMP,2.00,93.76,139.02,COMPLIANCE
1198,ETHICS-001,Code de Déontologie Novaryn Tech,2013-06-20,COMP,1.50,72.29,122.49,COMPLIANCE
1198,ML-001,Machine Learning Fundamentals,2026-05-14,ENR,40.00,0.00,1412.25,ELEARN
1198,SAFE-001,SAFe Agile Practitioner,2024-02-29,COMP,16.00,69.25,1412.55,COURSE
1199,GDPR-001,RGPD & Protection des Données,2023-05-16,COMP,2.00,95.14,203.46,COMPLIANCE
1199,HEALTH-001,Santé & Sécurité au Travail,2023-06-12,COMP,4.00,99.91,234.74,COMPLIANCE
1199,FIRE-001,Sécurité & Évacuation Incendie,2023-06-16,COMP,1.00,91.69,108.83,COMPLIANCE
1199,DEI-001,Égalité Femmes-Hommes,2023-06-02,COMP,3.00,88.06,167.32,COMPLIANCE
1199,FRAUD-001,Prévention Fraude & Corruption,2023-05-10,COMP,2.00,83.54,145.06,COMPLIANCE
1199,ETHICS-001,Code de Déontologie Novaryn Tech,2023-05-21,COMP,1.50,72.30,114.12,COMPLIANCE
1199,COMM-001,Communication & Public Speaking,2026-05-15,ENR,8.00,0.00,355.61,OJT
1199,EXCEL-001,Excel Avancé & Reporting,2024-09-23,COMP,8.00,97.63,345.14,ELEARN
1200,GDPR-001,RGPD & Protection des Données,2026-01-02,COMP,2.00,88.91,211.12,COMPLIANCE
1200,HEALTH-001,Santé & Sécurité au Travail,2025-12-31,COMP,4.00,77.13,271.78,COMPLIANCE
1200,FIRE-001,Sécurité & Évacuation Incendie,2026-01-06,COMP,1.00,83.06,105.81,COMPLIANCE
1200,DEI-001,Égalité Femmes-Hommes,2025-12-12,COMP,3.00,85.58,165.46,COMPLIANCE
1200,FRAUD-001,Prévention Fraude & Corruption,2026-01-26,COMP,2.00,73.86,158.41,COMPLIANCE
1200,ETHICS-001,Code de Déontologie Novaryn Tech,2025-12-11,COMP,1.50,98.17,130.65,COMPLIANCE
1200,ML-001,Machine Learning Fundamentals,2025-12-31,COMP,40.00,75.91,1651.57,ELEARN
1200,AWS-001,AWS Cloud Practitioner,2026-04-11,ENR,30.00,0.00,1738.59,ELEARN
1201,GDPR-001,RGPD & Protection des Données,2017-06-01,COMP,2.00,83.67,192.82,COMPLIANCE
1201,HEALTH-001,Santé & Sécurité au Travail,2017-06-05,COMP,4.00,76.39,272.64,COMPLIANCE
1201,FIRE-001,Sécurité & Évacuation Incendie,2017-06-07,COMP,1.00,76.56,107.95,COMPLIANCE
1201,DEI-001,Égalité Femmes-Hommes,2017-05-11,COMP,3.00,71.56,177.47,COMPLIANCE
1201,FRAUD-001,Prévention Fraude & Corruption,2017-05-24,COMP,2.00,75.50,152.16,COMPLIANCE
1201,ETHICS-001,Code de Déontologie Novaryn Tech,2017-05-20,COMP,1.50,88.79,119.65,COMPLIANCE
1201,PM-001,Product Management Essentials,2026-05-15,ENR,20.00,0.00,1289.88,COURSE
1201,AWS-001,AWS Cloud Practitioner,2025-11-14,COMP,30.00,69.68,2014.03,ELEARN
1201,ML-001,Machine Learning Fundamentals,2023-02-25,COMP,40.00,81.11,1574.77,ELEARN
1202,GDPR-001,RGPD & Protection des Données,2014-07-23,COMP,2.00,80.28,189.50,COMPLIANCE
1202,HEALTH-001,Santé & Sécurité au Travail,2014-08-22,COMP,4.00,97.38,261.83,COMPLIANCE
1202,FIRE-001,Sécurité & Évacuation Incendie,2014-08-13,COMP,1.00,74.09,90.92,COMPLIANCE
1202,DEI-001,Égalité Femmes-Hommes,2014-07-25,COMP,3.00,89.35,184.12,COMPLIANCE
1202,FRAUD-001,Prévention Fraude & Corruption,2014-07-18,COMP,2.00,71.60,155.01,COMPLIANCE
1202,ETHICS-001,Code de Déontologie Novaryn Tech,2014-08-08,COMP,1.50,90.73,108.43,COMPLIANCE
1202,ML-001,Machine Learning Fundamentals,2021-11-06,FAIL,40.00,51.04,1391.12,ELEARN
1202,SQL-001,Advanced SQL for Analytics,2023-10-09,COMP,16.00,82.96,904.39,ELEARN
1203,GDPR-001,RGPD & Protection des Données,2016-04-22,COMP,2.00,99.86,219.68,COMPLIANCE
1203,HEALTH-001,Santé & Sécurité au Travail,2016-04-14,COMP,4.00,94.22,245.14,COMPLIANCE
1203,FIRE-001,Sécurité & Évacuation Incendie,2016-04-15,COMP,1.00,91.18,102.48,COMPLIANCE
1203,DEI-001,Égalité Femmes-Hommes,2016-04-17,COMP,3.00,82.62,184.48,COMPLIANCE
1203,FRAUD-001,Prévention Fraude & Corruption,2016-04-28,COMP,2.00,81.28,158.42,COMPLIANCE
1203,ETHICS-001,Code de Déontologie Novaryn Tech,2016-03-26,COMP,1.50,94.91,123.40,COMPLIANCE
1203,LEAD-001,Leadership & Management,2026-06-21,ENR,20.00,0.00,1447.84,COURSE
1203,ML-001,Machine Learning Fundamentals,2022-01-03,FAIL,40.00,44.72,1518.57,ELEARN
1203,AZURE-001,Microsoft Azure Fundamentals,2023-01-31,COMP,28.00,60.85,1600.21,ELEARN
1203,PYTHON-001,Python for Data Science,2020-11-04,COMP,24.00,84.75,1142.46,ELEARN
1203,COMM-001,Communication & Public Speaking,2025-10-31,COMP,8.00,67.00,362.85,OJT
1204,GDPR-001,RGPD & Protection des Données,2025-02-14,COMP,2.00,95.18,212.28,COMPLIANCE
1204,HEALTH-001,Santé & Sécurité au Travail,2025-02-17,COMP,4.00,78.83,232.06,COMPLIANCE
1204,FIRE-001,Sécurité & Évacuation Incendie,2025-03-02,COMP,1.00,82.13,101.20,COMPLIANCE
1204,DEI-001,Égalité Femmes-Hommes,2025-02-06,COMP,3.00,82.23,187.19,COMPLIANCE
1204,FRAUD-001,Prévention Fraude & Corruption,2025-03-10,COMP,2.00,84.19,146.94,COMPLIANCE
1204,ETHICS-001,Code de Déontologie Novaryn Tech,2025-02-10,COMP,1.50,83.72,118.02,COMPLIANCE
1204,SAFE-001,SAFe Agile Practitioner,2025-09-16,COMP,16.00,68.64,1425.90,COURSE
1204,K8S-001,Kubernetes Fundamentals,2025-11-24,FAIL,24.00,44.33,1135.22,ELEARN
1205,GDPR-001,RGPD & Protection des Données,2019-02-15,COMP,2.00,90.10,204.10,COMPLIANCE
1205,HEALTH-001,Santé & Sécurité au Travail,2019-02-18,COMP,4.00,89.51,269.93,COMPLIANCE
1205,FIRE-001,Sécurité & Évacuation Incendie,2019-02-28,COMP,1.00,74.16,107.94,COMPLIANCE
1205,DEI-001,Égalité Femmes-Hommes,2019-03-15,COMP,3.00,70.52,191.48,COMPLIANCE
1205,FRAUD-001,Prévention Fraude & Corruption,2019-02-13,COMP,2.00,94.84,161.92,COMPLIANCE
1205,ETHICS-001,Code de Déontologie Novaryn Tech,2019-02-21,COMP,1.50,96.62,110.83,COMPLIANCE
1205,COMM-001,Communication & Public Speaking,2025-06-26,COMP,8.00,61.20,436.55,OJT
1205,PM-001,Product Management Essentials,2026-05-29,ENR,20.00,0.00,1232.58,COURSE
1205,EXCEL-001,Excel Avancé & Reporting,2020-07-07,COMP,8.00,87.06,392.10,ELEARN
1206,GDPR-001,RGPD & Protection des Données,2023-11-29,COMP,2.00,72.80,202.02,COMPLIANCE
1206,HEALTH-001,Santé & Sécurité au Travail,2023-12-18,COMP,4.00,81.35,245.35,COMPLIANCE
1206,FIRE-001,Sécurité & Évacuation Incendie,2023-11-16,COMP,1.00,97.70,94.33,COMPLIANCE
1206,DEI-001,Égalité Femmes-Hommes,2023-12-17,COMP,3.00,84.46,177.33,COMPLIANCE
1206,FRAUD-001,Prévention Fraude & Corruption,2023-12-25,COMP,2.00,94.92,161.47,COMPLIANCE
1206,ETHICS-001,Code de Déontologie Novaryn Tech,2023-12-31,COMP,1.50,75.71,120.68,COMPLIANCE
1206,EXCEL-001,Excel Avancé & Reporting,2026-05-29,ENR,8.00,0.00,404.98,ELEARN
1206,LEAD-001,Leadership & Management,2024-09-04,COMP,20.00,91.85,1414.83,COURSE
1206,AZURE-001,Microsoft Azure Fundamentals,2024-06-29,COMP,28.00,85.04,1379.47,ELEARN
1206,AWS-001,AWS Cloud Practitioner,2024-05-07,COMP,30.00,98.37,1788.35,ELEARN
1207,GDPR-001,RGPD & Protection des Données,2018-11-09,COMP,2.00,70.03,206.71,COMPLIANCE
1207,HEALTH-001,Santé & Sécurité au Travail,2018-11-27,COMP,4.00,83.03,244.53,COMPLIANCE
1207,FIRE-001,Sécurité & Évacuation Incendie,2018-11-19,COMP,1.00,71.88,91.10,COMPLIANCE
1207,DEI-001,Égalité Femmes-Hommes,2018-12-18,COMP,3.00,99.39,175.94,COMPLIANCE
1207,FRAUD-001,Prévention Fraude & Corruption,2018-11-07,COMP,2.00,72.25,155.05,COMPLIANCE
1207,ETHICS-001,Code de Déontologie Novaryn Tech,2018-12-17,COMP,1.50,88.36,127.77,COMPLIANCE
1207,SCRUM-001,Scrum Fundamentals,2023-11-13,COMP,12.00,62.24,626.69,ELEARN
1207,LEAD-001,Leadership & Management,2020-10-11,COMP,20.00,85.19,1307.92,COURSE
1208,GDPR-001,RGPD & Protection des Données,2023-04-23,COMP,2.00,79.64,198.13,COMPLIANCE
1208,HEALTH-001,Santé & Sécurité au Travail,2023-04-25,COMP,4.00,75.32,256.48,COMPLIANCE
1208,FIRE-001,Sécurité & Évacuation Incendie,2023-03-19,COMP,1.00,96.16,108.99,COMPLIANCE
1208,DEI-001,Égalité Femmes-Hommes,2023-04-17,COMP,3.00,82.33,167.17,COMPLIANCE
1208,FRAUD-001,Prévention Fraude & Corruption,2023-04-22,COMP,2.00,81.05,154.13,COMPLIANCE
1208,ETHICS-001,Code de Déontologie Novaryn Tech,2023-03-24,COMP,1.50,70.50,119.89,COMPLIANCE
1208,PM-001,Product Management Essentials,2026-06-04,ENR,20.00,0.00,1338.76,COURSE
1208,AZURE-001,Microsoft Azure Fundamentals,2026-05-30,ENR,28.00,0.00,1682.27,ELEARN
1208,REACT-001,React & TypeScript Masterclass,2023-07-01,COMP,36.00,73.78,1219.97,ELEARN
1208,PYTHON-001,Python for Data Science,2023-08-15,COMP,24.00,94.90,1067.50,ELEARN
1208,SCRUM-001,Scrum Fundamentals,2026-05-27,ENR,12.00,0.00,676.16,ELEARN
1209,GDPR-001,RGPD & Protection des Données,2025-02-22,COMP,2.00,86.96,217.30,COMPLIANCE
1209,HEALTH-001,Santé & Sécurité au Travail,2025-02-16,COMP,4.00,93.07,238.18,COMPLIANCE
1209,FIRE-001,Sécurité & Évacuation Incendie,2025-03-09,COMP,1.00,98.10,103.49,COMPLIANCE
1209,DEI-001,Égalité Femmes-Hommes,2025-02-28,COMP,3.00,72.01,169.03,COMPLIANCE
1209,FRAUD-001,Prévention Fraude & Corruption,2025-02-24,COMP,2.00,83.62,137.68,COMPLIANCE
1209,ETHICS-001,Code de Déontologie Novaryn Tech,2025-02-20,COMP,1.50,98.63,115.54,COMPLIANCE
1209,AWS-001,AWS Cloud Practitioner,2025-08-08,COMP,30.00,81.79,1572.74,ELEARN
1209,SQL-001,Advanced SQL for Analytics,2025-06-23,COMP,16.00,93.98,895.79,ELEARN
1209,REACT-001,React & TypeScript Masterclass,2025-12-11,COMP,36.00,64.07,1237.05,ELEARN
1211,GDPR-001,RGPD & Protection des Données,2025-09-12,COMP,2.00,81.39,188.75,COMPLIANCE
1211,HEALTH-001,Santé & Sécurité au Travail,2025-10-09,COMP,4.00,77.14,250.66,COMPLIANCE
1211,FIRE-001,Sécurité & Évacuation Incendie,2025-10-24,COMP,1.00,79.53,99.35,COMPLIANCE
1211,DEI-001,Égalité Femmes-Hommes,2025-10-16,COMP,3.00,87.20,174.42,COMPLIANCE
1211,FRAUD-001,Prévention Fraude & Corruption,2025-09-19,COMP,2.00,75.71,148.42,COMPLIANCE
1211,ETHICS-001,Code de Déontologie Novaryn Tech,2025-10-24,COMP,1.50,86.36,115.37,COMPLIANCE
1211,COMM-001,Communication & Public Speaking,2026-05-19,ENR,8.00,0.00,345.73,OJT
1211,PYTHON-001,Python for Data Science,2026-05-15,ENR,24.00,0.00,1003.08,ELEARN
1212,GDPR-001,RGPD & Protection des Données,2013-01-06,COMP,2.00,72.84,191.02,COMPLIANCE
1212,HEALTH-001,Santé & Sécurité au Travail,2012-11-18,COMP,4.00,77.10,235.24,COMPLIANCE
1212,FIRE-001,Sécurité & Évacuation Incendie,2012-12-01,COMP,1.00,94.96,97.97,COMPLIANCE
1212,DEI-001,Égalité Femmes-Hommes,2012-12-19,COMP,3.00,73.25,167.10,COMPLIANCE
1212,FRAUD-001,Prévention Fraude & Corruption,2012-12-14,COMP,2.00,92.23,149.99,COMPLIANCE
1212,ETHICS-001,Code de Déontologie Novaryn Tech,2012-12-17,COMP,1.50,75.11,112.48,COMPLIANCE
1212,PYTHON-001,Python for Data Science,2024-09-17,COMP,24.00,79.66,1096.19,ELEARN
1212,SAFE-001,SAFe Agile Practitioner,2021-10-05,COMP,16.00,67.30,1453.87,COURSE
1213,GDPR-001,RGPD & Protection des Données,2019-10-30,COMP,2.00,85.58,218.95,COMPLIANCE
1213,HEALTH-001,Santé & Sécurité au Travail,2019-10-24,COMP,4.00,87.18,242.01,COMPLIANCE
1213,FIRE-001,Sécurité & Évacuation Incendie,2019-12-06,COMP,1.00,84.74,104.62,COMPLIANCE
1213,DEI-001,Égalité Femmes-Hommes,2019-11-21,COMP,3.00,83.14,189.28,COMPLIANCE
1213,FRAUD-001,Prévention Fraude & Corruption,2019-12-05,COMP,2.00,76.95,159.68,COMPLIANCE
1213,ETHICS-001,Code de Déontologie Novaryn Tech,2019-10-29,COMP,1.50,96.30,128.35,COMPLIANCE
1213,ML-001,Machine Learning Fundamentals,2024-12-30,COMP,40.00,73.54,1634.76,ELEARN
1213,SAFE-001,SAFe Agile Practitioner,2021-11-05,COMP,16.00,89.55,1396.99,COURSE
1213,SQL-001,Advanced SQL for Analytics,2026-06-16,ENR,16.00,0.00,852.60,ELEARN
1214,GDPR-001,RGPD & Protection des Données,2023-06-14,COMP,2.00,82.08,217.08,COMPLIANCE
1214,HEALTH-001,Santé & Sécurité au Travail,2023-05-25,COMP,4.00,83.61,260.01,COMPLIANCE
1214,FIRE-001,Sécurité & Évacuation Incendie,2023-06-12,COMP,1.00,95.83,99.93,COMPLIANCE
1214,DEI-001,Égalité Femmes-Hommes,2023-06-12,COMP,3.00,85.55,191.07,COMPLIANCE
1214,FRAUD-001,Prévention Fraude & Corruption,2023-07-07,COMP,2.00,70.46,157.94,COMPLIANCE
1214,ETHICS-001,Code de Déontologie Novaryn Tech,2023-06-11,COMP,1.50,86.22,110.02,COMPLIANCE
1214,PYTHON-001,Python for Data Science,2024-12-31,COMP,24.00,86.96,875.86,ELEARN
1214,AWS-001,AWS Cloud Practitioner,2024-03-25,COMP,30.00,94.94,1727.66,ELEARN
1214,SAFE-001,SAFe Agile Practitioner,2026-06-16,ENR,16.00,0.00,1605.33,COURSE
1215,GDPR-001,RGPD & Protection des Données,2019-07-26,COMP,2.00,90.60,196.20,COMPLIANCE
1215,HEALTH-001,Santé & Sécurité au Travail,2019-07-29,COMP,4.00,91.97,251.14,COMPLIANCE
1215,FIRE-001,Sécurité & Évacuation Incendie,2019-09-07,COMP,1.00,98.11,91.46,COMPLIANCE
1215,DEI-001,Égalité Femmes-Hommes,2019-08-25,COMP,3.00,74.16,182.44,COMPLIANCE
1215,FRAUD-001,Prévention Fraude & Corruption,2019-08-18,COMP,2.00,92.65,163.65,COMPLIANCE
1215,ETHICS-001,Code de Déontologie Novaryn Tech,2019-08-24,COMP,1.50,87.72,126.54,COMPLIANCE
1215,AWS-001,AWS Cloud Practitioner,2022-05-11,COMP,30.00,91.33,1998.76,ELEARN
1215,REACT-001,React & TypeScript Masterclass,2021-03-25,FAIL,36.00,42.41,1350.69,ELEARN
1215,PM-001,Product Management Essentials,2026-04-12,ENR,20.00,0.00,1362.50,COURSE
1215,SAFE-001,SAFe Agile Practitioner,2024-08-05,COMP,16.00,69.19,1543.54,COURSE
1216,GDPR-001,RGPD & Protection des Données,2021-05-31,COMP,2.00,99.25,203.93,COMPLIANCE
1216,HEALTH-001,Santé & Sécurité au Travail,2021-06-17,COMP,4.00,77.52,273.45,COMPLIANCE
1216,FIRE-001,Sécurité & Évacuation Incendie,2021-06-14,COMP,1.00,73.90,107.65,COMPLIANCE
1216,DEI-001,Égalité Femmes-Hommes,2021-05-25,COMP,3.00,95.38,183.95,COMPLIANCE
1216,FRAUD-001,Prévention Fraude & Corruption,2021-06-08,COMP,2.00,88.89,154.42,COMPLIANCE
1216,ETHICS-001,Code de Déontologie Novaryn Tech,2021-05-22,COMP,1.50,80.40,123.03,COMPLIANCE
1216,EXCEL-001,Excel Avancé & Reporting,2023-09-12,COMP,8.00,67.16,447.42,ELEARN
1216,SCRUM-001,Scrum Fundamentals,2023-01-19,COMP,12.00,75.62,545.28,ELEARN
1216,SAFE-001,SAFe Agile Practitioner,2026-07-01,ENR,16.00,0.00,1268.44,COURSE
1216,K8S-001,Kubernetes Fundamentals,2021-10-14,FAIL,24.00,48.59,1060.55,ELEARN
1216,LEAD-001,Leadership & Management,2022-09-08,COMP,20.00,84.56,1598.73,COURSE
1217,GDPR-001,RGPD & Protection des Données,2024-10-13,COMP,2.00,99.20,199.80,COMPLIANCE
1217,HEALTH-001,Santé & Sécurité au Travail,2024-10-05,COMP,4.00,84.77,252.10,COMPLIANCE
1217,FIRE-001,Sécurité & Évacuation Incendie,2024-10-10,COMP,1.00,87.24,98.73,COMPLIANCE
1217,DEI-001,Égalité Femmes-Hommes,2024-10-02,COMP,3.00,91.56,167.54,COMPLIANCE
1217,FRAUD-001,Prévention Fraude & Corruption,2024-10-24,COMP,2.00,73.88,150.48,COMPLIANCE
1217,ETHICS-001,Code de Déontologie Novaryn Tech,2024-09-13,COMP,1.50,84.82,125.99,COMPLIANCE
1217,SAFE-001,SAFe Agile Practitioner,2024-12-04,COMP,16.00,87.29,1522.81,COURSE
1217,ML-001,Machine Learning Fundamentals,2025-08-28,COMP,40.00,87.82,1783.85,ELEARN
1217,SCRUM-001,Scrum Fundamentals,2025-05-26,COMP,12.00,94.71,646.00,ELEARN
1217,REACT-001,React & TypeScript Masterclass,2025-08-01,COMP,36.00,89.11,1139.48,ELEARN
1218,GDPR-001,RGPD & Protection des Données,2016-07-04,COMP,2.00,87.08,181.23,COMPLIANCE
1218,HEALTH-001,Santé & Sécurité au Travail,2016-06-12,COMP,4.00,75.04,269.99,COMPLIANCE
1218,FIRE-001,Sécurité & Évacuation Incendie,2016-06-16,COMP,1.00,93.35,96.85,COMPLIANCE
1218,DEI-001,Égalité Femmes-Hommes,2016-06-28,COMP,3.00,78.05,168.57,COMPLIANCE
1218,FRAUD-001,Prévention Fraude & Corruption,2016-07-08,COMP,2.00,81.80,152.81,COMPLIANCE
1218,ETHICS-001,Code de Déontologie Novaryn Tech,2016-06-17,COMP,1.50,74.21,127.84,COMPLIANCE
1218,PYTHON-001,Python for Data Science,2020-02-19,COMP,24.00,89.57,1104.02,ELEARN
1218,SAFE-001,SAFe Agile Practitioner,2026-05-06,ENR,16.00,0.00,1553.84,COURSE
1218,AWS-001,AWS Cloud Practitioner,2022-04-04,COMP,30.00,98.42,2028.84,ELEARN
1218,EXCEL-001,Excel Avancé & Reporting,2020-06-11,FAIL,8.00,46.46,359.73,ELEARN
1219,GDPR-001,RGPD & Protection des Données,2016-10-01,COMP,2.00,90.53,216.64,COMPLIANCE
1219,HEALTH-001,Santé & Sécurité au Travail,2016-10-07,COMP,4.00,85.99,241.89,COMPLIANCE
1219,FIRE-001,Sécurité & Évacuation Incendie,2016-10-26,COMP,1.00,75.34,108.90,COMPLIANCE
1219,DEI-001,Égalité Femmes-Hommes,2016-10-20,COMP,3.00,75.03,182.72,COMPLIANCE
1219,FRAUD-001,Prévention Fraude & Corruption,2016-10-21,COMP,2.00,98.38,141.65,COMPLIANCE
1219,ETHICS-001,Code de Déontologie Novaryn Tech,2016-11-09,COMP,1.50,76.67,120.71,COMPLIANCE
1219,LEAD-001,Leadership & Management,2021-01-28,COMP,20.00,75.65,1439.61,COURSE
1219,AWS-001,AWS Cloud Practitioner,2023-07-31,FAIL,30.00,49.30,1671.94,ELEARN
1219,ML-001,Machine Learning Fundamentals,2024-06-22,COMP,40.00,94.00,1515.70,ELEARN
1219,EXCEL-001,Excel Avancé & Reporting,2020-12-19,COMP,8.00,90.24,432.76,ELEARN
1220,GDPR-001,RGPD & Protection des Données,2016-02-20,COMP,2.00,94.75,188.97,COMPLIANCE
1220,HEALTH-001,Santé & Sécurité au Travail,2016-02-14,COMP,4.00,79.20,256.16,COMPLIANCE
1220,FIRE-001,Sécurité & Évacuation Incendie,2016-03-16,COMP,1.00,96.82,106.49,COMPLIANCE
1220,DEI-001,Égalité Femmes-Hommes,2016-02-06,COMP,3.00,97.79,166.08,COMPLIANCE
1220,FRAUD-001,Prévention Fraude & Corruption,2016-03-03,COMP,2.00,87.97,139.94,COMPLIANCE
1220,ETHICS-001,Code de Déontologie Novaryn Tech,2016-02-14,COMP,1.50,85.65,124.91,COMPLIANCE
1220,AZURE-001,Microsoft Azure Fundamentals,2026-05-04,ENR,28.00,0.00,1549.37,ELEARN
1220,SCRUM-001,Scrum Fundamentals,2024-01-19,COMP,12.00,71.75,529.35,ELEARN
1220,LEAD-001,Leadership & Management,2026-05-03,ENR,20.00,0.00,1323.25,COURSE
1221,GDPR-001,RGPD & Protection des Données,2013-06-18,COMP,2.00,75.21,204.78,COMPLIANCE
1221,HEALTH-001,Santé & Sécurité au Travail,2013-05-16,COMP,4.00,94.53,248.79,COMPLIANCE
1221,FIRE-001,Sécurité & Évacuation Incendie,2013-06-05,COMP,1.00,72.92,105.98,COMPLIANCE
1221,DEI-001,Égalité Femmes-Hommes,2013-05-31,COMP,3.00,95.55,163.65,COMPLIANCE
1221,FRAUD-001,Prévention Fraude & Corruption,2013-06-11,COMP,2.00,77.97,160.40,COMPLIANCE
1221,ETHICS-001,Code de Déontologie Novaryn Tech,2013-06-16,COMP,1.50,95.93,127.26,COMPLIANCE
1221,EXCEL-001,Excel Avancé & Reporting,2023-01-29,COMP,8.00,75.32,403.51,ELEARN
1221,LEAD-001,Leadership & Management,2024-05-13,FAIL,20.00,53.23,1510.67,COURSE
1221,SCRUM-001,Scrum Fundamentals,2025-01-18,COMP,12.00,84.20,660.28,ELEARN
1221,SQL-001,Advanced SQL for Analytics,2026-04-08,ENR,16.00,0.00,745.20,ELEARN
1222,GDPR-001,RGPD & Protection des Données,2016-08-30,COMP,2.00,77.05,200.57,COMPLIANCE
1222,HEALTH-001,Santé & Sécurité au Travail,2016-09-26,COMP,4.00,95.69,242.42,COMPLIANCE
1222,FIRE-001,Sécurité & Évacuation Incendie,2016-09-01,COMP,1.00,96.71,108.70,COMPLIANCE
1222,DEI-001,Égalité Femmes-Hommes,2016-09-26,COMP,3.00,94.27,191.14,COMPLIANCE
1222,FRAUD-001,Prévention Fraude & Corruption,2016-09-18,COMP,2.00,82.48,163.67,COMPLIANCE
1222,ETHICS-001,Code de Déontologie Novaryn Tech,2016-10-10,COMP,1.50,87.51,117.97,COMPLIANCE
1222,ML-001,Machine Learning Fundamentals,2023-11-05,COMP,40.00,88.24,1604.90,ELEARN
1222,K8S-001,Kubernetes Fundamentals,2024-04-14,FAIL,24.00,56.97,1027.27,ELEARN
1222,AZURE-001,Microsoft Azure Fundamentals,2021-11-19,COMP,28.00,89.32,1562.54,ELEARN
1222,SAFE-001,SAFe Agile Practitioner,2025-03-26,COMP,16.00,94.67,1520.80,COURSE
1222,PYTHON-001,Python for Data Science,2026-05-14,ENR,24.00,0.00,903.33,ELEARN
1223,GDPR-001,RGPD & Protection des Données,2021-03-25,COMP,2.00,79.14,204.58,COMPLIANCE
1223,HEALTH-001,Santé & Sécurité au Travail,2021-03-24,COMP,4.00,99.03,265.62,COMPLIANCE
1223,FIRE-001,Sécurité & Évacuation Incendie,2021-04-13,COMP,1.00,99.56,90.51,COMPLIANCE
1223,DEI-001,Égalité Femmes-Hommes,2021-03-17,COMP,3.00,96.47,163.54,COMPLIANCE
1223,FRAUD-001,Prévention Fraude & Corruption,2021-05-07,COMP,2.00,79.21,154.17,COMPLIANCE
1223,ETHICS-001,Code de Déontologie Novaryn Tech,2021-04-23,COMP,1.50,89.42,113.57,COMPLIANCE
1223,PYTHON-001,Python for Data Science,2026-05-18,ENR,24.00,0.00,870.77,ELEARN
1223,SAFE-001,SAFe Agile Practitioner,2024-01-01,COMP,16.00,73.60,1204.19,COURSE
1223,LEAD-001,Leadership & Management,2025-05-01,COMP,20.00,85.32,1525.00,COURSE
1224,GDPR-001,RGPD & Protection des Données,2014-08-13,COMP,2.00,90.46,191.36,COMPLIANCE
1224,HEALTH-001,Santé & Sécurité au Travail,2014-08-20,COMP,4.00,95.53,251.24,COMPLIANCE
1224,FIRE-001,Sécurité & Évacuation Incendie,2014-08-26,COMP,1.00,81.57,102.40,COMPLIANCE
1224,DEI-001,Égalité Femmes-Hommes,2014-09-16,COMP,3.00,84.72,179.99,COMPLIANCE
1224,FRAUD-001,Prévention Fraude & Corruption,2014-09-15,COMP,2.00,99.71,141.66,COMPLIANCE
1224,ETHICS-001,Code de Déontologie Novaryn Tech,2014-08-30,COMP,1.50,96.97,126.93,COMPLIANCE
1224,SAFE-001,SAFe Agile Practitioner,2025-06-21,COMP,16.00,93.84,1603.61,COURSE
1224,REACT-001,React & TypeScript Masterclass,2026-05-25,ENR,36.00,0.00,1123.65,ELEARN
1224,PYTHON-001,Python for Data Science,2020-07-07,FAIL,24.00,41.32,915.53,ELEARN
1224,SCRUM-001,Scrum Fundamentals,2026-07-07,ENR,12.00,0.00,607.81,ELEARN
1225,GDPR-001,RGPD & Protection des Données,2023-12-20,COMP,2.00,73.18,185.35,COMPLIANCE
1225,HEALTH-001,Santé & Sécurité au Travail,2023-12-21,COMP,4.00,71.89,235.01,COMPLIANCE
1225,FIRE-001,Sécurité & Évacuation Incendie,2023-11-07,COMP,1.00,96.36,102.90,COMPLIANCE
1225,DEI-001,Égalité Femmes-Hommes,2023-12-08,COMP,3.00,79.15,165.33,COMPLIANCE
1225,FRAUD-001,Prévention Fraude & Corruption,2023-11-22,COMP,2.00,92.15,161.56,COMPLIANCE
1225,ETHICS-001,Code de Déontologie Novaryn Tech,2023-12-01,COMP,1.50,77.34,114.30,COMPLIANCE
1225,AWS-001,AWS Cloud Practitioner,2025-11-08,COMP,30.00,60.97,1619.13,ELEARN
1225,COMM-001,Communication & Public Speaking,2024-11-26,COMP,8.00,80.75,350.45,OJT
1225,ML-001,Machine Learning Fundamentals,2024-12-16,COMP,40.00,91.48,1791.93,ELEARN
1226,GDPR-001,RGPD & Protection des Données,2015-09-28,COMP,2.00,83.93,190.41,COMPLIANCE
1226,HEALTH-001,Santé & Sécurité au Travail,2015-09-21,COMP,4.00,86.86,238.28,COMPLIANCE
1226,FIRE-001,Sécurité & Évacuation Incendie,2015-09-06,COMP,1.00,81.37,107.25,COMPLIANCE
1226,DEI-001,Égalité Femmes-Hommes,2015-08-31,COMP,3.00,79.76,184.27,COMPLIANCE
1226,FRAUD-001,Prévention Fraude & Corruption,2015-09-30,COMP,2.00,94.50,160.65,COMPLIANCE
1226,ETHICS-001,Code de Déontologie Novaryn Tech,2015-10-15,COMP,1.50,83.61,129.59,COMPLIANCE
1226,COMM-001,Communication & Public Speaking,2025-11-01,COMP,8.00,94.76,426.19,OJT
1226,LEAD-001,Leadership & Management,2020-12-01,FAIL,20.00,52.26,1354.00,COURSE
1226,REACT-001,React & TypeScript Masterclass,2024-03-03,COMP,36.00,68.60,1179.44,ELEARN
1228,GDPR-001,RGPD & Protection des Données,2020-01-26,COMP,2.00,91.85,217.03,COMPLIANCE
1228,HEALTH-001,Santé & Sécurité au Travail,2020-01-22,COMP,4.00,87.48,234.31,COMPLIANCE
1228,FIRE-001,Sécurité & Évacuation Incendie,2020-02-03,COMP,1.00,97.78,96.52,COMPLIANCE
1228,DEI-001,Égalité Femmes-Hommes,2019-12-23,COMP,3.00,74.66,196.39,COMPLIANCE
1228,FRAUD-001,Prévention Fraude & Corruption,2020-01-20,COMP,2.00,76.42,147.36,COMPLIANCE
1228,ETHICS-001,Code de Déontologie Novaryn Tech,2019-12-22,COMP,1.50,98.66,125.59,COMPLIANCE
1228,SAFE-001,SAFe Agile Practitioner,2023-12-12,COMP,16.00,82.03,1289.31,COURSE
1228,PM-001,Product Management Essentials,2020-10-18,COMP,20.00,86.13,1272.89,COURSE
1228,LEAD-001,Leadership & Management,2020-11-10,COMP,20.00,83.10,1677.53,COURSE
1228,AZURE-001,Microsoft Azure Fundamentals,2022-11-29,COMP,28.00,82.24,1507.87,ELEARN
1229,GDPR-001,RGPD & Protection des Données,2015-08-11,COMP,2.00,73.66,208.99,COMPLIANCE
1229,HEALTH-001,Santé & Sécurité au Travail,2015-08-14,COMP,4.00,92.11,269.13,COMPLIANCE
1229,FIRE-001,Sécurité & Évacuation Incendie,2015-07-30,COMP,1.00,74.85,97.86,COMPLIANCE
1229,DEI-001,Égalité Femmes-Hommes,2015-07-31,COMP,3.00,98.26,182.56,COMPLIANCE
1229,FRAUD-001,Prévention Fraude & Corruption,2015-08-01,COMP,2.00,95.96,152.33,COMPLIANCE
1229,ETHICS-001,Code de Déontologie Novaryn Tech,2015-09-03,COMP,1.50,84.94,125.17,COMPLIANCE
1229,PYTHON-001,Python for Data Science,2025-03-04,COMP,24.00,93.92,1024.68,ELEARN
1229,K8S-001,Kubernetes Fundamentals,2021-04-05,COMP,24.00,82.84,1080.25,ELEARN
1230,GDPR-001,RGPD & Protection des Données,2025-02-21,COMP,2.00,71.66,189.86,COMPLIANCE
1230,HEALTH-001,Santé & Sécurité au Travail,2025-03-21,COMP,4.00,84.06,251.35,COMPLIANCE
1230,FIRE-001,Sécurité & Évacuation Incendie,2025-03-14,COMP,1.00,91.56,94.28,COMPLIANCE
1230,DEI-001,Égalité Femmes-Hommes,2025-03-28,COMP,3.00,96.86,173.77,COMPLIANCE
1230,FRAUD-001,Prévention Fraude & Corruption,2025-03-20,COMP,2.00,98.54,163.37,COMPLIANCE
1230,ETHICS-001,Code de Déontologie Novaryn Tech,2025-03-16,COMP,1.50,77.29,111.58,COMPLIANCE
1230,PYTHON-001,Python for Data Science,2025-05-30,COMP,24.00,91.62,1108.89,ELEARN
1230,SQL-001,Advanced SQL for Analytics,2025-06-23,COMP,16.00,66.93,892.01,ELEARN
1231,GDPR-001,RGPD & Protection des Données,2012-05-24,COMP,2.00,92.83,199.56,COMPLIANCE
1231,HEALTH-001,Santé & Sécurité au Travail,2012-06-28,COMP,4.00,98.19,269.24,COMPLIANCE
1231,FIRE-001,Sécurité & Évacuation Incendie,2012-06-10,COMP,1.00,85.10,107.27,COMPLIANCE
1231,DEI-001,Égalité Femmes-Hommes,2012-06-05,COMP,3.00,80.48,169.58,COMPLIANCE
1231,FRAUD-001,Prévention Fraude & Corruption,2012-06-24,COMP,2.00,91.66,161.36,COMPLIANCE
1231,ETHICS-001,Code de Déontologie Novaryn Tech,2012-06-19,COMP,1.50,85.43,112.43,COMPLIANCE
1231,SCRUM-001,Scrum Fundamentals,2022-05-04,FAIL,12.00,44.49,579.81,ELEARN
1231,EXCEL-001,Excel Avancé & Reporting,2025-04-23,COMP,8.00,82.91,435.31,ELEARN
1231,AWS-001,AWS Cloud Practitioner,2025-05-20,COMP,30.00,78.41,1717.32,ELEARN
1231,COMM-001,Communication & Public Speaking,2026-05-04,ENR,8.00,0.00,444.64,OJT
1231,AZURE-001,Microsoft Azure Fundamentals,2024-08-30,COMP,28.00,97.14,1404.91,ELEARN
1232,GDPR-001,RGPD & Protection des Données,2012-04-02,COMP,2.00,74.48,203.09,COMPLIANCE
1232,HEALTH-001,Santé & Sécurité au Travail,2012-04-02,COMP,4.00,97.81,272.09,COMPLIANCE
1232,FIRE-001,Sécurité & Évacuation Incendie,2012-03-31,COMP,1.00,80.45,90.48,COMPLIANCE
1232,DEI-001,Égalité Femmes-Hommes,2012-03-03,COMP,3.00,75.97,171.98,COMPLIANCE
1232,FRAUD-001,Prévention Fraude & Corruption,2012-03-31,COMP,2.00,85.34,136.70,COMPLIANCE
1232,ETHICS-001,Code de Déontologie Novaryn Tech,2012-04-05,COMP,1.50,75.89,108.12,COMPLIANCE
1232,K8S-001,Kubernetes Fundamentals,2022-10-07,COMP,24.00,98.70,982.91,ELEARN
1232,LEAD-001,Leadership & Management,2023-03-29,COMP,20.00,66.04,1343.30,COURSE
1232,AWS-001,AWS Cloud Practitioner,2025-01-30,COMP,30.00,64.72,1900.86,ELEARN
1232,PM-001,Product Management Essentials,2026-06-05,ENR,20.00,0.00,1167.64,COURSE
1232,EXCEL-001,Excel Avancé & Reporting,2026-04-25,ENR,8.00,0.00,346.42,ELEARN
1233,GDPR-001,RGPD & Protection des Données,2024-12-09,COMP,2.00,93.14,206.94,COMPLIANCE
1233,HEALTH-001,Santé & Sécurité au Travail,2024-11-08,COMP,4.00,73.38,245.13,COMPLIANCE
1233,FIRE-001,Sécurité & Évacuation Incendie,2024-11-09,COMP,1.00,97.40,90.84,COMPLIANCE
1233,DEI-001,Égalité Femmes-Hommes,2024-12-10,COMP,3.00,91.65,178.07,COMPLIANCE
1233,FRAUD-001,Prévention Fraude & Corruption,2024-12-17,COMP,2.00,80.29,157.28,COMPLIANCE
1233,ETHICS-001,Code de Déontologie Novaryn Tech,2024-12-04,COMP,1.50,92.80,130.38,COMPLIANCE
1233,PM-001,Product Management Essentials,2025-07-18,COMP,20.00,82.88,1175.32,COURSE
1233,COMM-001,Communication & Public Speaking,2025-08-07,COMP,8.00,81.45,419.24,OJT
1233,AWS-001,AWS Cloud Practitioner,2025-09-15,COMP,30.00,95.07,1968.08,ELEARN
1234,GDPR-001,RGPD & Protection des Données,2021-04-23,COMP,2.00,85.63,185.99,COMPLIANCE
1234,HEALTH-001,Santé & Sécurité au Travail,2021-04-24,COMP,4.00,78.46,230.02,COMPLIANCE
1234,FIRE-001,Sécurité & Évacuation Incendie,2021-03-23,COMP,1.00,70.68,101.17,COMPLIANCE
1234,DEI-001,Égalité Femmes-Hommes,2021-03-30,COMP,3.00,88.76,167.06,COMPLIANCE
1234,FRAUD-001,Prévention Fraude & Corruption,2021-03-26,COMP,2.00,95.80,152.29,COMPLIANCE
1234,ETHICS-001,Code de Déontologie Novaryn Tech,2021-03-25,COMP,1.50,99.46,111.60,COMPLIANCE
1234,REACT-001,React & TypeScript Masterclass,2025-01-22,COMP,36.00,93.87,1378.04,ELEARN
1234,PYTHON-001,Python for Data Science,2022-03-31,COMP,24.00,75.22,1087.29,ELEARN
1234,SCRUM-001,Scrum Fundamentals,2026-06-30,ENR,12.00,0.00,510.22,ELEARN
1234,PM-001,Product Management Essentials,2023-03-26,FAIL,20.00,53.60,1224.79,COURSE
1235,GDPR-001,RGPD & Protection des Données,2015-10-24,COMP,2.00,73.85,207.78,COMPLIANCE
1235,HEALTH-001,Santé & Sécurité au Travail,2015-11-02,COMP,4.00,94.70,263.82,COMPLIANCE
1235,FIRE-001,Sécurité & Évacuation Incendie,2015-10-16,COMP,1.00,99.07,92.37,COMPLIANCE
1235,DEI-001,Égalité Femmes-Hommes,2015-10-19,COMP,3.00,75.72,195.67,COMPLIANCE
1235,FRAUD-001,Prévention Fraude & Corruption,2015-11-06,COMP,2.00,79.80,146.00,COMPLIANCE
1235,ETHICS-001,Code de Déontologie Novaryn Tech,2015-10-21,COMP,1.50,92.88,111.13,COMPLIANCE
1235,AZURE-001,Microsoft Azure Fundamentals,2023-08-29,FAIL,28.00,54.79,1372.31,ELEARN
1235,LEAD-001,Leadership & Management,2023-11-03,FAIL,20.00,57.67,1465.11,COURSE
1236,GDPR-001,RGPD & Protection des Données,2020-05-05,COMP,2.00,88.43,199.17,COMPLIANCE
1236,HEALTH-001,Santé & Sécurité au Travail,2020-05-17,COMP,4.00,84.85,228.02,COMPLIANCE
1236,FIRE-001,Sécurité & Évacuation Incendie,2020-05-20,COMP,1.00,88.58,98.86,COMPLIANCE
1236,DEI-001,Égalité Femmes-Hommes,2020-05-28,COMP,3.00,98.92,177.52,COMPLIANCE
1236,FRAUD-001,Prévention Fraude & Corruption,2020-05-19,COMP,2.00,70.67,141.85,COMPLIANCE
1236,ETHICS-001,Code de Déontologie Novaryn Tech,2020-04-20,COMP,1.50,95.80,120.75,COMPLIANCE
1236,SQL-001,Advanced SQL for Analytics,2022-06-13,COMP,16.00,94.56,878.66,ELEARN
1236,EXCEL-001,Excel Avancé & Reporting,2024-01-10,COMP,8.00,85.68,366.62,ELEARN
1237,GDPR-001,RGPD & Protection des Données,2017-11-10,COMP,2.00,95.99,181.30,COMPLIANCE
1237,HEALTH-001,Santé & Sécurité au Travail,2017-09-29,COMP,4.00,73.74,255.81,COMPLIANCE
1237,FIRE-001,Sécurité & Évacuation Incendie,2017-10-21,COMP,1.00,98.70,101.29,COMPLIANCE
1237,DEI-001,Égalité Femmes-Hommes,2017-11-14,COMP,3.00,89.20,175.27,COMPLIANCE
1237,FRAUD-001,Prévention Fraude & Corruption,2017-11-15,COMP,2.00,79.25,136.95,COMPLIANCE
1237,ETHICS-001,Code de Déontologie Novaryn Tech,2017-10-24,COMP,1.50,87.70,126.68,COMPLIANCE
1237,SQL-001,Advanced SQL for Analytics,2022-11-19,FAIL,16.00,44.77,881.98,ELEARN
1237,AZURE-001,Microsoft Azure Fundamentals,2023-11-09,COMP,28.00,92.40,1581.64,ELEARN
1237,REACT-001,React & TypeScript Masterclass,2023-05-23,COMP,36.00,61.76,1041.38,ELEARN
1237,PYTHON-001,Python for Data Science,2023-07-16,COMP,24.00,91.34,886.79,ELEARN
1238,GDPR-001,RGPD & Protection des Données,2014-11-11,COMP,2.00,70.80,216.46,COMPLIANCE
1238,HEALTH-001,Santé & Sécurité au Travail,2014-12-18,COMP,4.00,82.38,236.49,COMPLIANCE
1238,FIRE-001,Sécurité & Évacuation Incendie,2014-11-26,COMP,1.00,81.96,105.27,COMPLIANCE
1238,DEI-001,Égalité Femmes-Hommes,2014-11-03,COMP,3.00,84.67,177.26,COMPLIANCE
1238,FRAUD-001,Prévention Fraude & Corruption,2014-10-31,COMP,2.00,86.33,150.51,COMPLIANCE
1238,ETHICS-001,Code de Déontologie Novaryn Tech,2014-12-19,COMP,1.50,91.80,116.79,COMPLIANCE
1238,PYTHON-001,Python for Data Science,2020-10-22,COMP,24.00,88.79,1142.26,ELEARN
1238,PM-001,Product Management Essentials,2026-06-06,ENR,20.00,0.00,1050.40,COURSE
1239,GDPR-001,RGPD & Protection des Données,2022-09-10,COMP,2.00,71.27,198.12,COMPLIANCE
1239,HEALTH-001,Santé & Sécurité au Travail,2022-08-24,COMP,4.00,71.62,260.63,COMPLIANCE
1239,FIRE-001,Sécurité & Évacuation Incendie,2022-08-30,COMP,1.00,72.39,90.96,COMPLIANCE
1239,DEI-001,Égalité Femmes-Hommes,2022-08-27,COMP,3.00,80.83,181.10,COMPLIANCE
1239,FRAUD-001,Prévention Fraude & Corruption,2022-08-26,COMP,2.00,84.76,140.98,COMPLIANCE
1239,ETHICS-001,Code de Déontologie Novaryn Tech,2022-09-03,COMP,1.50,75.25,124.90,COMPLIANCE
1239,SCRUM-001,Scrum Fundamentals,2024-08-23,COMP,12.00,73.96,664.69,ELEARN
1239,PM-001,Product Management Essentials,2024-02-28,COMP,20.00,77.87,1273.23,COURSE
1240,GDPR-001,RGPD & Protection des Données,2022-03-11,COMP,2.00,77.61,181.19,COMPLIANCE
1240,HEALTH-001,Santé & Sécurité au Travail,2022-02-08,COMP,4.00,86.84,241.69,COMPLIANCE
1240,FIRE-001,Sécurité & Évacuation Incendie,2022-03-15,COMP,1.00,94.11,105.54,COMPLIANCE
1240,DEI-001,Égalité Femmes-Hommes,2022-03-11,COMP,3.00,82.08,191.61,COMPLIANCE
1240,FRAUD-001,Prévention Fraude & Corruption,2022-03-01,COMP,2.00,97.66,160.15,COMPLIANCE
1240,ETHICS-001,Code de Déontologie Novaryn Tech,2022-02-26,COMP,1.50,83.10,111.57,COMPLIANCE
1240,PM-001,Product Management Essentials,2026-07-06,ENR,20.00,0.00,1327.35,COURSE
1240,LEAD-001,Leadership & Management,2023-05-25,COMP,20.00,62.30,1394.70,COURSE
1240,ML-001,Machine Learning Fundamentals,2023-11-27,COMP,40.00,64.01,1823.24,ELEARN
1240,AWS-001,AWS Cloud Practitioner,2022-12-18,COMP,30.00,61.00,1566.62,ELEARN
1241,GDPR-001,RGPD & Protection des Données,2012-07-01,COMP,2.00,71.52,203.54,COMPLIANCE
1241,HEALTH-001,Santé & Sécurité au Travail,2012-08-05,COMP,4.00,84.02,270.70,COMPLIANCE
1241,FIRE-001,Sécurité & Évacuation Incendie,2012-06-26,COMP,1.00,70.59,103.10,COMPLIANCE
1241,DEI-001,Égalité Femmes-Hommes,2012-07-31,COMP,3.00,77.08,189.66,COMPLIANCE
1241,FRAUD-001,Prévention Fraude & Corruption,2012-07-29,COMP,2.00,72.04,156.45,COMPLIANCE
1241,ETHICS-001,Code de Déontologie Novaryn Tech,2012-08-11,COMP,1.50,91.00,124.98,COMPLIANCE
1241,PM-001,Product Management Essentials,2025-11-03,COMP,20.00,88.31,1134.00,COURSE
1241,SCRUM-001,Scrum Fundamentals,2024-01-13,COMP,12.00,70.22,619.59,ELEARN
1241,SQL-001,Advanced SQL for Analytics,2020-07-27,COMP,16.00,83.59,835.18,ELEARN
1241,AWS-001,AWS Cloud Practitioner,2020-10-10,COMP,30.00,79.88,2022.79,ELEARN
1242,GDPR-001,RGPD & Protection des Données,2019-06-13,COMP,2.00,88.18,219.59,COMPLIANCE
1242,HEALTH-001,Santé & Sécurité au Travail,2019-06-03,COMP,4.00,76.71,228.26,COMPLIANCE
1242,FIRE-001,Sécurité & Évacuation Incendie,2019-05-23,COMP,1.00,87.71,103.70,COMPLIANCE
1242,DEI-001,Égalité Femmes-Hommes,2019-06-15,COMP,3.00,82.44,183.71,COMPLIANCE
1242,FRAUD-001,Prévention Fraude & Corruption,2019-06-10,COMP,2.00,78.78,147.33,COMPLIANCE
1242,ETHICS-001,Code de Déontologie Novaryn Tech,2019-05-18,COMP,1.50,98.66,111.56,COMPLIANCE
1242,AZURE-001,Microsoft Azure Fundamentals,2020-09-22,COMP,28.00,93.24,1725.85,ELEARN
1242,SCRUM-001,Scrum Fundamentals,2020-10-16,COMP,12.00,68.44,634.00,ELEARN
1242,K8S-001,Kubernetes Fundamentals,2023-09-03,COMP,24.00,83.64,1030.40,ELEARN
1242,SAFE-001,SAFe Agile Practitioner,2020-10-27,COMP,16.00,64.56,1446.43,COURSE
1242,EXCEL-001,Excel Avancé & Reporting,2026-04-16,ENR,8.00,0.00,425.38,ELEARN
1243,GDPR-001,RGPD & Protection des Données,2015-02-26,COMP,2.00,74.95,197.23,COMPLIANCE
1243,HEALTH-001,Santé & Sécurité au Travail,2015-03-24,COMP,4.00,74.19,235.72,COMPLIANCE
1243,FIRE-001,Sécurité & Évacuation Incendie,2015-02-13,COMP,1.00,85.47,106.40,COMPLIANCE
1243,DEI-001,Égalité Femmes-Hommes,2015-03-16,COMP,3.00,95.33,165.80,COMPLIANCE
1243,FRAUD-001,Prévention Fraude & Corruption,2015-03-08,COMP,2.00,71.65,139.75,COMPLIANCE
1243,ETHICS-001,Code de Déontologie Novaryn Tech,2015-03-24,COMP,1.50,89.78,123.14,COMPLIANCE
1243,LEAD-001,Leadership & Management,2021-02-08,COMP,20.00,88.07,1551.84,COURSE
1243,ML-001,Machine Learning Fundamentals,2024-09-24,COMP,40.00,80.18,1836.66,ELEARN
1243,EXCEL-001,Excel Avancé & Reporting,2020-07-05,COMP,8.00,96.03,447.69,ELEARN
1243,AWS-001,AWS Cloud Practitioner,2024-12-27,COMP,30.00,77.78,1542.10,ELEARN
1244,GDPR-001,RGPD & Protection des Données,2018-08-12,COMP,2.00,86.13,205.04,COMPLIANCE
1244,HEALTH-001,Santé & Sécurité au Travail,2018-07-08,COMP,4.00,97.83,250.41,COMPLIANCE
1244,FIRE-001,Sécurité & Évacuation Incendie,2018-08-11,COMP,1.00,94.61,91.41,COMPLIANCE
1244,DEI-001,Égalité Femmes-Hommes,2018-07-24,COMP,3.00,97.84,194.19,COMPLIANCE
1244,FRAUD-001,Prévention Fraude & Corruption,2018-07-09,COMP,2.00,86.05,139.82,COMPLIANCE
1244,ETHICS-001,Code de Déontologie Novaryn Tech,2018-06-27,COMP,1.50,83.54,129.12,COMPLIANCE
1244,ML-001,Machine Learning Fundamentals,2024-10-10,FAIL,40.00,58.48,1539.42,ELEARN
1244,EXCEL-001,Excel Avancé & Reporting,2024-10-11,FAIL,8.00,50.24,347.41,ELEARN
1244,AWS-001,AWS Cloud Practitioner,2022-10-21,COMP,30.00,81.60,1756.15,ELEARN
1244,PM-001,Product Management Essentials,2025-09-12,COMP,20.00,86.66,1318.37,COURSE
1245,GDPR-001,RGPD & Protection des Données,2019-10-14,COMP,2.00,95.26,195.21,COMPLIANCE
1245,HEALTH-001,Santé & Sécurité au Travail,2019-10-08,COMP,4.00,78.99,245.16,COMPLIANCE
1245,FIRE-001,Sécurité & Évacuation Incendie,2019-11-20,COMP,1.00,89.44,91.68,COMPLIANCE
1245,DEI-001,Égalité Femmes-Hommes,2019-10-13,COMP,3.00,85.33,179.99,COMPLIANCE
1245,FRAUD-001,Prévention Fraude & Corruption,2019-11-24,COMP,2.00,87.71,158.74,COMPLIANCE
1245,ETHICS-001,Code de Déontologie Novaryn Tech,2019-11-10,COMP,1.50,90.11,121.43,COMPLIANCE
1245,K8S-001,Kubernetes Fundamentals,2021-01-14,COMP,24.00,99.96,1241.97,ELEARN
1245,COMM-001,Communication & Public Speaking,2023-06-30,COMP,8.00,85.42,372.06,OJT
1245,REACT-001,React & TypeScript Masterclass,2023-01-03,COMP,36.00,69.17,1062.45,ELEARN
1246,GDPR-001,RGPD & Protection des Données,2025-02-08,COMP,2.00,72.65,203.24,COMPLIANCE
1246,HEALTH-001,Santé & Sécurité au Travail,2024-12-27,COMP,4.00,80.64,227.20,COMPLIANCE
1246,FIRE-001,Sécurité & Évacuation Incendie,2025-01-24,COMP,1.00,89.27,93.54,COMPLIANCE
1246,DEI-001,Égalité Femmes-Hommes,2025-01-07,COMP,3.00,90.23,191.11,COMPLIANCE
1246,FRAUD-001,Prévention Fraude & Corruption,2025-01-24,COMP,2.00,86.75,145.00,COMPLIANCE
1246,ETHICS-001,Code de Déontologie Novaryn Tech,2025-01-13,COMP,1.50,80.62,126.70,COMPLIANCE
1246,PM-001,Product Management Essentials,2025-11-26,COMP,20.00,61.81,1237.71,COURSE
1246,SAFE-001,SAFe Agile Practitioner,2025-12-29,COMP,16.00,85.59,1540.74,COURSE
1246,COMM-001,Communication & Public Speaking,2025-08-24,COMP,8.00,81.87,426.44,OJT
1246,REACT-001,React & TypeScript Masterclass,2025-12-18,FAIL,36.00,48.16,1115.63,ELEARN
1246,PYTHON-001,Python for Data Science,2025-04-01,COMP,24.00,66.07,983.18,ELEARN
1247,GDPR-001,RGPD & Protection des Données,2024-11-01,COMP,2.00,86.82,184.09,COMPLIANCE
1247,HEALTH-001,Santé & Sécurité au Travail,2024-11-01,COMP,4.00,74.79,271.67,COMPLIANCE
1247,FIRE-001,Sécurité & Évacuation Incendie,2024-11-29,COMP,1.00,92.80,106.51,COMPLIANCE
1247,DEI-001,Égalité Femmes-Hommes,2024-11-18,COMP,3.00,78.26,181.68,COMPLIANCE
1247,FRAUD-001,Prévention Fraude & Corruption,2024-10-23,COMP,2.00,85.08,152.22,COMPLIANCE
1247,ETHICS-001,Code de Déontologie Novaryn Tech,2024-12-12,COMP,1.50,93.36,114.38,COMPLIANCE
1247,ML-001,Machine Learning Fundamentals,2025-05-05,FAIL,40.00,42.61,1484.10,ELEARN
1247,COMM-001,Communication & Public Speaking,2025-09-04,COMP,8.00,99.62,430.35,OJT
1247,EXCEL-001,Excel Avancé & Reporting,2025-05-15,COMP,8.00,83.03,390.99,ELEARN
1247,AWS-001,AWS Cloud Practitioner,2025-05-30,COMP,30.00,62.54,1691.95,ELEARN
1247,SCRUM-001,Scrum Fundamentals,2025-02-23,COMP,12.00,93.19,615.57,ELEARN
1248,GDPR-001,RGPD & Protection des Données,2013-07-17,COMP,2.00,99.83,189.93,COMPLIANCE
1248,HEALTH-001,Santé & Sécurité au Travail,2013-07-11,COMP,4.00,92.66,254.98,COMPLIANCE
1248,FIRE-001,Sécurité & Évacuation Incendie,2013-07-21,COMP,1.00,74.90,106.41,COMPLIANCE
1248,DEI-001,Égalité Femmes-Hommes,2013-06-12,COMP,3.00,91.44,165.89,COMPLIANCE
1248,FRAUD-001,Prévention Fraude & Corruption,2013-06-12,COMP,2.00,84.25,147.23,COMPLIANCE
1248,ETHICS-001,Code de Déontologie Novaryn Tech,2013-05-30,COMP,1.50,80.25,131.54,COMPLIANCE
1248,AZURE-001,Microsoft Azure Fundamentals,2024-11-30,COMP,28.00,63.78,1519.58,ELEARN
1248,SQL-001,Advanced SQL for Analytics,2026-04-10,ENR,16.00,0.00,898.40,ELEARN
1249,GDPR-001,RGPD & Protection des Données,2024-10-28,COMP,2.00,97.19,191.14,COMPLIANCE
1249,HEALTH-001,Santé & Sécurité au Travail,2024-10-24,COMP,4.00,84.87,238.11,COMPLIANCE
1249,FIRE-001,Sécurité & Évacuation Incendie,2024-11-13,COMP,1.00,72.92,96.36,COMPLIANCE
1249,DEI-001,Égalité Femmes-Hommes,2024-10-07,COMP,3.00,96.19,187.09,COMPLIANCE
1249,FRAUD-001,Prévention Fraude & Corruption,2024-10-22,COMP,2.00,70.85,152.02,COMPLIANCE
1249,ETHICS-001,Code de Déontologie Novaryn Tech,2024-10-30,COMP,1.50,95.35,119.28,COMPLIANCE
1249,COMM-001,Communication & Public Speaking,2025-03-19,COMP,8.00,82.93,405.59,OJT
1249,LEAD-001,Leadership & Management,2025-02-25,COMP,20.00,81.64,1683.40,COURSE
1249,ML-001,Machine Learning Fundamentals,2025-09-08,COMP,40.00,76.03,1760.00,ELEARN
1249,PYTHON-001,Python for Data Science,2025-07-02,COMP,24.00,70.86,982.86,ELEARN
1249,AZURE-001,Microsoft Azure Fundamentals,2025-03-24,COMP,28.00,93.91,1410.20,ELEARN
