user_id,course_id,coursetitle,completiondate,status,credithours,grade,trainingcost,trainingtype
1001,GDPR-001,RGPD & Protection des Données,2024-09-10,COMP,2.0,94.18,207.11,COMPLIANCE
1001,HEALTH-001,Santé & Sécurité au Travail,2024-10-08,COMP,4.0,85.95,254.73,COMPLIANCE
1001,FIRE-001,Sécurité & Évacuation Incendie,2024-09-13,COMP,1.0,84.31,92.55,COMPLIANCE
1001,DEI-001,Égalité Femmes-Hommes,2024-08-19,COMP,3.0,90.6,187.68,COMPLIANCE
1001,FRAUD-001,Prévention Fraude & Corruption,2024-09-30,COMP,2.0,73.79,146.36,COMPLIANCE
1001,ETHICS-001,Code de Déontologie Novaryn Tech,2024-10-05,COMP,1.5,78.02,130.04,COMPLIANCE
1001,COMM-001,Communication & Public Speaking,2024-11-11,COMP,8.0,78.31,392.68,OJT
1001,AWS-001,AWS Cloud Practitioner,2024-12-20,COMP,30.0,78.75,1684.88,ELEARN
1001,SAFE-001,SAFe Agile Practitioner,2024-12-27,FAIL,16.0,49.89,1491.76,COURSE
1001,PM-001,Product Management Essentials,2024-11-20,FAIL,20.0,44.35,1248.83,COURSE
1002,GDPR-001,RGPD & Protection des Données,2015-10-30,COMP,2.0,98.42,196.26,COMPLIANCE
1002,HEALTH-001,Santé & Sécurité au Travail,2015-11-14,COMP,4.0,95.36,256.73,COMPLIANCE
1002,FIRE-001,Sécurité & Évacuation Incendie,2015-10-29,COMP,1.0,91.9,108.9,COMPLIANCE
1002,DEI-001,Égalité Femmes-Hommes,2015-11-04,COMP,3.0,87.26,165.05,COMPLIANCE
1002,FRAUD-001,Prévention Fraude & Corruption,2015-11-12,COMP,2.0,86.62,149.79,COMPLIANCE
1002,ETHICS-001,Code de Déontologie Novaryn Tech,2015-10-25,COMP,1.5,98.86,118.18,COMPLIANCE
1002,K8S-001,Kubernetes Fundamentals,2023-09-08,COMP,24.0,87.07,1110.7,ELEARN
1002,EXCEL-001,Excel Avancé & Reporting,2023-01-30,COMP,8.0,60.56,362.82,ELEARN
1002,ML-001,Machine Learning Fundamentals,2025-03-31,ENR,40.0,0.0,1702.8,ELEARN
1003,GDPR-001,RGPD & Protection des Données,2013-11-18,COMP,2.0,86.03,193.8,COMPLIANCE
1003,HEALTH-001,Santé & Sécurité au Travail,2013-11-21,COMP,4.0,89.84,271.02,COMPLIANCE
1003,FIRE-001,Sécurité & Évacuation Incendie,2013-11-07,COMP,1.0,90.52,90.85,COMPLIANCE
1003,DEI-001,Égalité Femmes-Hommes,2013-11-02,COMP,3.0,98.94,186.28,COMPLIANCE
1003,FRAUD-001,Prévention Fraude & Corruption,2013-11-22,COMP,2.0,85.71,141.75,COMPLIANCE
1003,ETHICS-001,Code de Déontologie Novaryn Tech,2013-10-09,COMP,1.5,81.01,111.2,COMPLIANCE
1003,SCRUM-001,Scrum Fundamentals,2021-04-20,COMP,12.0,98.79,570.83,ELEARN
1003,REACT-001,React & TypeScript Masterclass,2023-09-15,COMP,36.0,93.27,1326.28,ELEARN
1003,K8S-001,Kubernetes Fundamentals,2025-05-07,ENR,24.0,0.0,1033.73,ELEARN
1003,COMM-001,Communication & Public Speaking,2024-06-09,COMP,8.0,68.52,428.56,OJT
1004,GDPR-001,RGPD & Protection des Données,2021-05-24,COMP,2.0,81.81,216.92,COMPLIANCE
1004,HEALTH-001,Santé & Sécurité au Travail,2021-05-29,COMP,4.0,85.47,269.67,COMPLIANCE
1004,FIRE-001,Sécurité & Évacuation Incendie,2021-05-17,COMP,1.0,96.77,106.97,COMPLIANCE
1004,DEI-001,Égalité Femmes-Hommes,2021-04-21,COMP,3.0,80.67,184.16,COMPLIANCE
1004,FRAUD-001,Prévention Fraude & Corruption,2021-05-09,COMP,2.0,78.95,138.21,COMPLIANCE
1004,ETHICS-001,Code de Déontologie Novaryn Tech,2021-05-10,COMP,1.5,96.71,112.47,COMPLIANCE
1004,SCRUM-001,Scrum Fundamentals,2024-04-15,COMP,12.0,81.16,671.73,ELEARN
1004,LEAD-001,Leadership & Management,2022-09-02,COMP,20.0,96.52,1278.11,COURSE
1004,REACT-001,React & TypeScript Masterclass,2025-05-02,ENR,36.0,0.0,1101.39,ELEARN
1004,K8S-001,Kubernetes Fundamentals,2024-12-16,COMP,24.0,71.97,1076.35,ELEARN
1005,GDPR-001,RGPD & Protection des Données,2019-03-24,COMP,2.0,86.09,190.78,COMPLIANCE
1005,HEALTH-001,Santé & Sécurité au Travail,2019-04-10,COMP,4.0,89.69,246.97,COMPLIANCE
1005,FIRE-001,Sécurité & Évacuation Incendie,2019-03-21,COMP,1.0,80.61,98.68,COMPLIANCE
1005,DEI-001,Égalité Femmes-Hommes,2019-04-04,COMP,3.0,96.51,187.53,COMPLIANCE
1005,FRAUD-001,Prévention Fraude & Corruption,2019-03-20,COMP,2.0,75.69,136.21,COMPLIANCE
1005,ETHICS-001,Code de Déontologie Novaryn Tech,2019-04-07,COMP,1.5,82.63,115.95,COMPLIANCE
1005,PYTHON-001,Python for Data Science,2024-07-30,COMP,24.0,79.17,1049.57,ELEARN
1005,SAFE-001,SAFe Agile Practitioner,2024-02-11,COMP,16.0,76.84,1421.05,COURSE
1006,GDPR-001,RGPD & Protection des Données,2013-10-02,COMP,2.0,90.45,185.1,COMPLIANCE
1006,HEALTH-001,Santé & Sécurité au Travail,2013-09-29,COMP,4.0,92.93,269.09,COMPLIANCE
1006,FIRE-001,Sécurité & Évacuation Incendie,2013-09-13,COMP,1.0,91.78,104.84,COMPLIANCE
1006,DEI-001,Égalité Femmes-Hommes,2013-10-03,COMP,3.0,81.67,165.95,COMPLIANCE
1006,FRAUD-001,Prévention Fraude & Corruption,2013-08-18,COMP,2.0,93.78,138.78,COMPLIANCE
1006,ETHICS-001,Code de Déontologie Novaryn Tech,2013-09-03,COMP,1.5,85.0,126.42,COMPLIANCE
1006,SCRUM-001,Scrum Fundamentals,2023-12-15,COMP,12.0,83.88,511.45,ELEARN
1006,SAFE-001,SAFe Agile Practitioner,2023-09-15,COMP,16.0,71.29,1224.7,COURSE
1006,SQL-001,Advanced SQL for Analytics,2022-04-13,COMP,16.0,84.7,855.02,ELEARN
1008,GDPR-001,RGPD & Protection des Données,2015-06-07,COMP,2.0,77.48,210.67,COMPLIANCE
1008,HEALTH-001,Santé & Sécurité au Travail,2015-06-12,COMP,4.0,99.83,237.37,COMPLIANCE
1008,FIRE-001,Sécurité & Évacuation Incendie,2015-07-18,COMP,1.0,82.87,99.48,COMPLIANCE
1008,DEI-001,Égalité Femmes-Hommes,2015-07-16,COMP,3.0,94.3,187.24,COMPLIANCE
1008,FRAUD-001,Prévention Fraude & Corruption,2015-06-28,COMP,2.0,88.33,140.66,COMPLIANCE
1008,ETHICS-001,Code de Déontologie Novaryn Tech,2015-07-03,COMP,1.5,88.87,111.57,COMPLIANCE
1008,PYTHON-001,Python for Data Science,2022-09-28,COMP,24.0,99.62,1128.73,ELEARN
1008,REACT-001,React & TypeScript Masterclass,2022-02-01,COMP,36.0,84.66,1052.74,ELEARN
1009,GDPR-001,RGPD & Protection des Données,2021-04-19,COMP,2.0,81.41,201.0,COMPLIANCE
1009,HEALTH-001,Santé & Sécurité au Travail,2021-05-30,COMP,4.0,89.0,236.57,COMPLIANCE
1009,FIRE-001,Sécurité & Évacuation Incendie,2021-05-07,COMP,1.0,82.78,91.23,COMPLIANCE
1009,DEI-001,Égalité Femmes-Hommes,2021-05-13,COMP,3.0,89.32,172.95,COMPLIANCE
1009,FRAUD-001,Prévention Fraude & Corruption,2021-05-03,COMP,2.0,80.91,163.29,COMPLIANCE
1009,ETHICS-001,Code de Déontologie Novaryn Tech,2021-05-31,COMP,1.5,82.54,115.68,COMPLIANCE
1009,PYTHON-001,Python for Data Science,2021-11-19,COMP,24.0,86.42,946.49,ELEARN
1009,SCRUM-001,Scrum Fundamentals,2022-09-14,COMP,12.0,71.21,619.17,ELEARN
1010,GDPR-001,RGPD & Protection des Données,2019-09-26,COMP,2.0,75.55,217.93,COMPLIANCE
1010,HEALTH-001,Santé & Sécurité au Travail,2019-09-22,COMP,4.0,80.03,230.58,COMPLIANCE
1010,FIRE-001,Sécurité & Évacuation Incendie,2019-10-11,COMP,1.0,70.41,101.04,COMPLIANCE
1010,DEI-001,Égalité Femmes-Hommes,2019-09-07,COMP,3.0,79.94,188.69,COMPLIANCE
1010,FRAUD-001,Prévention Fraude & Corruption,2019-09-22,COMP,2.0,92.29,152.67,COMPLIANCE
1010,ETHICS-001,Code de Déontologie Novaryn Tech,2019-10-07,COMP,1.5,81.15,123.61,COMPLIANCE
1010,PM-001,Product Management Essentials,2023-11-01,FAIL,20.0,42.48,1287.33,COURSE
1010,REACT-001,React & TypeScript Masterclass,2022-01-27,COMP,36.0,83.46,1348.38,ELEARN
1010,LEAD-001,Leadership & Management,2023-12-14,COMP,20.0,67.62,1592.1,COURSE
1011,GDPR-001,RGPD & Protection des Données,2024-12-11,COMP,2.0,72.25,201.86,COMPLIANCE
1011,HEALTH-001,Santé & Sécurité au Travail,2024-12-26,COMP,4.0,79.04,248.71,COMPLIANCE
1011,FIRE-001,Sécurité & Évacuation Incendie,2025-01-22,COMP,1.0,76.06,104.42,COMPLIANCE
1011,DEI-001,Égalité Femmes-Hommes,2024-12-07,COMP,3.0,73.83,177.06,COMPLIANCE
1011,FRAUD-001,Prévention Fraude & Corruption,2025-01-19,COMP,2.0,77.58,161.31,COMPLIANCE
1011,ETHICS-001,Code de Déontologie Novaryn Tech,2025-01-09,COMP,1.5,99.25,129.48,COMPLIANCE
1011,SAFE-001,SAFe Agile Practitioner,2024-12-31,COMP,16.0,80.95,1590.03,COURSE
1011,COMM-001,Communication & Public Speaking,2025-04-21,ENR,8.0,0.0,411.9,OJT
1011,LEAD-001,Leadership & Management,2024-12-31,COMP,20.0,65.16,1295.45,COURSE
1011,REACT-001,React & TypeScript Masterclass,2024-12-31,COMP,36.0,91.78,1269.77,ELEARN
1011,EXCEL-001,Excel Avancé & Reporting,2025-05-20,ENR,8.0,0.0,399.4,ELEARN
1012,GDPR-001,RGPD & Protection des Données,2019-04-21,COMP,2.0,96.11,218.86,COMPLIANCE
1012,HEALTH-001,Santé & Sécurité au Travail,2019-03-28,COMP,4.0,83.13,250.46,COMPLIANCE
1012,FIRE-001,Sécurité & Évacuation Incendie,2019-04-22,COMP,1.0,93.38,98.02,COMPLIANCE
1012,DEI-001,Égalité Femmes-Hommes,2019-04-04,COMP,3.0,76.21,162.13,COMPLIANCE
1012,FRAUD-001,Prévention Fraude & Corruption,2019-04-23,COMP,2.0,76.53,155.9,COMPLIANCE
1012,ETHICS-001,Code de Déontologie Novaryn Tech,2019-05-07,COMP,1.5,85.38,120.09,COMPLIANCE
1012,AZURE-001,Microsoft Azure Fundamentals,2024-11-05,COMP,28.0,66.84,1381.89,ELEARN
1012,AWS-001,AWS Cloud Practitioner,2023-03-23,COMP,30.0,61.56,1610.0,ELEARN
1012,EXCEL-001,Excel Avancé & Reporting,2022-11-11,FAIL,8.0,57.62,372.45,ELEARN
1012,SAFE-001,SAFe Agile Practitioner,2025-06-21,ENR,16.0,0.0,1601.61,COURSE
1013,GDPR-001,RGPD & Protection des Données,2014-10-22,COMP,2.0,76.3,184.65,COMPLIANCE
1013,HEALTH-001,Santé & Sécurité au Travail,2014-10-11,COMP,4.0,80.42,255.26,COMPLIANCE
1013,FIRE-001,Sécurité & Évacuation Incendie,2014-09-23,COMP,1.0,79.74,108.93,COMPLIANCE
1013,DEI-001,Égalité Femmes-Hommes,2014-10-05,COMP,3.0,77.92,166.81,COMPLIANCE
1013,FRAUD-001,Prévention Fraude & Corruption,2014-10-09,COMP,2.0,78.85,164.56,COMPLIANCE
1013,ETHICS-001,Code de Déontologie Novaryn Tech,2014-10-10,COMP,1.5,94.48,127.77,COMPLIANCE
1013,COMM-001,Communication & Public Speaking,2024-03-15,COMP,8.0,60.63,418.88,OJT
1013,AZURE-001,Microsoft Azure Fundamentals,2025-06-13,ENR,28.0,0.0,1411.09,ELEARN
1013,PYTHON-001,Python for Data Science,2025-05-18,ENR,24.0,0.0,1133.7,ELEARN
1014,GDPR-001,RGPD & Protection des Données,2017-10-15,COMP,2.0,96.1,205.37,COMPLIANCE
1014,HEALTH-001,Santé & Sécurité au Travail,2017-11-03,COMP,4.0,76.18,247.11,COMPLIANCE
1014,FIRE-001,Sécurité & Évacuation Incendie,2017-10-19,COMP,1.0,78.06,101.63,COMPLIANCE
1014,DEI-001,Égalité Femmes-Hommes,2017-11-19,COMP,3.0,95.75,176.24,COMPLIANCE
1014,FRAUD-001,Prévention Fraude & Corruption,2017-10-27,COMP,2.0,76.95,156.79,COMPLIANCE
1014,ETHICS-001,Code de Déontologie Novaryn Tech,2017-10-22,COMP,1.5,74.45,119.5,COMPLIANCE
1014,PYTHON-001,Python for Data Science,2024-02-23,COMP,24.0,97.73,904.12,ELEARN
1014,K8S-001,Kubernetes Fundamentals,2021-10-21,COMP,24.0,72.41,1227.13,ELEARN
1014,EXCEL-001,Excel Avancé & Reporting,2025-06-26,ENR,8.0,0.0,412.94,ELEARN
1014,SAFE-001,SAFe Agile Practitioner,2022-03-13,COMP,16.0,62.88,1293.01,COURSE
1014,AWS-001,AWS Cloud Practitioner,2022-11-23,FAIL,30.0,58.44,1584.13,ELEARN
1015,GDPR-001,RGPD & Protection des Données,2018-07-28,COMP,2.0,74.12,210.02,COMPLIANCE
1015,HEALTH-001,Santé & Sécurité au Travail,2018-06-25,COMP,4.0,88.1,243.89,COMPLIANCE
1015,FIRE-001,Sécurité & Évacuation Incendie,2018-06-26,COMP,1.0,73.3,90.27,COMPLIANCE
1015,DEI-001,Égalité Femmes-Hommes,2018-08-17,COMP,3.0,89.33,163.57,COMPLIANCE
1015,FRAUD-001,Prévention Fraude & Corruption,2018-07-10,COMP,2.0,93.1,143.03,COMPLIANCE
1015,ETHICS-001,Code de Déontologie Novaryn Tech,2018-08-04,COMP,1.5,87.99,127.02,COMPLIANCE
1015,EXCEL-001,Excel Avancé & Reporting,2022-05-18,COMP,8.0,92.73,442.33,ELEARN
1015,LEAD-001,Leadership & Management,2022-05-08,COMP,20.0,65.57,1616.85,COURSE
1016,GDPR-001,RGPD & Protection des Données,2017-12-12,COMP,2.0,94.46,192.3,COMPLIANCE
1016,HEALTH-001,Santé & Sécurité au Travail,2017-12-14,COMP,4.0,74.64,227.79,COMPLIANCE
1016,FIRE-001,Sécurité & Évacuation Incendie,2017-12-28,COMP,1.0,78.02,100.87,COMPLIANCE
1016,DEI-001,Égalité Femmes-Hommes,2017-11-15,COMP,3.0,94.75,165.7,COMPLIANCE
1016,FRAUD-001,Prévention Fraude & Corruption,2017-12-02,COMP,2.0,73.08,161.59,COMPLIANCE
1016,ETHICS-001,Code de Déontologie Novaryn Tech,2017-12-10,COMP,1.5,74.26,129.89,COMPLIANCE
1016,AWS-001,AWS Cloud Practitioner,2024-09-22,COMP,30.0,74.13,1684.9,ELEARN
1016,REACT-001,React & TypeScript Masterclass,2020-02-01,FAIL,36.0,53.0,1267.24,ELEARN
1017,GDPR-001,RGPD & Protection des Données,2012-11-17,COMP,2.0,94.68,184.5,COMPLIANCE
1017,HEALTH-001,Santé & Sécurité au Travail,2012-10-13,COMP,4.0,99.72,236.23,COMPLIANCE
1017,FIRE-001,Sécurité & Évacuation Incendie,2012-10-21,COMP,1.0,80.72,102.31,COMPLIANCE
1017,DEI-001,Égalité Femmes-Hommes,2012-10-10,COMP,3.0,80.81,195.29,COMPLIANCE
1017,FRAUD-001,Prévention Fraude & Corruption,2012-10-08,COMP,2.0,96.87,153.14,COMPLIANCE
1017,ETHICS-001,Code de Déontologie Novaryn Tech,2012-10-14,COMP,1.5,82.86,116.04,COMPLIANCE
1017,SAFE-001,SAFe Agile Practitioner,2024-05-24,FAIL,16.0,53.06,1452.4,COURSE
1017,REACT-001,React & TypeScript Masterclass,2021-08-16,COMP,36.0,95.02,1117.59,ELEARN
1017,PYTHON-001,Python for Data Science,2020-09-22,COMP,24.0,74.76,929.62,ELEARN
1018,GDPR-001,RGPD & Protection des Données,2014-04-07,COMP,2.0,93.96,211.55,COMPLIANCE
1018,HEALTH-001,Santé & Sécurité au Travail,2014-03-02,COMP,4.0,93.33,232.33,COMPLIANCE
1018,FIRE-001,Sécurité & Évacuation Incendie,2014-03-02,COMP,1.0,81.72,104.43,COMPLIANCE
1018,DEI-001,Égalité Femmes-Hommes,2014-04-12,COMP,3.0,99.29,191.33,COMPLIANCE
1018,FRAUD-001,Prévention Fraude & Corruption,2014-02-28,COMP,2.0,87.34,163.79,COMPLIANCE
1018,ETHICS-001,Code de Déontologie Novaryn Tech,2014-03-10,COMP,1.5,74.34,115.75,COMPLIANCE
1018,PYTHON-001,Python for Data Science,2022-01-19,COMP,24.0,76.95,1058.03,ELEARN
1018,REACT-001,React & TypeScript Masterclass,2023-06-16,COMP,36.0,91.74,1140.05,ELEARN
1018,SQL-001,Advanced SQL for Analytics,2025-06-22,ENR,16.0,0.0,901.19,ELEARN
1019,GDPR-001,RGPD & Protection des Données,2021-06-23,COMP,2.0,82.56,199.88,COMPLIANCE
1019,HEALTH-001,Santé & Sécurité au Travail,2021-07-03,COMP,4.0,84.78,251.81,COMPLIANCE
1019,FIRE-001,Sécurité & Évacuation Incendie,2021-06-13,COMP,1.0,81.54,101.62,COMPLIANCE
1019,DEI-001,Égalité Femmes-Hommes,2021-06-25,COMP,3.0,85.81,189.96,COMPLIANCE
1019,FRAUD-001,Prévention Fraude & Corruption,2021-07-20,COMP,2.0,92.45,156.09,COMPLIANCE
1019,ETHICS-001,Code de Déontologie Novaryn Tech,2021-06-14,COMP,1.5,80.85,112.88,COMPLIANCE
1019,SQL-001,Advanced SQL for Analytics,2023-12-31,COMP,16.0,65.34,706.44,ELEARN
1019,ML-001,Machine Learning Fundamentals,2024-11-10,FAIL,40.0,46.86,1767.68,ELEARN
1020,GDPR-001,RGPD & Protection des Données,2022-09-04,COMP,2.0,94.57,191.79,COMPLIANCE
1020,HEALTH-001,Santé & Sécurité au Travail,2022-07-26,COMP,4.0,95.06,252.58,COMPLIANCE
1020,FIRE-001,Sécurité & Évacuation Incendie,2022-08-12,COMP,1.0,77.27,106.56,COMPLIANCE
1020,DEI-001,Égalité Femmes-Hommes,2022-07-20,COMP,3.0,92.41,166.22,COMPLIANCE
1020,FRAUD-001,Prévention Fraude & Corruption,2022-08-30,COMP,2.0,91.12,146.32,COMPLIANCE
1020,ETHICS-001,Code de Déontologie Novaryn Tech,2022-07-18,COMP,1.5,90.88,118.19,COMPLIANCE
1020,COMM-001,Communication & Public Speaking,2023-10-16,COMP,8.0,62.95,440.49,OJT
1020,LEAD-001,Leadership & Management,2025-04-03,ENR,20.0,0.0,1341.1,COURSE
1021,GDPR-001,RGPD & Protection des Données,2015-04-25,COMP,2.0,72.37,183.08,COMPLIANCE
1021,HEALTH-001,Santé & Sécurité au Travail,2015-05-22,COMP,4.0,94.93,245.82,COMPLIANCE
1021,FIRE-001,Sécurité & Évacuation Incendie,2015-06-03,COMP,1.0,75.47,104.87,COMPLIANCE
1021,DEI-001,Égalité Femmes-Hommes,2015-06-02,COMP,3.0,85.82,196.16,COMPLIANCE
1021,FRAUD-001,Prévention Fraude & Corruption,2015-05-16,COMP,2.0,82.35,145.12,COMPLIANCE
1021,ETHICS-001,Code de Déontologie Novaryn Tech,2015-06-05,COMP,1.5,89.35,108.32,COMPLIANCE
1021,PYTHON-001,Python for Data Science,2024-03-04,FAIL,24.0,40.61,1075.34,ELEARN
1021,SCRUM-001,Scrum Fundamentals,2023-10-24,COMP,12.0,60.43,659.88,ELEARN
1022,GDPR-001,RGPD & Protection des Données,2023-05-21,COMP,2.0,98.45,198.17,COMPLIANCE
1022,HEALTH-001,Santé & Sécurité au Travail,2023-05-23,COMP,4.0,94.89,270.96,COMPLIANCE
1022,FIRE-001,Sécurité & Évacuation Incendie,2023-05-10,COMP,1.0,79.18,94.55,COMPLIANCE
1022,DEI-001,Égalité Femmes-Hommes,2023-04-18,COMP,3.0,78.15,165.31,COMPLIANCE
1022,FRAUD-001,Prévention Fraude & Corruption,2023-05-02,COMP,2.0,99.34,138.75,COMPLIANCE
1022,ETHICS-001,Code de Déontologie Novaryn Tech,2023-04-21,COMP,1.5,82.01,109.34,COMPLIANCE
1022,PYTHON-001,Python for Data Science,2025-05-29,ENR,24.0,0.0,993.22,ELEARN
1022,COMM-001,Communication & Public Speaking,2023-09-10,COMP,8.0,76.2,385.66,OJT
1022,ML-001,Machine Learning Fundamentals,2024-02-13,COMP,40.0,74.86,1563.63,ELEARN
1022,PM-001,Product Management Essentials,2023-12-19,COMP,20.0,64.18,1150.57,COURSE
1022,LEAD-001,Leadership & Management,2025-05-12,ENR,20.0,0.0,1287.62,COURSE
1023,GDPR-001,RGPD & Protection des Données,2016-12-28,COMP,2.0,74.88,184.26,COMPLIANCE
1023,HEALTH-001,Santé & Sécurité au Travail,2016-12-23,COMP,4.0,87.91,262.83,COMPLIANCE
1023,FIRE-001,Sécurité & Évacuation Incendie,2016-12-29,COMP,1.0,75.63,94.03,COMPLIANCE
1023,DEI-001,Égalité Femmes-Hommes,2016-12-12,COMP,3.0,77.21,165.06,COMPLIANCE
1023,FRAUD-001,Prévention Fraude & Corruption,2017-01-15,COMP,2.0,86.94,151.91,COMPLIANCE
1023,ETHICS-001,Code de Déontologie Novaryn Tech,2017-01-29,COMP,1.5,84.51,109.15,COMPLIANCE
1023,AZURE-001,Microsoft Azure Fundamentals,2022-01-25,FAIL,28.0,54.28,1820.19,ELEARN
1023,SCRUM-001,Scrum Fundamentals,2022-08-09,COMP,12.0,72.58,580.32,ELEARN
1024,GDPR-001,RGPD & Protection des Données,2013-10-18,COMP,2.0,99.22,208.11,COMPLIANCE
1024,HEALTH-001,Santé & Sécurité au Travail,2013-10-02,COMP,4.0,79.94,269.83,COMPLIANCE
1024,FIRE-001,Sécurité & Évacuation Incendie,2013-10-28,COMP,1.0,73.03,106.15,COMPLIANCE
1024,DEI-001,Égalité Femmes-Hommes,2013-10-05,COMP,3.0,70.71,190.66,COMPLIANCE
1024,FRAUD-001,Prévention Fraude & Corruption,2013-10-26,COMP,2.0,87.59,160.56,COMPLIANCE
1024,ETHICS-001,Code de Déontologie Novaryn Tech,2013-10-14,COMP,1.5,74.84,124.38,COMPLIANCE
1024,SAFE-001,SAFe Agile Practitioner,2024-12-11,FAIL,16.0,44.4,1280.57,COURSE
1024,LEAD-001,Leadership & Management,2023-02-20,COMP,20.0,65.63,1598.35,COURSE
1025,GDPR-001,RGPD & Protection des Données,2019-10-27,COMP,2.0,85.49,209.15,COMPLIANCE
1025,HEALTH-001,Santé & Sécurité au Travail,2019-11-05,COMP,4.0,85.7,263.43,COMPLIANCE
1025,FIRE-001,Sécurité & Évacuation Incendie,2019-10-23,COMP,1.0,93.56,96.78,COMPLIANCE
1025,DEI-001,Égalité Femmes-Hommes,2019-10-18,COMP,3.0,88.7,195.85,COMPLIANCE
1025,FRAUD-001,Prévention Fraude & Corruption,2019-09-27,COMP,2.0,96.72,158.23,COMPLIANCE
1025,ETHICS-001,Code de Déontologie Novaryn Tech,2019-10-19,COMP,1.5,77.17,131.93,COMPLIANCE
1025,PYTHON-001,Python for Data Science,2024-01-10,COMP,24.0,79.9,1091.42,ELEARN
1025,PM-001,Product Management Essentials,2024-09-15,COMP,20.0,94.82,1216.97,COURSE
1026,GDPR-001,RGPD & Protection des Données,2018-06-16,COMP,2.0,93.44,183.49,COMPLIANCE
1026,HEALTH-001,Santé & Sécurité au Travail,2018-05-02,COMP,4.0,83.64,233.49,COMPLIANCE
1026,FIRE-001,Sécurité & Évacuation Incendie,2018-05-14,COMP,1.0,74.84,95.6,COMPLIANCE
1026,DEI-001,Égalité Femmes-Hommes,2018-05-19,COMP,3.0,80.6,164.56,COMPLIANCE
1026,FRAUD-001,Prévention Fraude & Corruption,2018-06-10,COMP,2.0,93.16,142.74,COMPLIANCE
1026,ETHICS-001,Code de Déontologie Novaryn Tech,2018-05-26,COMP,1.5,99.35,126.32,COMPLIANCE
1026,SAFE-001,SAFe Agile Practitioner,2024-07-07,COMP,16.0,94.36,1358.39,COURSE
1026,PYTHON-001,Python for Data Science,2025-06-26,ENR,24.0,0.0,888.7,ELEARN
1026,LEAD-001,Leadership & Management,2023-08-14,COMP,20.0,93.79,1703.42,COURSE
1026,PM-001,Product Management Essentials,2024-09-05,COMP,20.0,87.29,1202.14,COURSE
1026,K8S-001,Kubernetes Fundamentals,2022-10-24,COMP,24.0,95.02,1160.24,ELEARN
1027,GDPR-001,RGPD & Protection des Données,2023-07-12,COMP,2.0,99.32,182.28,COMPLIANCE
1027,HEALTH-001,Santé & Sécurité au Travail,2023-07-23,COMP,4.0,77.34,266.06,COMPLIANCE
1027,FIRE-001,Sécurité & Évacuation Incendie,2023-06-03,COMP,1.0,74.64,92.11,COMPLIANCE
1027,DEI-001,Égalité Femmes-Hommes,2023-06-27,COMP,3.0,74.75,176.37,COMPLIANCE
1027,FRAUD-001,Prévention Fraude & Corruption,2023-06-07,COMP,2.0,76.69,161.22,COMPLIANCE
1027,ETHICS-001,Code de Déontologie Novaryn Tech,2023-07-15,COMP,1.5,72.81,119.18,COMPLIANCE
1027,LEAD-001,Leadership & Management,2025-04-25,ENR,20.0,0.0,1455.68,COURSE
1027,EXCEL-001,Excel Avancé & Reporting,2024-08-11,COMP,8.0,73.7,412.52,ELEARN
1027,PYTHON-001,Python for Data Science,2024-03-22,COMP,24.0,89.65,884.3,ELEARN
1027,COMM-001,Communication & Public Speaking,2024-04-19,COMP,8.0,81.8,453.82,OJT
1027,REACT-001,React & TypeScript Masterclass,2024-03-07,COMP,36.0,68.54,1224.55,ELEARN
1028,GDPR-001,RGPD & Protection des Données,2023-10-02,COMP,2.0,93.23,182.5,COMPLIANCE
1028,HEALTH-001,Santé & Sécurité au Travail,2023-10-15,COMP,4.0,80.84,246.51,COMPLIANCE
1028,FIRE-001,Sécurité & Évacuation Incendie,2023-09-24,COMP,1.0,76.4,94.23,COMPLIANCE
1028,DEI-001,Égalité Femmes-Hommes,2023-08-26,COMP,3.0,98.58,186.61,COMPLIANCE
1028,FRAUD-001,Prévention Fraude & Corruption,2023-09-11,COMP,2.0,77.56,140.28,COMPLIANCE
1028,ETHICS-001,Code de Déontologie Novaryn Tech,2023-09-03,COMP,1.5,72.08,117.72,COMPLIANCE
1028,COMM-001,Communication & Public Speaking,2024-05-13,COMP,8.0,95.72,362.09,OJT
1028,K8S-001,Kubernetes Fundamentals,2024-02-17,COMP,24.0,95.8,1076.42,ELEARN
1028,REACT-001,React & TypeScript Masterclass,2024-04-13,FAIL,36.0,45.64,1091.5,ELEARN
1028,ML-001,Machine Learning Fundamentals,2024-07-18,FAIL,40.0,49.15,1617.04,ELEARN
1029,GDPR-001,RGPD & Protection des Données,2022-12-16,COMP,2.0,74.82,207.87,COMPLIANCE
1029,HEALTH-001,Santé & Sécurité au Travail,2022-11-18,COMP,4.0,97.38,253.52,COMPLIANCE
1029,FIRE-001,Sécurité & Évacuation Incendie,2022-12-18,COMP,1.0,70.3,105.66,COMPLIANCE
1029,DEI-001,Égalité Femmes-Hommes,2022-12-04,COMP,3.0,75.96,188.02,COMPLIANCE
1029,FRAUD-001,Prévention Fraude & Corruption,2022-12-03,COMP,2.0,88.5,144.71,COMPLIANCE
1029,ETHICS-001,Code de Déontologie Novaryn Tech,2022-12-18,COMP,1.5,98.17,125.83,COMPLIANCE
1029,SCRUM-001,Scrum Fundamentals,2023-04-20,COMP,12.0,72.66,652.56,ELEARN
1029,PYTHON-001,Python for Data Science,2024-08-17,COMP,24.0,70.51,1066.69,ELEARN
1029,K8S-001,Kubernetes Fundamentals,2024-03-09,FAIL,24.0,57.92,1217.9,ELEARN
1029,COMM-001,Communication & Public Speaking,2024-09-01,COMP,8.0,85.56,409.41,OJT
1030,GDPR-001,RGPD & Protection des Données,2024-06-05,COMP,2.0,76.56,219.16,COMPLIANCE
1030,HEALTH-001,Santé & Sécurité au Travail,2024-06-29,COMP,4.0,90.89,263.72,COMPLIANCE
1030,FIRE-001,Sécurité & Évacuation Incendie,2024-07-11,COMP,1.0,81.33,96.96,COMPLIANCE
1030,DEI-001,Égalité Femmes-Hommes,2024-06-15,COMP,3.0,99.15,182.77,COMPLIANCE
1030,FRAUD-001,Prévention Fraude & Corruption,2024-06-03,COMP,2.0,81.11,145.91,COMPLIANCE
1030,ETHICS-001,Code de Déontologie Novaryn Tech,2024-06-22,COMP,1.5,96.9,120.05,COMPLIANCE
1030,COMM-001,Communication & Public Speaking,2024-09-29,COMP,8.0,78.24,389.25,OJT
1030,K8S-001,Kubernetes Fundamentals,2024-10-01,COMP,24.0,81.7,1107.65,ELEARN
1032,GDPR-001,RGPD & Protection des Données,2023-01-14,COMP,2.0,80.07,217.05,COMPLIANCE
1032,HEALTH-001,Santé & Sécurité au Travail,2022-12-26,COMP,4.0,82.85,233.84,COMPLIANCE
1032,FIRE-001,Sécurité & Évacuation Incendie,2023-01-04,COMP,1.0,74.88,98.72,COMPLIANCE
1032,DEI-001,Égalité Femmes-Hommes,2022-12-15,COMP,3.0,95.35,186.79,COMPLIANCE
1032,FRAUD-001,Prévention Fraude & Corruption,2022-12-24,COMP,2.0,89.02,156.06,COMPLIANCE
1032,ETHICS-001,Code de Déontologie Novaryn Tech,2022-12-03,COMP,1.5,99.86,127.34,COMPLIANCE
1032,LEAD-001,Leadership & Management,2023-08-05,COMP,20.0,97.3,1321.65,COURSE
1032,SAFE-001,SAFe Agile Practitioner,2025-06-18,ENR,16.0,0.0,1579.44,COURSE
1033,GDPR-001,RGPD & Protection des Données,2023-09-07,COMP,2.0,89.01,200.13,COMPLIANCE
1033,HEALTH-001,Santé & Sécurité au Travail,2023-10-22,COMP,4.0,70.98,239.5,COMPLIANCE
1033,FIRE-001,Sécurité & Évacuation Incendie,2023-09-27,COMP,1.0,76.36,105.54,COMPLIANCE
1033,DEI-001,Égalité Femmes-Hommes,2023-10-06,COMP,3.0,81.43,169.04,COMPLIANCE
1033,FRAUD-001,Prévention Fraude & Corruption,2023-10-01,COMP,2.0,98.52,145.52,COMPLIANCE
1033,ETHICS-001,Code de Déontologie Novaryn Tech,2023-10-21,COMP,1.5,97.42,117.91,COMPLIANCE
1033,SCRUM-001,Scrum Fundamentals,2024-12-03,COMP,12.0,86.35,565.33,ELEARN
1033,SQL-001,Advanced SQL for Analytics,2024-06-24,FAIL,16.0,57.28,841.59,ELEARN
1033,AWS-001,AWS Cloud Practitioner,2024-06-29,COMP,30.0,96.36,1547.64,ELEARN
1033,ML-001,Machine Learning Fundamentals,2024-02-09,COMP,40.0,91.62,1763.57,ELEARN
1033,AZURE-001,Microsoft Azure Fundamentals,2024-04-21,COMP,28.0,89.65,1512.39,ELEARN
1034,GDPR-001,RGPD & Protection des Données,2012-12-30,COMP,2.0,98.77,219.71,COMPLIANCE
1034,HEALTH-001,Santé & Sécurité au Travail,2013-01-04,COMP,4.0,86.67,244.57,COMPLIANCE
1034,FIRE-001,Sécurité & Évacuation Incendie,2013-01-28,COMP,1.0,89.33,106.57,COMPLIANCE
1034,DEI-001,Égalité Femmes-Hommes,2013-02-09,COMP,3.0,97.96,177.45,COMPLIANCE
1034,FRAUD-001,Prévention Fraude & Corruption,2013-01-29,COMP,2.0,81.71,156.84,COMPLIANCE
1034,ETHICS-001,Code de Déontologie Novaryn Tech,2013-01-14,COMP,1.5,97.13,120.41,COMPLIANCE
1034,AWS-001,AWS Cloud Practitioner,2022-07-09,COMP,30.0,91.37,1985.24,ELEARN
1034,LEAD-001,Leadership & Management,2021-12-07,COMP,20.0,70.41,1523.81,COURSE
1034,PYTHON-001,Python for Data Science,2023-01-26,FAIL,24.0,43.87,877.98,ELEARN
1034,ML-001,Machine Learning Fundamentals,2021-07-11,COMP,40.0,85.16,1644.78,ELEARN
1034,COMM-001,Communication & Public Speaking,2022-07-28,COMP,8.0,88.3,450.47,OJT
1035,GDPR-001,RGPD & Protection des Données,2017-05-26,COMP,2.0,87.15,181.01,COMPLIANCE
1035,HEALTH-001,Santé & Sécurité au Travail,2017-07-06,COMP,4.0,73.92,247.69,COMPLIANCE
1035,FIRE-001,Sécurité & Évacuation Incendie,2017-06-30,COMP,1.0,93.33,93.73,COMPLIANCE
1035,DEI-001,Égalité Femmes-Hommes,2017-07-01,COMP,3.0,96.94,172.69,COMPLIANCE
1035,FRAUD-001,Prévention Fraude & Corruption,2017-06-24,COMP,2.0,95.21,156.79,COMPLIANCE
1035,ETHICS-001,Code de Déontologie Novaryn Tech,2017-07-11,COMP,1.5,93.58,126.49,COMPLIANCE
1035,AZURE-001,Microsoft Azure Fundamentals,2020-02-13,FAIL,28.0,51.92,1666.43,ELEARN
1035,LEAD-001,Leadership & Management,2024-07-17,COMP,20.0,64.14,1481.61,COURSE
1036,GDPR-001,RGPD & Protection des Données,2013-04-01,COMP,2.0,73.68,185.67,COMPLIANCE
1036,HEALTH-001,Santé & Sécurité au Travail,2013-03-10,COMP,4.0,96.84,229.64,COMPLIANCE
1036,FIRE-001,Sécurité & Évacuation Incendie,2013-03-25,COMP,1.0,95.34,108.25,COMPLIANCE
1036,DEI-001,Égalité Femmes-Hommes,2013-03-07,COMP,3.0,81.72,179.68,COMPLIANCE
1036,FRAUD-001,Prévention Fraude & Corruption,2013-02-23,COMP,2.0,82.41,149.6,COMPLIANCE
1036,ETHICS-001,Code de Déontologie Novaryn Tech,2013-04-03,COMP,1.5,72.29,124.5,COMPLIANCE
1036,SQL-001,Advanced SQL for Analytics,2021-01-28,COMP,16.0,96.15,838.32,ELEARN
1036,SAFE-001,SAFe Agile Practitioner,2022-05-02,COMP,16.0,94.19,1239.23,COURSE
1036,K8S-001,Kubernetes Fundamentals,2020-05-21,COMP,24.0,73.87,1263.32,ELEARN
1036,PYTHON-001,Python for Data Science,2020-06-18,COMP,24.0,60.2,1006.52,ELEARN
1036,PM-001,Product Management Essentials,2024-09-15,COMP,20.0,64.86,1238.2,COURSE
1037,GDPR-001,RGPD & Protection des Données,2024-04-28,COMP,2.0,70.69,200.47,COMPLIANCE
1037,HEALTH-001,Santé & Sécurité au Travail,2024-04-03,COMP,4.0,76.49,243.24,COMPLIANCE
1037,FIRE-001,Sécurité & Évacuation Incendie,2024-04-07,COMP,1.0,70.88,92.77,COMPLIANCE
1037,DEI-001,Égalité Femmes-Hommes,2024-03-30,COMP,3.0,91.83,195.83,COMPLIANCE
1037,FRAUD-001,Prévention Fraude & Corruption,2024-04-11,COMP,2.0,78.21,140.98,COMPLIANCE
1037,ETHICS-001,Code de Déontologie Novaryn Tech,2024-03-30,COMP,1.5,80.46,121.24,COMPLIANCE
1037,K8S-001,Kubernetes Fundamentals,2024-10-07,COMP,24.0,76.0,998.71,ELEARN
1037,COMM-001,Communication & Public Speaking,2024-08-04,COMP,8.0,87.48,446.48,OJT
1037,EXCEL-001,Excel Avancé & Reporting,2024-12-23,COMP,8.0,75.71,410.04,ELEARN
1037,REACT-001,React & TypeScript Masterclass,2025-05-09,ENR,36.0,0.0,1079.64,ELEARN
1038,GDPR-001,RGPD & Protection des Données,2023-03-16,COMP,2.0,98.61,199.51,COMPLIANCE
1038,HEALTH-001,Santé & Sécurité au Travail,2023-03-31,COMP,4.0,82.71,262.35,COMPLIANCE
1038,FIRE-001,Sécurité & Évacuation Incendie,2023-04-24,COMP,1.0,79.56,92.15,COMPLIANCE
1038,DEI-001,Égalité Femmes-Hommes,2023-03-27,COMP,3.0,82.88,182.42,COMPLIANCE
1038,FRAUD-001,Prévention Fraude & Corruption,2023-03-26,COMP,2.0,96.94,159.58,COMPLIANCE
1038,ETHICS-001,Code de Déontologie Novaryn Tech,2023-03-31,COMP,1.5,75.02,108.81,COMPLIANCE
1038,PM-001,Product Management Essentials,2025-06-21,ENR,20.0,0.0,1362.14,COURSE
1038,REACT-001,React & TypeScript Masterclass,2024-08-12,COMP,36.0,75.93,1061.27,ELEARN
1038,AZURE-001,Microsoft Azure Fundamentals,2025-05-24,ENR,28.0,0.0,1739.63,ELEARN
1038,EXCEL-001,Excel Avancé & Reporting,2024-05-23,COMP,8.0,62.91,418.83,ELEARN
1039,GDPR-001,RGPD & Protection des Données,2023-01-07,COMP,2.0,74.35,192.58,COMPLIANCE
1039,HEALTH-001,Santé & Sécurité au Travail,2022-12-15,COMP,4.0,79.56,225.55,COMPLIANCE
1039,FIRE-001,Sécurité & Évacuation Incendie,2023-01-05,COMP,1.0,76.41,101.35,COMPLIANCE
1039,DEI-001,Égalité Femmes-Hommes,2023-01-04,COMP,3.0,96.96,182.22,COMPLIANCE
1039,FRAUD-001,Prévention Fraude & Corruption,2023-01-08,COMP,2.0,78.51,141.37,COMPLIANCE
1039,ETHICS-001,Code de Déontologie Novaryn Tech,2022-12-28,COMP,1.5,73.09,114.67,COMPLIANCE
1039,PM-001,Product Management Essentials,2024-03-13,COMP,20.0,90.25,1134.4,COURSE
1039,SAFE-001,SAFe Agile Practitioner,2024-02-13,COMP,16.0,67.88,1527.14,COURSE
1040,GDPR-001,RGPD & Protection des Données,2016-08-10,COMP,2.0,71.4,190.98,COMPLIANCE
1040,HEALTH-001,Santé & Sécurité au Travail,2016-07-17,COMP,4.0,73.72,233.56,COMPLIANCE
1040,FIRE-001,Sécurité & Évacuation Incendie,2016-07-30,COMP,1.0,87.74,94.73,COMPLIANCE
1040,DEI-001,Égalité Femmes-Hommes,2016-07-11,COMP,3.0,78.55,185.17,COMPLIANCE
1040,FRAUD-001,Prévention Fraude & Corruption,2016-08-15,COMP,2.0,99.64,162.35,COMPLIANCE
1040,ETHICS-001,Code de Déontologie Novaryn Tech,2016-07-28,COMP,1.5,73.93,131.2,COMPLIANCE
1040,ML-001,Machine Learning Fundamentals,2022-11-24,COMP,40.0,85.79,1393.34,ELEARN
1040,EXCEL-001,Excel Avancé & Reporting,2021-07-26,COMP,8.0,92.1,426.79,ELEARN
1041,GDPR-001,RGPD & Protection des Données,2024-09-27,COMP,2.0,79.52,193.83,COMPLIANCE
1041,HEALTH-001,Santé & Sécurité au Travail,2024-09-15,COMP,4.0,86.69,240.66,COMPLIANCE
1041,FIRE-001,Sécurité & Évacuation Incendie,2024-10-19,COMP,1.0,71.41,95.97,COMPLIANCE
1041,DEI-001,Égalité Femmes-Hommes,2024-10-09,COMP,3.0,84.8,185.08,COMPLIANCE
1041,FRAUD-001,Prévention Fraude & Corruption,2024-09-17,COMP,2.0,95.29,163.13,COMPLIANCE
1041,ETHICS-001,Code de Déontologie Novaryn Tech,2024-09-16,COMP,1.5,70.88,109.15,COMPLIANCE
1041,PYTHON-001,Python for Data Science,2024-12-04,FAIL,24.0,56.37,1067.28,ELEARN
1041,LEAD-001,Leadership & Management,2024-12-14,COMP,20.0,63.52,1600.85,COURSE
1043,GDPR-001,RGPD & Protection des Données,2018-12-14,COMP,2.0,81.07,216.12,COMPLIANCE
1043,HEALTH-001,Santé & Sécurité au Travail,2018-10-24,COMP,4.0,98.02,268.4,COMPLIANCE
1043,FIRE-001,Sécurité & Évacuation Incendie,2018-11-09,COMP,1.0,96.5,90.86,COMPLIANCE
1043,DEI-001,Égalité Femmes-Hommes,2018-10-27,COMP,3.0,98.41,164.7,COMPLIANCE
1043,FRAUD-001,Prévention Fraude & Corruption,2018-11-14,COMP,2.0,90.64,158.75,COMPLIANCE
1043,ETHICS-001,Code de Déontologie Novaryn Tech,2018-11-17,COMP,1.5,78.1,112.09,COMPLIANCE
1043,PM-001,Product Management Essentials,2024-01-24,COMP,20.0,94.48,1291.09,COURSE
1043,K8S-001,Kubernetes Fundamentals,2020-12-20,FAIL,24.0,58.35,1071.39,ELEARN
1043,LEAD-001,Leadership & Management,2020-07-22,COMP,20.0,64.89,1512.42,COURSE
1045,GDPR-001,RGPD & Protection des Données,2013-08-30,COMP,2.0,84.34,199.6,COMPLIANCE
1045,HEALTH-001,Santé & Sécurité au Travail,2013-08-11,COMP,4.0,79.66,261.54,COMPLIANCE
1045,FIRE-001,Sécurité & Évacuation Incendie,2013-08-08,COMP,1.0,72.75,105.32,COMPLIANCE
1045,DEI-001,Égalité Femmes-Hommes,2013-09-08,COMP,3.0,72.48,182.11,COMPLIANCE
1045,FRAUD-001,Prévention Fraude & Corruption,2013-08-09,COMP,2.0,89.78,157.06,COMPLIANCE
1045,ETHICS-001,Code de Déontologie Novaryn Tech,2013-08-07,COMP,1.5,90.85,109.8,COMPLIANCE
1045,SCRUM-001,Scrum Fundamentals,2025-04-24,ENR,12.0,0.0,597.78,ELEARN
1045,AWS-001,AWS Cloud Practitioner,2024-03-07,COMP,30.0,92.56,1941.27,ELEARN
1045,EXCEL-001,Excel Avancé & Reporting,2020-08-18,COMP,8.0,72.53,453.33,ELEARN
1045,COMM-001,Communication & Public Speaking,2025-06-22,ENR,8.0,0.0,358.48,OJT
1045,K8S-001,Kubernetes Fundamentals,2020-06-15,COMP,24.0,96.57,1007.2,ELEARN
1046,GDPR-001,RGPD & Protection des Données,2014-09-06,COMP,2.0,81.57,198.1,COMPLIANCE
1046,HEALTH-001,Santé & Sécurité au Travail,2014-09-22,COMP,4.0,85.4,264.0,COMPLIANCE
1046,FIRE-001,Sécurité & Évacuation Incendie,2014-08-26,COMP,1.0,72.06,98.46,COMPLIANCE
1046,DEI-001,Égalité Femmes-Hommes,2014-09-26,COMP,3.0,79.21,193.31,COMPLIANCE
1046,FRAUD-001,Prévention Fraude & Corruption,2014-09-24,COMP,2.0,73.06,148.83,COMPLIANCE
1046,ETHICS-001,Code de Déontologie Novaryn Tech,2014-08-20,COMP,1.5,92.35,113.77,COMPLIANCE
1046,PYTHON-001,Python for Data Science,2021-04-16,COMP,24.0,70.62,1128.08,ELEARN
1046,AZURE-001,Microsoft Azure Fundamentals,2021-04-08,COMP,28.0,77.26,1432.3,ELEARN
1046,SCRUM-001,Scrum Fundamentals,2024-10-14,COMP,12.0,80.32,519.57,ELEARN
1046,K8S-001,Kubernetes Fundamentals,2022-08-01,COMP,24.0,63.91,1149.05,ELEARN
1046,ML-001,Machine Learning Fundamentals,2025-05-24,ENR,40.0,0.0,1453.09,ELEARN
1047,GDPR-001,RGPD & Protection des Données,2019-03-27,COMP,2.0,82.08,203.76,COMPLIANCE
1047,HEALTH-001,Santé & Sécurité au Travail,2019-04-17,COMP,4.0,88.22,250.93,COMPLIANCE
1047,FIRE-001,Sécurité & Évacuation Incendie,2019-03-21,COMP,1.0,90.43,102.93,COMPLIANCE
1047,DEI-001,Égalité Femmes-Hommes,2019-03-22,COMP,3.0,76.59,163.91,COMPLIANCE
1047,FRAUD-001,Prévention Fraude & Corruption,2019-03-17,COMP,2.0,87.26,142.16,COMPLIANCE
1047,ETHICS-001,Code de Déontologie Novaryn Tech,2019-04-18,COMP,1.5,73.03,113.44,COMPLIANCE
1047,REACT-001,React & TypeScript Masterclass,2022-02-10,COMP,36.0,66.84,1093.29,ELEARN
1047,EXCEL-001,Excel Avancé & Reporting,2021-01-03,COMP,8.0,88.23,374.56,ELEARN
1047,LEAD-001,Leadership & Management,2024-09-29,COMP,20.0,67.4,1683.5,COURSE
1047,AWS-001,AWS Cloud Practitioner,2023-07-17,COMP,30.0,89.56,1990.38,ELEARN
1047,AZURE-001,Microsoft Azure Fundamentals,2021-12-02,COMP,28.0,66.81,1687.09,ELEARN
1049,GDPR-001,RGPD & Protection des Données,2021-01-17,COMP,2.0,75.62,215.99,COMPLIANCE
1049,HEALTH-001,Santé & Sécurité au Travail,2021-01-16,COMP,4.0,98.87,258.3,COMPLIANCE
1049,FIRE-001,Sécurité & Évacuation Incendie,2021-02-03,COMP,1.0,80.02,93.55,COMPLIANCE
1049,DEI-001,Égalité Femmes-Hommes,2021-01-23,COMP,3.0,96.44,168.15,COMPLIANCE
1049,FRAUD-001,Prévention Fraude & Corruption,2021-02-24,COMP,2.0,95.59,152.82,COMPLIANCE
1049,ETHICS-001,Code de Déontologie Novaryn Tech,2021-02-06,COMP,1.5,87.49,119.72,COMPLIANCE
1049,K8S-001,Kubernetes Fundamentals,2025-06-11,ENR,24.0,0.0,1159.42,ELEARN
1049,LEAD-001,Leadership & Management,2023-06-20,COMP,20.0,69.13,1501.42,COURSE
1049,SCRUM-001,Scrum Fundamentals,2025-04-12,ENR,12.0,0.0,528.0,ELEARN
1050,GDPR-001,RGPD & Protection des Données,2012-05-09,COMP,2.0,92.09,198.1,COMPLIANCE
1050,HEALTH-001,Santé & Sécurité au Travail,2012-05-05,COMP,4.0,80.52,252.29,COMPLIANCE
1050,FIRE-001,Sécurité & Évacuation Incendie,2012-04-30,COMP,1.0,84.59,97.29,COMPLIANCE
1050,DEI-001,Égalité Femmes-Hommes,2012-03-19,COMP,3.0,94.83,172.84,COMPLIANCE
1050,FRAUD-001,Prévention Fraude & Corruption,2012-04-09,COMP,2.0,96.74,158.24,COMPLIANCE
1050,ETHICS-001,Code de Déontologie Novaryn Tech,2012-05-11,COMP,1.5,87.87,110.71,COMPLIANCE
1050,PYTHON-001,Python for Data Science,2025-06-23,ENR,24.0,0.0,1148.23,ELEARN
1050,REACT-001,React & TypeScript Masterclass,2023-10-07,COMP,36.0,61.24,1227.93,ELEARN
1051,GDPR-001,RGPD & Protection des Données,2021-04-10,COMP,2.0,99.2,194.38,COMPLIANCE
1051,HEALTH-001,Santé & Sécurité au Travail,2021-04-13,COMP,4.0,72.68,271.03,COMPLIANCE
1051,FIRE-001,Sécurité & Évacuation Incendie,2021-03-21,COMP,1.0,89.16,109.31,COMPLIANCE
1051,DEI-001,Égalité Femmes-Hommes,2021-04-06,COMP,3.0,90.36,194.37,COMPLIANCE
1051,FRAUD-001,Prévention Fraude & Corruption,2021-03-25,COMP,2.0,99.62,161.28,COMPLIANCE
1051,ETHICS-001,Code de Déontologie Novaryn Tech,2021-03-08,COMP,1.5,77.96,124.3,COMPLIANCE
1051,REACT-001,React & TypeScript Masterclass,2022-08-23,COMP,36.0,61.64,1207.23,ELEARN
1051,PM-001,Product Management Essentials,2023-11-19,COMP,20.0,84.49,1176.05,COURSE
1051,EXCEL-001,Excel Avancé & Reporting,2023-03-16,COMP,8.0,98.73,435.08,ELEARN
1051,AZURE-001,Microsoft Azure Fundamentals,2022-09-05,COMP,28.0,98.78,1599.48,ELEARN
1052,GDPR-001,RGPD & Protection des Données,2023-01-15,COMP,2.0,74.41,207.24,COMPLIANCE
1052,HEALTH-001,Santé & Sécurité au Travail,2023-01-05,COMP,4.0,99.0,256.19,COMPLIANCE
1052,FIRE-001,Sécurité & Évacuation Incendie,2023-01-14,COMP,1.0,74.88,99.74,COMPLIANCE
1052,DEI-001,Égalité Femmes-Hommes,2022-12-07,COMP,3.0,93.99,162.56,COMPLIANCE
1052,FRAUD-001,Prévention Fraude & Corruption,2022-12-05,COMP,2.0,76.52,159.76,COMPLIANCE
1052,ETHICS-001,Code de Déontologie Novaryn Tech,2022-12-10,COMP,1.5,71.6,115.34,COMPLIANCE
1052,SQL-001,Advanced SQL for Analytics,2024-05-10,COMP,16.0,95.15,868.46,ELEARN
1052,SAFE-001,SAFe Agile Practitioner,2024-06-20,COMP,16.0,98.34,1425.51,COURSE
1052,SCRUM-001,Scrum Fundamentals,2023-04-11,FAIL,12.0,53.55,535.68,ELEARN
1052,COMM-001,Communication & Public Speaking,2025-05-25,ENR,8.0,0.0,410.23,OJT
1052,AZURE-001,Microsoft Azure Fundamentals,2024-09-20,COMP,28.0,68.75,1587.13,ELEARN
1053,GDPR-001,RGPD & Protection des Données,2017-01-26,COMP,2.0,77.46,207.14,COMPLIANCE
1053,HEALTH-001,Santé & Sécurité au Travail,2017-01-28,COMP,4.0,82.68,273.35,COMPLIANCE
1053,FIRE-001,Sécurité & Évacuation Incendie,2017-01-10,COMP,1.0,96.79,108.4,COMPLIANCE
1053,DEI-001,Égalité Femmes-Hommes,2017-02-11,COMP,3.0,79.32,182.3,COMPLIANCE
1053,FRAUD-001,Prévention Fraude & Corruption,2017-02-16,COMP,2.0,96.28,159.13,COMPLIANCE
1053,ETHICS-001,Code de Déontologie Novaryn Tech,2017-01-12,COMP,1.5,90.5,112.79,COMPLIANCE
1053,REACT-001,React & TypeScript Masterclass,2020-11-04,COMP,36.0,63.42,1224.0,ELEARN
1053,ML-001,Machine Learning Fundamentals,2021-10-07,COMP,40.0,81.83,1540.46,ELEARN
1053,AWS-001,AWS Cloud Practitioner,2025-05-25,ENR,30.0,0.0,1581.86,ELEARN
1054,GDPR-001,RGPD & Protection des Données,2019-10-30,COMP,2.0,83.26,192.53,COMPLIANCE
1054,HEALTH-001,Santé & Sécurité au Travail,2019-11-09,COMP,4.0,91.38,248.42,COMPLIANCE
1054,FIRE-001,Sécurité & Évacuation Incendie,2019-10-24,COMP,1.0,84.0,109.23,COMPLIANCE
1054,DEI-001,Égalité Femmes-Hommes,2019-10-26,COMP,3.0,70.83,182.12,COMPLIANCE
1054,FRAUD-001,Prévention Fraude & Corruption,2019-11-15,COMP,2.0,82.63,157.68,COMPLIANCE
1054,ETHICS-001,Code de Déontologie Novaryn Tech,2019-11-05,COMP,1.5,97.21,126.88,COMPLIANCE
1054,PYTHON-001,Python for Data Science,2025-04-06,ENR,24.0,0.0,1076.6,ELEARN
1054,PM-001,Product Management Essentials,2020-09-09,COMP,20.0,76.12,1022.14,COURSE
1054,ML-001,Machine Learning Fundamentals,2025-06-05,ENR,40.0,0.0,1580.91,ELEARN
1054,COMM-001,Communication & Public Speaking,2022-01-15,COMP,8.0,62.19,439.59,OJT
1055,GDPR-001,RGPD & Protection des Données,2024-05-16,COMP,2.0,73.21,203.77,COMPLIANCE
1055,HEALTH-001,Santé & Sécurité au Travail,2024-05-27,COMP,4.0,78.72,249.07,COMPLIANCE
1055,FIRE-001,Sécurité & Évacuation Incendie,2024-04-26,COMP,1.0,95.93,92.43,COMPLIANCE
1055,DEI-001,Égalité Femmes-Hommes,2024-05-12,COMP,3.0,90.23,188.62,COMPLIANCE
1055,FRAUD-001,Prévention Fraude & Corruption,2024-04-08,COMP,2.0,91.05,150.49,COMPLIANCE
1055,ETHICS-001,Code de Déontologie Novaryn Tech,2024-05-10,COMP,1.5,92.21,119.89,COMPLIANCE
1055,SAFE-001,SAFe Agile Practitioner,2024-07-30,COMP,16.0,72.44,1605.45,COURSE
1055,EXCEL-001,Excel Avancé & Reporting,2024-10-12,COMP,8.0,79.4,422.53,ELEARN
1055,PYTHON-001,Python for Data Science,2024-07-11,COMP,24.0,60.0,1031.14,ELEARN
1056,GDPR-001,RGPD & Protection des Données,2024-12-31,COMP,2.0,85.59,189.89,COMPLIANCE
1056,HEALTH-001,Santé & Sécurité au Travail,2024-12-30,COMP,4.0,84.21,266.64,COMPLIANCE
1056,FIRE-001,Sécurité & Évacuation Incendie,2025-01-21,COMP,1.0,81.72,108.52,COMPLIANCE
1056,DEI-001,Égalité Femmes-Hommes,2025-01-12,COMP,3.0,82.14,197.38,COMPLIANCE
1056,FRAUD-001,Prévention Fraude & Corruption,2025-02-14,COMP,2.0,77.05,160.43,COMPLIANCE
1056,ETHICS-001,Code de Déontologie Novaryn Tech,2025-01-09,COMP,1.5,94.65,124.35,COMPLIANCE
1056,REACT-001,React & TypeScript Masterclass,2024-12-31,COMP,36.0,67.39,1314.68,ELEARN
1056,PYTHON-001,Python for Data Science,2024-12-31,COMP,24.0,66.83,1072.5,ELEARN
1058,GDPR-001,RGPD & Protection des Données,2020-09-30,COMP,2.0,76.01,199.22,COMPLIANCE
1058,HEALTH-001,Santé & Sécurité au Travail,2020-09-14,COMP,4.0,90.03,272.95,COMPLIANCE
1058,FIRE-001,Sécurité & Évacuation Incendie,2020-09-27,COMP,1.0,81.02,95.5,COMPLIANCE
1058,DEI-001,Égalité Femmes-Hommes,2020-09-20,COMP,3.0,90.93,165.86,COMPLIANCE
1058,FRAUD-001,Prévention Fraude & Corruption,2020-09-22,COMP,2.0,94.4,139.44,COMPLIANCE
1058,ETHICS-001,Code de Déontologie Novaryn Tech,2020-09-14,COMP,1.5,83.71,121.54,COMPLIANCE
1058,PM-001,Product Management Essentials,2021-07-19,COMP,20.0,86.02,1256.59,COURSE
1058,AZURE-001,Microsoft Azure Fundamentals,2020-11-22,COMP,28.0,96.32,1530.27,ELEARN
1059,GDPR-001,RGPD & Protection des Données,2018-05-27,COMP,2.0,84.04,208.92,COMPLIANCE
1059,HEALTH-001,Santé & Sécurité au Travail,2018-06-05,COMP,4.0,70.27,232.92,COMPLIANCE
1059,FIRE-001,Sécurité & Évacuation Incendie,2018-06-20,COMP,1.0,95.68,100.06,COMPLIANCE
1059,DEI-001,Égalité Femmes-Hommes,2018-06-10,COMP,3.0,97.08,180.9,COMPLIANCE
1059,FRAUD-001,Prévention Fraude & Corruption,2018-06-20,COMP,2.0,71.88,154.68,COMPLIANCE
1059,ETHICS-001,Code de Déontologie Novaryn Tech,2018-06-10,COMP,1.5,89.68,121.52,COMPLIANCE
1059,COMM-001,Communication & Public Speaking,2023-06-23,COMP,8.0,93.57,398.05,OJT
1059,PYTHON-001,Python for Data Science,2023-10-31,FAIL,24.0,51.51,904.11,ELEARN
1059,AZURE-001,Microsoft Azure Fundamentals,2025-06-03,ENR,28.0,0.0,1732.19,ELEARN
1059,SAFE-001,SAFe Agile Practitioner,2022-06-23,COMP,16.0,65.18,1326.11,COURSE
1059,REACT-001,React & TypeScript Masterclass,2020-04-11,FAIL,36.0,46.61,1242.29,ELEARN
1060,GDPR-001,RGPD & Protection des Données,2021-02-09,COMP,2.0,72.03,181.18,COMPLIANCE
1060,HEALTH-001,Santé & Sécurité au Travail,2021-03-02,COMP,4.0,74.78,229.83,COMPLIANCE
1060,FIRE-001,Sécurité & Évacuation Incendie,2021-01-21,COMP,1.0,84.98,103.59,COMPLIANCE
1060,DEI-001,Égalité Femmes-Hommes,2021-02-04,COMP,3.0,92.8,197.33,COMPLIANCE
1060,FRAUD-001,Prévention Fraude & Corruption,2021-03-07,COMP,2.0,97.52,158.87,COMPLIANCE
1060,ETHICS-001,Code de Déontologie Novaryn Tech,2021-01-21,COMP,1.5,96.99,112.18,COMPLIANCE
1060,EXCEL-001,Excel Avancé & Reporting,2022-04-02,COMP,8.0,93.87,348.75,ELEARN
1060,REACT-001,React & TypeScript Masterclass,2025-06-16,ENR,36.0,0.0,1247.27,ELEARN
1060,LEAD-001,Leadership & Management,2024-04-10,COMP,20.0,66.96,1323.45,COURSE
1060,SCRUM-001,Scrum Fundamentals,2022-06-21,COMP,12.0,65.33,624.73,ELEARN
1060,AZURE-001,Microsoft Azure Fundamentals,2024-04-04,COMP,28.0,67.83,1595.73,ELEARN
1061,GDPR-001,RGPD & Protection des Données,2017-08-26,COMP,2.0,78.58,188.05,COMPLIANCE
1061,HEALTH-001,Santé & Sécurité au Travail,2017-07-24,COMP,4.0,83.02,251.43,COMPLIANCE
1061,FIRE-001,Sécurité & Évacuation Incendie,2017-09-02,COMP,1.0,75.77,101.64,COMPLIANCE
1061,DEI-001,Égalité Femmes-Hommes,2017-08-23,COMP,3.0,98.79,165.46,COMPLIANCE
1061,FRAUD-001,Prévention Fraude & Corruption,2017-07-16,COMP,2.0,94.3,161.8,COMPLIANCE
1061,ETHICS-001,Code de Déontologie Novaryn Tech,2017-08-06,COMP,1.5,93.23,121.64,COMPLIANCE
1061,SQL-001,Advanced SQL for Analytics,2023-11-11,COMP,16.0,98.31,854.79,ELEARN
1061,PYTHON-001,Python for Data Science,2020-08-09,COMP,24.0,67.61,912.24,ELEARN
1062,GDPR-001,RGPD & Protection des Données,2014-01-24,COMP,2.0,84.21,194.08,COMPLIANCE
1062,HEALTH-001,Santé & Sécurité au Travail,2014-01-11,COMP,4.0,96.99,267.67,COMPLIANCE
1062,FIRE-001,Sécurité & Évacuation Incendie,2014-01-23,COMP,1.0,72.01,98.55,COMPLIANCE
1062,DEI-001,Égalité Femmes-Hommes,2013-12-27,COMP,3.0,96.22,182.49,COMPLIANCE
1062,FRAUD-001,Prévention Fraude & Corruption,2013-12-11,COMP,2.0,93.47,143.95,COMPLIANCE
1062,ETHICS-001,Code de Déontologie Novaryn Tech,2013-12-10,COMP,1.5,84.96,109.24,COMPLIANCE
1062,SCRUM-001,Scrum Fundamentals,2021-12-26,COMP,12.0,74.32,667.04,ELEARN
1062,AWS-001,AWS Cloud Practitioner,2022-04-01,COMP,30.0,71.52,1818.59,ELEARN
1062,AZURE-001,Microsoft Azure Fundamentals,2021-09-06,COMP,28.0,80.71,1653.4,ELEARN
1062,SAFE-001,SAFe Agile Practitioner,2023-08-13,COMP,16.0,84.75,1419.3,COURSE
1063,GDPR-001,RGPD & Protection des Données,2016-02-10,COMP,2.0,87.48,217.48,COMPLIANCE
1063,HEALTH-001,Santé & Sécurité au Travail,2016-02-19,COMP,4.0,89.6,226.61,COMPLIANCE
1063,FIRE-001,Sécurité & Évacuation Incendie,2016-02-29,COMP,1.0,77.83,96.69,COMPLIANCE
1063,DEI-001,Égalité Femmes-Hommes,2016-03-22,COMP,3.0,71.78,169.35,COMPLIANCE
1063,FRAUD-001,Prévention Fraude & Corruption,2016-03-26,COMP,2.0,92.02,162.73,COMPLIANCE
1063,ETHICS-001,Code de Déontologie Novaryn Tech,2016-03-16,COMP,1.5,97.37,109.5,COMPLIANCE
1063,LEAD-001,Leadership & Management,2020-12-22,FAIL,20.0,58.05,1544.17,COURSE
1063,PM-001,Product Management Essentials,2024-08-18,COMP,20.0,63.22,1218.51,COURSE
1063,COMM-001,Communication & Public Speaking,2021-11-29,FAIL,8.0,45.14,345.01,OJT
1063,SCRUM-001,Scrum Fundamentals,2021-04-07,COMP,12.0,80.3,627.06,ELEARN
1063,SQL-001,Advanced SQL for Analytics,2022-04-05,COMP,16.0,72.14,883.96,ELEARN
1064,GDPR-001,RGPD & Protection des Données,2021-09-16,COMP,2.0,70.64,182.21,COMPLIANCE
1064,HEALTH-001,Santé & Sécurité au Travail,2021-10-21,COMP,4.0,93.45,234.81,COMPLIANCE
1064,FIRE-001,Sécurité & Évacuation Incendie,2021-10-10,COMP,1.0,95.81,103.64,COMPLIANCE
1064,DEI-001,Égalité Femmes-Hommes,2021-10-19,COMP,3.0,70.54,179.36,COMPLIANCE
1064,FRAUD-001,Prévention Fraude & Corruption,2021-09-26,COMP,2.0,92.97,155.86,COMPLIANCE
1064,ETHICS-001,Code de Déontologie Novaryn Tech,2021-09-29,COMP,1.5,91.04,121.19,COMPLIANCE
1064,K8S-001,Kubernetes Fundamentals,2022-07-02,FAIL,24.0,58.67,1056.34,ELEARN
1064,LEAD-001,Leadership & Management,2022-03-14,COMP,20.0,77.46,1301.07,COURSE
1065,GDPR-001,RGPD & Protection des Données,2024-07-04,COMP,2.0,72.76,180.4,COMPLIANCE
1065,HEALTH-001,Santé & Sécurité au Travail,2024-07-16,COMP,4.0,92.42,269.42,COMPLIANCE
1065,FIRE-001,Sécurité & Évacuation Incendie,2024-08-09,COMP,1.0,86.09,90.92,COMPLIANCE
1065,DEI-001,Égalité Femmes-Hommes,2024-08-10,COMP,3.0,70.45,187.91,COMPLIANCE
1065,FRAUD-001,Prévention Fraude & Corruption,2024-08-11,COMP,2.0,71.71,136.7,COMPLIANCE
1065,ETHICS-001,Code de Déontologie Novaryn Tech,2024-07-18,COMP,1.5,75.42,109.05,COMPLIANCE
1065,PM-001,Product Management Essentials,2024-09-22,COMP,20.0,75.91,1256.73,COURSE
1065,SAFE-001,SAFe Agile Practitioner,2024-10-13,COMP,16.0,63.06,1584.12,COURSE
1065,AWS-001,AWS Cloud Practitioner,2024-11-09,COMP,30.0,88.21,1969.25,ELEARN
1065,AZURE-001,Microsoft Azure Fundamentals,2024-12-30,FAIL,28.0,56.32,1572.9,ELEARN
1066,GDPR-001,RGPD & Protection des Données,2025-01-04,COMP,2.0,98.24,211.21,COMPLIANCE
1066,HEALTH-001,Santé & Sécurité au Travail,2025-01-03,COMP,4.0,96.07,237.21,COMPLIANCE
1066,FIRE-001,Sécurité & Évacuation Incendie,2025-01-02,COMP,1.0,79.57,100.83,COMPLIANCE
1066,DEI-001,Égalité Femmes-Hommes,2024-12-22,COMP,3.0,71.62,194.42,COMPLIANCE
1066,FRAUD-001,Prévention Fraude & Corruption,2025-01-30,COMP,2.0,98.52,149.59,COMPLIANCE
1066,ETHICS-001,Code de Déontologie Novaryn Tech,2024-12-21,COMP,1.5,76.11,111.29,COMPLIANCE
1066,AZURE-001,Microsoft Azure Fundamentals,2024-12-31,COMP,28.0,74.9,1751.86,ELEARN
1066,COMM-001,Communication & Public Speaking,2024-12-31,COMP,8.0,99.12,423.8,OJT
1066,ML-001,Machine Learning Fundamentals,2024-12-31,COMP,40.0,78.15,1414.83,ELEARN
1067,GDPR-001,RGPD & Protection des Données,2023-04-30,COMP,2.0,95.09,190.81,COMPLIANCE
1067,HEALTH-001,Santé & Sécurité au Travail,2023-05-06,COMP,4.0,81.53,266.36,COMPLIANCE
1067,FIRE-001,Sécurité & Évacuation Incendie,2023-04-04,COMP,1.0,71.79,107.09,COMPLIANCE
1067,DEI-001,Égalité Femmes-Hommes,2023-04-23,COMP,3.0,84.86,193.06,COMPLIANCE
1067,FRAUD-001,Prévention Fraude & Corruption,2023-04-23,COMP,2.0,83.32,141.73,COMPLIANCE
1067,ETHICS-001,Code de Déontologie Novaryn Tech,2023-04-23,COMP,1.5,75.53,118.35,COMPLIANCE
1067,SAFE-001,SAFe Agile Practitioner,2024-01-31,COMP,16.0,90.52,1583.63,COURSE
1067,AZURE-001,Microsoft Azure Fundamentals,2024-05-27,FAIL,28.0,54.34,1521.38,ELEARN
1068,GDPR-001,RGPD & Protection des Données,2014-12-22,COMP,2.0,97.22,212.41,COMPLIANCE
1068,HEALTH-001,Santé & Sécurité au Travail,2014-12-06,COMP,4.0,76.5,226.37,COMPLIANCE
1068,FIRE-001,Sécurité & Évacuation Incendie,2014-12-15,COMP,1.0,94.88,98.68,COMPLIANCE
1068,DEI-001,Égalité Femmes-Hommes,2014-11-26,COMP,3.0,93.48,195.43,COMPLIANCE
1068,FRAUD-001,Prévention Fraude & Corruption,2014-12-17,COMP,2.0,71.71,138.28,COMPLIANCE
1068,ETHICS-001,Code de Déontologie Novaryn Tech,2014-11-23,COMP,1.5,98.57,130.38,COMPLIANCE
1068,ML-001,Machine Learning Fundamentals,2025-06-05,ENR,40.0,0.0,1484.85,ELEARN
1068,K8S-001,Kubernetes Fundamentals,2023-12-27,FAIL,24.0,48.88,1262.56,ELEARN
1068,REACT-001,React & TypeScript Masterclass,2022-08-02,COMP,36.0,96.31,1121.05,ELEARN
1068,PM-001,Product Management Essentials,2023-06-04,COMP,20.0,70.98,1379.57,COURSE
1069,GDPR-001,RGPD & Protection des Données,2022-06-22,COMP,2.0,86.28,193.5,COMPLIANCE
1069,HEALTH-001,Santé & Sécurité au Travail,2022-05-29,COMP,4.0,71.16,238.71,COMPLIANCE
1069,FIRE-001,Sécurité & Évacuation Incendie,2022-05-21,COMP,1.0,89.78,105.65,COMPLIANCE
1069,DEI-001,Égalité Femmes-Hommes,2022-06-24,COMP,3.0,93.15,162.44,COMPLIANCE
1069,FRAUD-001,Prévention Fraude & Corruption,2022-05-23,COMP,2.0,87.05,144.63,COMPLIANCE
1069,ETHICS-001,Code de Déontologie Novaryn Tech,2022-05-20,COMP,1.5,95.43,118.65,COMPLIANCE
1069,K8S-001,Kubernetes Fundamentals,2023-09-21,COMP,24.0,98.64,1093.47,ELEARN
1069,SCRUM-001,Scrum Fundamentals,2025-04-27,ENR,12.0,0.0,583.55,ELEARN
1070,GDPR-001,RGPD & Protection des Données,2021-04-18,COMP,2.0,98.17,191.06,COMPLIANCE
1070,HEALTH-001,Santé & Sécurité au Travail,2021-04-20,COMP,4.0,86.54,272.66,COMPLIANCE
1070,FIRE-001,Sécurité & Évacuation Incendie,2021-04-09,COMP,1.0,75.39,105.32,COMPLIANCE
1070,DEI-001,Égalité Femmes-Hommes,2021-03-29,COMP,3.0,77.79,179.82,COMPLIANCE
1070,FRAUD-001,Prévention Fraude & Corruption,2021-03-26,COMP,2.0,88.91,139.41,COMPLIANCE
1070,ETHICS-001,Code de Déontologie Novaryn Tech,2021-04-20,COMP,1.5,89.68,113.58,COMPLIANCE
1070,PYTHON-001,Python for Data Science,2023-09-19,COMP,24.0,77.61,945.2,ELEARN
1070,SAFE-001,SAFe Agile Practitioner,2023-07-10,COMP,16.0,69.12,1589.72,COURSE
1072,GDPR-001,RGPD & Protection des Données,2023-02-13,COMP,2.0,99.26,180.64,COMPLIANCE
1072,HEALTH-001,Santé & Sécurité au Travail,2023-02-19,COMP,4.0,86.21,227.24,COMPLIANCE
1072,FIRE-001,Sécurité & Évacuation Incendie,2023-02-12,COMP,1.0,80.49,91.55,COMPLIANCE
1072,DEI-001,Égalité Femmes-Hommes,2023-02-25,COMP,3.0,73.4,164.79,COMPLIANCE
1072,FRAUD-001,Prévention Fraude & Corruption,2023-02-10,COMP,2.0,79.77,146.14,COMPLIANCE
1072,ETHICS-001,Code de Déontologie Novaryn Tech,2023-03-21,COMP,1.5,90.43,109.71,COMPLIANCE
1072,AZURE-001,Microsoft Azure Fundamentals,2024-03-26,COMP,28.0,76.33,1672.95,ELEARN
1072,PYTHON-001,Python for Data Science,2023-06-22,COMP,24.0,98.94,1036.57,ELEARN
1072,SCRUM-001,Scrum Fundamentals,2024-07-28,COMP,12.0,61.78,677.46,ELEARN
1072,SQL-001,Advanced SQL for Analytics,2023-05-21,FAIL,16.0,40.49,826.17,ELEARN
1072,PM-001,Product Management Essentials,2025-06-04,ENR,20.0,0.0,1277.68,COURSE
1073,GDPR-001,RGPD & Protection des Données,2020-12-14,COMP,2.0,85.25,203.26,COMPLIANCE
1073,HEALTH-001,Santé & Sécurité au Travail,2020-11-19,COMP,4.0,98.2,243.94,COMPLIANCE
1073,FIRE-001,Sécurité & Évacuation Incendie,2020-12-04,COMP,1.0,70.98,104.53,COMPLIANCE
1073,DEI-001,Égalité Femmes-Hommes,2020-11-21,COMP,3.0,92.88,185.37,COMPLIANCE
1073,FRAUD-001,Prévention Fraude & Corruption,2020-11-01,COMP,2.0,98.76,164.77,COMPLIANCE
1073,ETHICS-001,Code de Déontologie Novaryn Tech,2020-12-03,COMP,1.5,85.1,121.79,COMPLIANCE
1073,ML-001,Machine Learning Fundamentals,2024-03-05,COMP,40.0,86.37,1609.76,ELEARN
1073,COMM-001,Communication & Public Speaking,2022-06-03,COMP,8.0,67.8,409.03,OJT
1073,LEAD-001,Leadership & Management,2023-08-14,FAIL,20.0,46.25,1634.55,COURSE
1073,EXCEL-001,Excel Avancé & Reporting,2022-02-11,FAIL,8.0,44.39,377.78,ELEARN
1073,SCRUM-001,Scrum Fundamentals,2021-02-28,FAIL,12.0,53.17,590.1,ELEARN
1074,GDPR-001,RGPD & Protection des Données,2016-04-22,COMP,2.0,80.86,194.08,COMPLIANCE
1074,HEALTH-001,Santé & Sécurité au Travail,2016-04-28,COMP,4.0,72.29,243.11,COMPLIANCE
1074,FIRE-001,Sécurité & Évacuation Incendie,2016-04-26,COMP,1.0,88.16,98.98,COMPLIANCE
1074,DEI-001,Égalité Femmes-Hommes,2016-04-22,COMP,3.0,76.89,191.8,COMPLIANCE
1074,FRAUD-001,Prévention Fraude & Corruption,2016-04-04,COMP,2.0,97.77,142.35,COMPLIANCE
1074,ETHICS-001,Code de Déontologie Novaryn Tech,2016-04-22,COMP,1.5,90.22,123.98,COMPLIANCE
1074,EXCEL-001,Excel Avancé & Reporting,2020-10-10,COMP,8.0,76.34,400.6,ELEARN
1074,AZURE-001,Microsoft Azure Fundamentals,2021-12-12,COMP,28.0,79.77,1783.09,ELEARN
1074,SQL-001,Advanced SQL for Analytics,2024-11-22,COMP,16.0,67.2,788.98,ELEARN
1074,SAFE-001,SAFe Agile Practitioner,2024-12-29,COMP,16.0,76.75,1511.51,COURSE
1075,GDPR-001,RGPD & Protection des Données,2017-11-22,COMP,2.0,97.9,209.71,COMPLIANCE
1075,HEALTH-001,Santé & Sécurité au Travail,2017-10-16,COMP,4.0,96.08,266.69,COMPLIANCE
1075,FIRE-001,Sécurité & Évacuation Incendie,2017-10-09,COMP,1.0,90.7,109.8,COMPLIANCE
1075,DEI-001,Égalité Femmes-Hommes,2017-10-16,COMP,3.0,85.45,181.06,COMPLIANCE
1075,FRAUD-001,Prévention Fraude & Corruption,2017-11-01,COMP,2.0,97.13,145.63,COMPLIANCE
1075,ETHICS-001,Code de Déontologie Novaryn Tech,2017-11-02,COMP,1.5,90.91,113.79,COMPLIANCE
1075,LEAD-001,Leadership & Management,2020-03-05,COMP,20.0,64.31,1599.98,COURSE
1075,SQL-001,Advanced SQL for Analytics,2022-04-17,COMP,16.0,96.83,907.98,ELEARN
1075,COMM-001,Communication & Public Speaking,2024-11-25,FAIL,8.0,51.99,428.88,OJT
1075,PM-001,Product Management Essentials,2020-05-04,COMP,20.0,90.31,1272.04,COURSE
1076,GDPR-001,RGPD & Protection des Données,2021-07-26,COMP,2.0,75.5,210.64,COMPLIANCE
1076,HEALTH-001,Santé & Sécurité au Travail,2021-08-01,COMP,4.0,98.1,229.19,COMPLIANCE
1076,FIRE-001,Sécurité & Évacuation Incendie,2021-06-10,COMP,1.0,87.81,97.4,COMPLIANCE
1076,DEI-001,Égalité Femmes-Hommes,2021-07-21,COMP,3.0,83.61,173.54,COMPLIANCE
1076,FRAUD-001,Prévention Fraude & Corruption,2021-06-21,COMP,2.0,85.26,152.64,COMPLIANCE
1076,ETHICS-001,Code de Déontologie Novaryn Tech,2021-07-29,COMP,1.5,72.91,115.14,COMPLIANCE
1076,SCRUM-001,Scrum Fundamentals,2024-11-29,COMP,12.0,93.76,586.8,ELEARN
1076,PM-001,Product Management Essentials,2024-11-18,COMP,20.0,72.74,1084.23,COURSE
1076,ML-001,Machine Learning Fundamentals,2022-05-31,COMP,40.0,92.56,1712.62,ELEARN
1076,SAFE-001,SAFe Agile Practitioner,2023-09-01,FAIL,16.0,44.0,1408.04,COURSE
1077,GDPR-001,RGPD & Protection des Données,2015-11-12,COMP,2.0,96.39,192.57,COMPLIANCE
1077,HEALTH-001,Santé & Sécurité au Travail,2015-10-29,COMP,4.0,78.54,230.93,COMPLIANCE
1077,FIRE-001,Sécurité & Évacuation Incendie,2015-10-24,COMP,1.0,84.6,94.47,COMPLIANCE
1077,DEI-001,Égalité Femmes-Hommes,2015-10-17,COMP,3.0,78.65,195.04,COMPLIANCE
1077,FRAUD-001,Prévention Fraude & Corruption,2015-11-14,COMP,2.0,92.6,162.74,COMPLIANCE
1077,ETHICS-001,Code de Déontologie Novaryn Tech,2015-11-18,COMP,1.5,78.36,110.3,COMPLIANCE
1077,SCRUM-001,Scrum Fundamentals,2024-05-31,FAIL,12.0,50.26,653.82,ELEARN
1077,PM-001,Product Management Essentials,2023-10-05,COMP,20.0,93.3,1029.28,COURSE
1077,EXCEL-001,Excel Avancé & Reporting,2022-05-14,COMP,8.0,97.67,408.54,ELEARN
1078,GDPR-001,RGPD & Protection des Données,2024-03-09,COMP,2.0,83.34,185.05,COMPLIANCE
1078,HEALTH-001,Santé & Sécurité au Travail,2024-02-21,COMP,4.0,78.85,230.48,COMPLIANCE
1078,FIRE-001,Sécurité & Évacuation Incendie,2024-03-08,COMP,1.0,97.58,92.4,COMPLIANCE
1078,DEI-001,Égalité Femmes-Hommes,2024-02-19,COMP,3.0,84.8,165.13,COMPLIANCE
1078,FRAUD-001,Prévention Fraude & Corruption,2024-01-31,COMP,2.0,99.79,156.95,COMPLIANCE
1078,ETHICS-001,Code de Déontologie Novaryn Tech,2024-01-30,COMP,1.5,99.05,127.29,COMPLIANCE
1078,COMM-001,Communication & Public Speaking,2024-06-24,COMP,8.0,73.41,394.42,OJT
1078,LEAD-001,Leadership & Management,2025-06-25,ENR,20.0,0.0,1624.67,COURSE
1078,SQL-001,Advanced SQL for Analytics,2025-05-10,ENR,16.0,0.0,894.15,ELEARN
1079,GDPR-001,RGPD & Protection des Données,2015-12-02,COMP,2.0,83.0,217.29,COMPLIANCE
1079,HEALTH-001,Santé & Sécurité au Travail,2016-01-19,COMP,4.0,85.64,234.52,COMPLIANCE
1079,FIRE-001,Sécurité & Évacuation Incendie,2016-01-04,COMP,1.0,89.83,107.55,COMPLIANCE
1079,DEI-001,Égalité Femmes-Hommes,2015-12-02,COMP,3.0,98.48,184.58,COMPLIANCE
1079,FRAUD-001,Prévention Fraude & Corruption,2015-12-15,COMP,2.0,74.11,146.29,COMPLIANCE
1079,ETHICS-001,Code de Déontologie Novaryn Tech,2015-12-14,COMP,1.5,90.2,114.37,COMPLIANCE
1079,K8S-001,Kubernetes Fundamentals,2024-03-07,COMP,24.0,67.94,1224.04,ELEARN
1079,PYTHON-001,Python for Data Science,2020-10-10,FAIL,24.0,56.29,1074.83,ELEARN
1079,EXCEL-001,Excel Avancé & Reporting,2023-12-31,COMP,8.0,62.69,406.93,ELEARN
1080,GDPR-001,RGPD & Protection des Données,2017-09-04,COMP,2.0,91.3,181.55,COMPLIANCE
1080,HEALTH-001,Santé & Sécurité au Travail,2017-10-05,COMP,4.0,77.89,244.01,COMPLIANCE
1080,FIRE-001,Sécurité & Évacuation Incendie,2017-09-28,COMP,1.0,77.04,96.97,COMPLIANCE
1080,DEI-001,Égalité Femmes-Hommes,2017-09-24,COMP,3.0,89.71,168.48,COMPLIANCE
1080,FRAUD-001,Prévention Fraude & Corruption,2017-09-10,COMP,2.0,95.22,161.25,COMPLIANCE
1080,ETHICS-001,Code de Déontologie Novaryn Tech,2017-10-03,COMP,1.5,84.55,127.12,COMPLIANCE
1080,PM-001,Product Management Essentials,2022-12-17,COMP,20.0,64.49,1337.12,COURSE
1080,SQL-001,Advanced SQL for Analytics,2025-05-06,ENR,16.0,0.0,780.7,ELEARN
1080,ML-001,Machine Learning Fundamentals,2022-11-01,COMP,40.0,69.9,1563.94,ELEARN
1080,K8S-001,Kubernetes Fundamentals,2022-09-24,COMP,24.0,98.25,1153.0,ELEARN
1080,AZURE-001,Microsoft Azure Fundamentals,2020-11-20,COMP,28.0,75.92,1421.47,ELEARN
1081,GDPR-001,RGPD & Protection des Données,2016-02-24,COMP,2.0,95.2,214.56,COMPLIANCE
1081,HEALTH-001,Santé & Sécurité au Travail,2016-03-03,COMP,4.0,82.36,236.74,COMPLIANCE
1081,FIRE-001,Sécurité & Évacuation Incendie,2016-02-12,COMP,1.0,78.04,94.3,COMPLIANCE
1081,DEI-001,Égalité Femmes-Hommes,2016-03-15,COMP,3.0,82.27,182.24,COMPLIANCE
1081,FRAUD-001,Prévention Fraude & Corruption,2016-02-14,COMP,2.0,77.85,144.53,COMPLIANCE
1081,ETHICS-001,Code de Déontologie Novaryn Tech,2016-02-19,COMP,1.5,94.27,118.2,COMPLIANCE
1081,SCRUM-001,Scrum Fundamentals,2021-05-14,COMP,12.0,92.74,565.53,ELEARN
1081,AZURE-001,Microsoft Azure Fundamentals,2022-10-21,COMP,28.0,82.9,1439.94,ELEARN
1081,K8S-001,Kubernetes Fundamentals,2023-07-02,COMP,24.0,85.01,1247.8,ELEARN
1081,AWS-001,AWS Cloud Practitioner,2024-03-19,COMP,30.0,73.19,1856.68,ELEARN
1082,GDPR-001,RGPD & Protection des Données,2020-04-12,COMP,2.0,98.51,180.84,COMPLIANCE
1082,HEALTH-001,Santé & Sécurité au Travail,2020-05-05,COMP,4.0,72.71,260.24,COMPLIANCE
1082,FIRE-001,Sécurité & Évacuation Incendie,2020-05-03,COMP,1.0,93.01,101.06,COMPLIANCE
1082,DEI-001,Égalité Femmes-Hommes,2020-05-22,COMP,3.0,71.48,169.58,COMPLIANCE
1082,FRAUD-001,Prévention Fraude & Corruption,2020-05-15,COMP,2.0,75.95,139.71,COMPLIANCE
1082,ETHICS-001,Code de Déontologie Novaryn Tech,2020-05-15,COMP,1.5,81.87,125.23,COMPLIANCE
1082,EXCEL-001,Excel Avancé & Reporting,2022-12-15,COMP,8.0,82.12,369.84,ELEARN
1082,PYTHON-001,Python for Data Science,2023-11-29,COMP,24.0,93.82,1076.54,ELEARN
1082,SQL-001,Advanced SQL for Analytics,2020-10-25,COMP,16.0,80.06,869.92,ELEARN
1082,SAFE-001,SAFe Agile Practitioner,2024-05-16,COMP,16.0,71.32,1200.18,COURSE
1083,GDPR-001,RGPD & Protection des Données,2014-05-19,COMP,2.0,93.17,189.89,COMPLIANCE
1083,HEALTH-001,Santé & Sécurité au Travail,2014-04-26,COMP,4.0,92.5,265.65,COMPLIANCE
1083,FIRE-001,Sécurité & Évacuation Incendie,2014-05-03,COMP,1.0,89.66,92.62,COMPLIANCE
1083,DEI-001,Égalité Femmes-Hommes,2014-05-26,COMP,3.0,96.3,193.03,COMPLIANCE
1083,FRAUD-001,Prévention Fraude & Corruption,2014-04-13,COMP,2.0,72.22,156.66,COMPLIANCE
1083,ETHICS-001,Code de Déontologie Novaryn Tech,2014-05-27,COMP,1.5,91.98,108.48,COMPLIANCE
1083,LEAD-001,Leadership & Management,2025-04-24,ENR,20.0,0.0,1649.16,COURSE
1083,COMM-001,Communication & Public Speaking,2025-05-11,ENR,8.0,0.0,391.02,OJT
1083,PM-001,Product Management Essentials,2025-05-08,ENR,20.0,0.0,1118.66,COURSE
1084,GDPR-001,RGPD & Protection des Données,2020-02-04,COMP,2.0,72.99,218.77,COMPLIANCE
1084,HEALTH-001,Santé & Sécurité au Travail,2020-02-28,COMP,4.0,84.14,239.56,COMPLIANCE
1084,FIRE-001,Sécurité & Évacuation Incendie,2020-01-28,COMP,1.0,76.67,98.13,COMPLIANCE
1084,DEI-001,Égalité Femmes-Hommes,2020-02-09,COMP,3.0,84.5,194.68,COMPLIANCE
1084,FRAUD-001,Prévention Fraude & Corruption,2020-02-26,COMP,2.0,85.2,146.47,COMPLIANCE
1084,ETHICS-001,Code de Déontologie Novaryn Tech,2020-02-23,COMP,1.5,91.83,130.83,COMPLIANCE
1084,K8S-001,Kubernetes Fundamentals,2023-01-14,COMP,24.0,61.0,1189.5,ELEARN
1084,AWS-001,AWS Cloud Practitioner,2021-04-10,COMP,30.0,79.07,1588.83,ELEARN
1085,GDPR-001,RGPD & Protection des Données,2018-12-30,COMP,2.0,79.97,212.39,COMPLIANCE
1085,HEALTH-001,Santé & Sécurité au Travail,2018-12-16,COMP,4.0,72.86,233.46,COMPLIANCE
1085,FIRE-001,Sécurité & Évacuation Incendie,2019-01-11,COMP,1.0,87.8,91.68,COMPLIANCE
1085,DEI-001,Égalité Femmes-Hommes,2019-01-05,COMP,3.0,88.49,179.05,COMPLIANCE
1085,FRAUD-001,Prévention Fraude & Corruption,2019-01-26,COMP,2.0,95.19,157.82,COMPLIANCE
1085,ETHICS-001,Code de Déontologie Novaryn Tech,2018-12-14,COMP,1.5,93.02,114.05,COMPLIANCE
1085,COMM-001,Communication & Public Speaking,2023-06-09,COMP,8.0,82.61,388.78,OJT
1085,SQL-001,Advanced SQL for Analytics,2024-05-17,COMP,16.0,87.62,861.21,ELEARN
1085,PYTHON-001,Python for Data Science,2025-06-08,ENR,24.0,0.0,999.94,ELEARN
1085,SCRUM-001,Scrum Fundamentals,2024-08-12,FAIL,12.0,44.48,593.05,ELEARN
1086,GDPR-001,RGPD & Protection des Données,2013-10-01,COMP,2.0,85.43,214.35,COMPLIANCE
1086,HEALTH-001,Santé & Sécurité au Travail,2013-10-17,COMP,4.0,72.44,230.25,COMPLIANCE
1086,FIRE-001,Sécurité & Évacuation Incendie,2013-10-15,COMP,1.0,72.33,92.55,COMPLIANCE
1086,DEI-001,Égalité Femmes-Hommes,2013-09-01,COMP,3.0,74.86,188.93,COMPLIANCE
1086,FRAUD-001,Prévention Fraude & Corruption,2013-09-11,COMP,2.0,75.92,161.09,COMPLIANCE
1086,ETHICS-001,Code de Déontologie Novaryn Tech,2013-09-08,COMP,1.5,71.17,118.18,COMPLIANCE
1086,SAFE-001,SAFe Agile Practitioner,2023-12-06,COMP,16.0,94.97,1365.62,COURSE
1086,ML-001,Machine Learning Fundamentals,2023-07-07,COMP,40.0,64.7,1837.96,ELEARN
1086,K8S-001,Kubernetes Fundamentals,2025-06-25,ENR,24.0,0.0,1024.47,ELEARN
1087,GDPR-001,RGPD & Protection des Données,2018-02-06,COMP,2.0,88.45,194.87,COMPLIANCE
1087,HEALTH-001,Santé & Sécurité au Travail,2018-02-27,COMP,4.0,74.98,239.51,COMPLIANCE
1087,FIRE-001,Sécurité & Évacuation Incendie,2018-03-01,COMP,1.0,76.13,102.28,COMPLIANCE
1087,DEI-001,Égalité Femmes-Hommes,2018-03-03,COMP,3.0,81.14,183.76,COMPLIANCE
1087,FRAUD-001,Prévention Fraude & Corruption,2018-02-16,COMP,2.0,83.89,163.09,COMPLIANCE
1087,ETHICS-001,Code de Déontologie Novaryn Tech,2018-03-05,COMP,1.5,91.6,128.46,COMPLIANCE
1087,PYTHON-001,Python for Data Science,2021-08-05,COMP,24.0,76.65,895.1,ELEARN
1087,ML-001,Machine Learning Fundamentals,2024-05-29,COMP,40.0,99.08,1509.68,ELEARN
1087,K8S-001,Kubernetes Fundamentals,2023-01-29,COMP,24.0,87.76,1112.45,ELEARN
1088,GDPR-001,RGPD & Protection des Données,2020-01-08,COMP,2.0,72.84,205.0,COMPLIANCE
1088,HEALTH-001,Santé & Sécurité au Travail,2020-01-25,COMP,4.0,74.69,242.52,COMPLIANCE
1088,FIRE-001,Sécurité & Évacuation Incendie,2020-01-22,COMP,1.0,96.5,96.9,COMPLIANCE
1088,DEI-001,Égalité Femmes-Hommes,2019-12-18,COMP,3.0,97.84,171.88,COMPLIANCE
1088,FRAUD-001,Prévention Fraude & Corruption,2020-02-08,COMP,2.0,97.35,147.78,COMPLIANCE
1088,ETHICS-001,Code de Déontologie Novaryn Tech,2020-02-02,COMP,1.5,79.17,122.99,COMPLIANCE
1088,AZURE-001,Microsoft Azure Fundamentals,2024-06-05,COMP,28.0,64.12,1463.89,ELEARN
1088,ML-001,Machine Learning Fundamentals,2023-12-13,COMP,40.0,82.55,1420.82,ELEARN
1088,COMM-001,Communication & Public Speaking,2020-08-17,COMP,8.0,85.79,385.95,OJT
1088,AWS-001,AWS Cloud Practitioner,2021-12-02,COMP,30.0,94.14,1856.58,ELEARN
1088,LEAD-001,Leadership & Management,2022-06-17,FAIL,20.0,54.01,1552.15,COURSE
1089,GDPR-001,RGPD & Protection des Données,2023-03-21,COMP,2.0,76.28,180.11,COMPLIANCE
1089,HEALTH-001,Santé & Sécurité au Travail,2023-03-05,COMP,4.0,99.67,229.57,COMPLIANCE
1089,FIRE-001,Sécurité & Évacuation Incendie,2023-04-11,COMP,1.0,88.45,92.87,COMPLIANCE
1089,DEI-001,Égalité Femmes-Hommes,2023-03-21,COMP,3.0,96.24,173.64,COMPLIANCE
1089,FRAUD-001,Prévention Fraude & Corruption,2023-02-22,COMP,2.0,74.11,159.22,COMPLIANCE
1089,ETHICS-001,Code de Déontologie Novaryn Tech,2023-03-18,COMP,1.5,89.95,115.85,COMPLIANCE
1089,AWS-001,AWS Cloud Practitioner,2024-07-12,COMP,30.0,90.96,1911.37,ELEARN
1089,ML-001,Machine Learning Fundamentals,2023-08-22,COMP,40.0,93.55,1512.15,ELEARN
1090,GDPR-001,RGPD & Protection des Données,2013-01-23,COMP,2.0,96.5,213.69,COMPLIANCE
1090,HEALTH-001,Santé & Sécurité au Travail,2013-01-28,COMP,4.0,98.36,266.68,COMPLIANCE
1090,FIRE-001,Sécurité & Évacuation Incendie,2013-03-04,COMP,1.0,74.29,98.74,COMPLIANCE
1090,DEI-001,Égalité Femmes-Hommes,2013-02-15,COMP,3.0,84.7,190.4,COMPLIANCE
1090,FRAUD-001,Prévention Fraude & Corruption,2013-03-02,COMP,2.0,73.61,161.99,COMPLIANCE
1090,ETHICS-001,Code de Déontologie Novaryn Tech,2013-02-28,COMP,1.5,80.45,108.61,COMPLIANCE
1090,K8S-001,Kubernetes Fundamentals,2022-06-13,COMP,24.0,82.39,1264.31,ELEARN
1090,SAFE-001,SAFe Agile Practitioner,2023-09-23,FAIL,16.0,47.27,1265.18,COURSE
1090,SQL-001,Advanced SQL for Analytics,2025-04-01,ENR,16.0,0.0,727.0,ELEARN
1090,REACT-001,React & TypeScript Masterclass,2021-01-12,COMP,36.0,67.8,1231.03,ELEARN
1091,GDPR-001,RGPD & Protection des Données,2017-11-06,COMP,2.0,72.82,194.75,COMPLIANCE
1091,HEALTH-001,Santé & Sécurité au Travail,2017-11-01,COMP,4.0,85.08,225.65,COMPLIANCE
1091,FIRE-001,Sécurité & Évacuation Incendie,2017-11-02,COMP,1.0,71.01,95.5,COMPLIANCE
1091,DEI-001,Égalité Femmes-Hommes,2017-11-15,COMP,3.0,81.95,197.85,COMPLIANCE
1091,FRAUD-001,Prévention Fraude & Corruption,2017-11-30,COMP,2.0,77.59,153.76,COMPLIANCE
1091,ETHICS-001,Code de Déontologie Novaryn Tech,2017-11-21,COMP,1.5,94.7,128.72,COMPLIANCE
1091,PM-001,Product Management Essentials,2020-03-30,COMP,20.0,95.0,1290.21,COURSE
1091,SAFE-001,SAFe Agile Practitioner,2025-04-04,ENR,16.0,0.0,1345.2,COURSE
1091,K8S-001,Kubernetes Fundamentals,2021-05-07,COMP,24.0,88.53,1167.86,ELEARN
1091,COMM-001,Communication & Public Speaking,2022-08-23,COMP,8.0,94.04,349.94,OJT
1091,PYTHON-001,Python for Data Science,2025-04-15,ENR,24.0,0.0,866.81,ELEARN
1092,GDPR-001,RGPD & Protection des Données,2015-05-22,COMP,2.0,91.32,192.57,COMPLIANCE
1092,HEALTH-001,Santé & Sécurité au Travail,2015-05-16,COMP,4.0,78.32,267.63,COMPLIANCE
1092,FIRE-001,Sécurité & Évacuation Incendie,2015-05-23,COMP,1.0,88.42,90.33,COMPLIANCE
1092,DEI-001,Égalité Femmes-Hommes,2015-06-04,COMP,3.0,90.16,194.39,COMPLIANCE
1092,FRAUD-001,Prévention Fraude & Corruption,2015-05-27,COMP,2.0,75.08,164.59,COMPLIANCE
1092,ETHICS-001,Code de Déontologie Novaryn Tech,2015-05-28,COMP,1.5,98.33,120.39,COMPLIANCE
1092,REACT-001,React & TypeScript Masterclass,2020-02-12,COMP,36.0,90.45,1073.11,ELEARN
1092,SAFE-001,SAFe Agile Practitioner,2024-09-11,COMP,16.0,66.9,1208.69,COURSE
1092,COMM-001,Communication & Public Speaking,2023-06-21,COMP,8.0,87.55,389.11,OJT
1092,SCRUM-001,Scrum Fundamentals,2020-10-16,COMP,12.0,93.68,679.4,ELEARN
1092,LEAD-001,Leadership & Management,2021-11-29,COMP,20.0,82.42,1327.97,COURSE
1093,GDPR-001,RGPD & Protection des Données,2019-09-24,COMP,2.0,87.05,207.85,COMPLIANCE
1093,HEALTH-001,Santé & Sécurité au Travail,2019-10-01,COMP,4.0,97.91,229.41,COMPLIANCE
1093,FIRE-001,Sécurité & Évacuation Incendie,2019-08-31,COMP,1.0,75.48,91.73,COMPLIANCE
1093,DEI-001,Égalité Femmes-Hommes,2019-09-15,COMP,3.0,87.73,196.77,COMPLIANCE
1093,FRAUD-001,Prévention Fraude & Corruption,2019-10-14,COMP,2.0,75.08,135.31,COMPLIANCE
1093,ETHICS-001,Code de Déontologie Novaryn Tech,2019-10-05,COMP,1.5,81.24,109.95,COMPLIANCE
1093,AZURE-001,Microsoft Azure Fundamentals,2020-12-18,FAIL,28.0,56.43,1718.76,ELEARN
1093,SAFE-001,SAFe Agile Practitioner,2025-05-09,ENR,16.0,0.0,1212.4,COURSE
1093,COMM-001,Communication & Public Speaking,2025-04-22,ENR,8.0,0.0,373.48,OJT
1094,GDPR-001,RGPD & Protection des Données,2015-03-29,COMP,2.0,79.47,189.04,COMPLIANCE
1094,HEALTH-001,Santé & Sécurité au Travail,2015-03-05,COMP,4.0,78.18,234.96,COMPLIANCE
1094,FIRE-001,Sécurité & Évacuation Incendie,2015-03-11,COMP,1.0,77.78,98.79,COMPLIANCE
1094,DEI-001,Égalité Femmes-Hommes,2015-02-26,COMP,3.0,84.7,182.83,COMPLIANCE
1094,FRAUD-001,Prévention Fraude & Corruption,2015-03-15,COMP,2.0,93.17,150.69,COMPLIANCE
1094,ETHICS-001,Code de Déontologie Novaryn Tech,2015-04-15,COMP,1.5,88.93,127.96,COMPLIANCE
1094,PM-001,Product Management Essentials,2021-04-23,COMP,20.0,82.75,1377.75,COURSE
1094,REACT-001,React & TypeScript Masterclass,2024-03-28,COMP,36.0,85.84,1265.53,ELEARN
1095,GDPR-001,RGPD & Protection des Données,2016-04-26,COMP,2.0,76.22,207.99,COMPLIANCE
1095,HEALTH-001,Santé & Sécurité au Travail,2016-05-10,COMP,4.0,86.55,262.16,COMPLIANCE
1095,FIRE-001,Sécurité & Évacuation Incendie,2016-04-25,COMP,1.0,72.72,105.47,COMPLIANCE
1095,DEI-001,Égalité Femmes-Hommes,2016-04-24,COMP,3.0,76.55,171.39,COMPLIANCE
1095,FRAUD-001,Prévention Fraude & Corruption,2016-04-15,COMP,2.0,85.51,153.93,COMPLIANCE
1095,ETHICS-001,Code de Déontologie Novaryn Tech,2016-05-08,COMP,1.5,74.19,122.08,COMPLIANCE
1095,PM-001,Product Management Essentials,2022-06-25,FAIL,20.0,46.13,1057.66,COURSE
1095,REACT-001,React & TypeScript Masterclass,2024-04-30,COMP,36.0,96.04,1077.15,ELEARN
1095,SAFE-001,SAFe Agile Practitioner,2022-04-29,COMP,16.0,73.47,1569.25,COURSE
1095,EXCEL-001,Excel Avancé & Reporting,2023-07-14,COMP,8.0,74.32,359.53,ELEARN
1096,GDPR-001,RGPD & Protection des Données,2021-06-22,COMP,2.0,75.58,180.87,COMPLIANCE
1096,HEALTH-001,Santé & Sécurité au Travail,2021-07-09,COMP,4.0,88.5,254.68,COMPLIANCE
1096,FIRE-001,Sécurité & Évacuation Incendie,2021-07-02,COMP,1.0,83.05,97.99,COMPLIANCE
1096,DEI-001,Égalité Femmes-Hommes,2021-07-11,COMP,3.0,77.31,188.04,COMPLIANCE
1096,FRAUD-001,Prévention Fraude & Corruption,2021-06-26,COMP,2.0,80.14,155.36,COMPLIANCE
1096,ETHICS-001,Code de Déontologie Novaryn Tech,2021-06-07,COMP,1.5,71.2,130.3,COMPLIANCE
1096,EXCEL-001,Excel Avancé & Reporting,2023-08-29,COMP,8.0,90.96,454.48,ELEARN
1096,ML-001,Machine Learning Fundamentals,2023-08-13,COMP,40.0,61.14,1605.86,ELEARN
1096,LEAD-001,Leadership & Management,2022-08-23,FAIL,20.0,56.85,1709.36,COURSE
1097,GDPR-001,RGPD & Protection des Données,2023-03-16,COMP,2.0,75.95,218.9,COMPLIANCE
1097,HEALTH-001,Santé & Sécurité au Travail,2023-03-31,COMP,4.0,74.19,258.17,COMPLIANCE
1097,FIRE-001,Sécurité & Évacuation Incendie,2023-04-02,COMP,1.0,98.8,109.41,COMPLIANCE
1097,DEI-001,Égalité Femmes-Hommes,2023-03-02,COMP,3.0,93.79,167.09,COMPLIANCE
1097,FRAUD-001,Prévention Fraude & Corruption,2023-03-05,COMP,2.0,83.76,139.96,COMPLIANCE
1097,ETHICS-001,Code de Déontologie Novaryn Tech,2023-02-11,COMP,1.5,89.76,112.81,COMPLIANCE
1097,AZURE-001,Microsoft Azure Fundamentals,2024-04-23,COMP,28.0,94.31,1569.54,ELEARN
1097,EXCEL-001,Excel Avancé & Reporting,2025-04-19,ENR,8.0,0.0,422.17,ELEARN
1097,LEAD-001,Leadership & Management,2025-05-17,ENR,20.0,0.0,1277.23,COURSE
1098,GDPR-001,RGPD & Protection des Données,2013-08-19,COMP,2.0,80.34,198.83,COMPLIANCE
1098,HEALTH-001,Santé & Sécurité au Travail,2013-09-21,COMP,4.0,81.82,235.62,COMPLIANCE
1098,FIRE-001,Sécurité & Évacuation Incendie,2013-09-08,COMP,1.0,90.05,106.63,COMPLIANCE
1098,DEI-001,Égalité Femmes-Hommes,2013-09-23,COMP,3.0,77.28,195.01,COMPLIANCE
1098,FRAUD-001,Prévention Fraude & Corruption,2013-09-02,COMP,2.0,73.86,157.89,COMPLIANCE
1098,ETHICS-001,Code de Déontologie Novaryn Tech,2013-08-17,COMP,1.5,82.0,115.85,COMPLIANCE
1098,SAFE-001,SAFe Agile Practitioner,2023-04-06,COMP,16.0,62.87,1395.09,COURSE
1098,COMM-001,Communication & Public Speaking,2025-06-14,ENR,8.0,0.0,343.23,OJT
1098,REACT-001,React & TypeScript Masterclass,2024-04-28,FAIL,36.0,43.39,1104.66,ELEARN
1098,PM-001,Product Management Essentials,2021-02-28,COMP,20.0,80.06,1020.57,COURSE
1099,GDPR-001,RGPD & Protection des Données,2019-01-14,COMP,2.0,92.55,216.58,COMPLIANCE
1099,HEALTH-001,Santé & Sécurité au Travail,2019-01-17,COMP,4.0,76.9,250.0,COMPLIANCE
1099,FIRE-001,Sécurité & Évacuation Incendie,2018-12-09,COMP,1.0,76.34,98.71,COMPLIANCE
1099,DEI-001,Égalité Femmes-Hommes,2018-12-28,COMP,3.0,81.52,168.48,COMPLIANCE
1099,FRAUD-001,Prévention Fraude & Corruption,2018-12-16,COMP,2.0,78.55,146.6,COMPLIANCE
1099,ETHICS-001,Code de Déontologie Novaryn Tech,2019-01-28,COMP,1.5,84.42,114.26,COMPLIANCE
1099,PYTHON-001,Python for Data Science,2020-08-04,COMP,24.0,63.31,1055.82,ELEARN
1099,EXCEL-001,Excel Avancé & Reporting,2022-05-08,COMP,8.0,94.5,436.43,ELEARN
1099,REACT-001,React & TypeScript Masterclass,2023-07-13,COMP,36.0,72.76,1226.89,ELEARN
1099,ML-001,Machine Learning Fundamentals,2022-11-21,COMP,40.0,78.19,1593.35,ELEARN
1099,LEAD-001,Leadership & Management,2024-04-26,FAIL,20.0,47.63,1622.11,COURSE
1100,GDPR-001,RGPD & Protection des Données,2015-09-16,COMP,2.0,82.75,209.68,COMPLIANCE
1100,HEALTH-001,Santé & Sécurité au Travail,2015-09-04,COMP,4.0,88.11,265.12,COMPLIANCE
1100,FIRE-001,Sécurité & Évacuation Incendie,2015-09-25,COMP,1.0,85.06,105.62,COMPLIANCE
1100,DEI-001,Égalité Femmes-Hommes,2015-10-12,COMP,3.0,80.05,181.26,COMPLIANCE
1100,FRAUD-001,Prévention Fraude & Corruption,2015-09-20,COMP,2.0,73.35,140.37,COMPLIANCE
1100,ETHICS-001,Code de Déontologie Novaryn Tech,2015-09-24,COMP,1.5,85.95,117.2,COMPLIANCE
1100,PYTHON-001,Python for Data Science,2022-04-10,COMP,24.0,97.37,1027.05,ELEARN
1100,SCRUM-001,Scrum Fundamentals,2020-01-08,COMP,12.0,92.51,640.97,ELEARN
1101,GDPR-001,RGPD & Protection des Données,2014-11-25,COMP,2.0,83.05,198.59,COMPLIANCE
1101,HEALTH-001,Santé & Sécurité au Travail,2014-10-29,COMP,4.0,73.65,249.48,COMPLIANCE
1101,FIRE-001,Sécurité & Évacuation Incendie,2014-11-19,COMP,1.0,71.5,101.99,COMPLIANCE
1101,DEI-001,Égalité Femmes-Hommes,2014-11-19,COMP,3.0,77.57,174.15,COMPLIANCE
1101,FRAUD-001,Prévention Fraude & Corruption,2014-11-14,COMP,2.0,93.01,135.71,COMPLIANCE
1101,ETHICS-001,Code de Déontologie Novaryn Tech,2014-11-13,COMP,1.5,75.36,116.57,COMPLIANCE
1101,K8S-001,Kubernetes Fundamentals,2022-05-28,COMP,24.0,61.42,971.86,ELEARN
1101,SQL-001,Advanced SQL for Analytics,2025-06-07,ENR,16.0,0.0,857.28,ELEARN
1102,GDPR-001,RGPD & Protection des Données,2018-09-13,COMP,2.0,75.26,201.4,COMPLIANCE
1102,HEALTH-001,Santé & Sécurité au Travail,2018-09-06,COMP,4.0,91.8,256.65,COMPLIANCE
1102,FIRE-001,Sécurité & Évacuation Incendie,2018-09-25,COMP,1.0,96.78,96.91,COMPLIANCE
1102,DEI-001,Égalité Femmes-Hommes,2018-09-27,COMP,3.0,90.67,170.79,COMPLIANCE
1102,FRAUD-001,Prévention Fraude & Corruption,2018-10-20,COMP,2.0,97.11,162.97,COMPLIANCE
1102,ETHICS-001,Code de Déontologie Novaryn Tech,2018-10-20,COMP,1.5,85.71,119.0,COMPLIANCE
1102,SQL-001,Advanced SQL for Analytics,2024-12-28,COMP,16.0,84.37,853.71,ELEARN
1102,EXCEL-001,Excel Avancé & Reporting,2025-04-12,ENR,8.0,0.0,385.83,ELEARN
1103,GDPR-001,RGPD & Protection des Données,2016-12-30,COMP,2.0,72.36,217.1,COMPLIANCE
1103,HEALTH-001,Santé & Sécurité au Travail,2016-12-31,COMP,4.0,79.06,245.04,COMPLIANCE
1103,FIRE-001,Sécurité & Évacuation Incendie,2016-11-25,COMP,1.0,98.51,95.14,COMPLIANCE
1103,DEI-001,Égalité Femmes-Hommes,2016-12-25,COMP,3.0,92.28,164.85,COMPLIANCE
1103,FRAUD-001,Prévention Fraude & Corruption,2016-12-11,COMP,2.0,98.95,158.81,COMPLIANCE
1103,ETHICS-001,Code de Déontologie Novaryn Tech,2016-12-20,COMP,1.5,77.83,115.28,COMPLIANCE
1103,COMM-001,Communication & Public Speaking,2024-03-01,COMP,8.0,68.61,452.26,OJT
1103,SCRUM-001,Scrum Fundamentals,2021-04-06,COMP,12.0,87.55,543.43,ELEARN
1103,SQL-001,Advanced SQL for Analytics,2023-10-19,COMP,16.0,61.83,775.68,ELEARN
1104,GDPR-001,RGPD & Protection des Données,2024-06-23,COMP,2.0,90.35,190.91,COMPLIANCE
1104,HEALTH-001,Santé & Sécurité au Travail,2024-07-08,COMP,4.0,76.21,264.1,COMPLIANCE
1104,FIRE-001,Sécurité & Évacuation Incendie,2024-07-24,COMP,1.0,73.89,95.34,COMPLIANCE
1104,DEI-001,Égalité Femmes-Hommes,2024-07-20,COMP,3.0,93.71,184.85,COMPLIANCE
1104,FRAUD-001,Prévention Fraude & Corruption,2024-06-18,COMP,2.0,76.64,135.54,COMPLIANCE
1104,ETHICS-001,Code de Déontologie Novaryn Tech,2024-07-02,COMP,1.5,76.63,122.67,COMPLIANCE
1104,PM-001,Product Management Essentials,2024-12-16,COMP,20.0,79.02,1220.76,COURSE
1104,REACT-001,React & TypeScript Masterclass,2024-12-06,COMP,36.0,72.79,1316.15,ELEARN
1104,SAFE-001,SAFe Agile Practitioner,2024-11-09,COMP,16.0,94.17,1399.57,COURSE
1104,EXCEL-001,Excel Avancé & Reporting,2024-11-06,COMP,8.0,66.8,386.81,ELEARN
1104,SQL-001,Advanced SQL for Analytics,2024-12-19,COMP,16.0,86.43,817.12,ELEARN
1105,GDPR-001,RGPD & Protection des Données,2024-04-03,COMP,2.0,88.94,202.45,COMPLIANCE
1105,HEALTH-001,Santé & Sécurité au Travail,2024-04-20,COMP,4.0,72.49,262.4,COMPLIANCE
1105,FIRE-001,Sécurité & Évacuation Incendie,2024-05-01,COMP,1.0,81.08,95.84,COMPLIANCE
1105,DEI-001,Égalité Femmes-Hommes,2024-04-18,COMP,3.0,83.54,178.83,COMPLIANCE
1105,FRAUD-001,Prévention Fraude & Corruption,2024-04-07,COMP,2.0,88.75,140.0,COMPLIANCE
1105,ETHICS-001,Code de Déontologie Novaryn Tech,2024-04-20,COMP,1.5,86.95,117.97,COMPLIANCE
1105,EXCEL-001,Excel Avancé & Reporting,2024-11-15,COMP,8.0,79.63,368.17,ELEARN
1105,AZURE-001,Microsoft Azure Fundamentals,2024-10-03,FAIL,28.0,42.5,1651.42,ELEARN
1106,GDPR-001,RGPD & Protection des Données,2015-04-08,COMP,2.0,72.91,188.73,COMPLIANCE
1106,HEALTH-001,Santé & Sécurité au Travail,2015-04-08,COMP,4.0,87.12,233.93,COMPLIANCE
1106,FIRE-001,Sécurité & Évacuation Incendie,2015-04-11,COMP,1.0,93.01,109.69,COMPLIANCE
1106,DEI-001,Égalité Femmes-Hommes,2015-04-26,COMP,3.0,86.5,174.67,COMPLIANCE
1106,FRAUD-001,Prévention Fraude & Corruption,2015-04-14,COMP,2.0,82.55,152.98,COMPLIANCE
1106,ETHICS-001,Code de Déontologie Novaryn Tech,2015-04-21,COMP,1.5,93.11,123.13,COMPLIANCE
1106,ML-001,Machine Learning Fundamentals,2023-03-17,COMP,40.0,76.16,1723.28,ELEARN
1106,EXCEL-001,Excel Avancé & Reporting,2023-11-15,COMP,8.0,96.98,358.84,ELEARN
1106,COMM-001,Communication & Public Speaking,2025-05-21,ENR,8.0,0.0,374.61,OJT
1106,REACT-001,React & TypeScript Masterclass,2021-08-09,COMP,36.0,73.36,1187.05,ELEARN
1107,GDPR-001,RGPD & Protection des Données,2013-01-16,COMP,2.0,90.5,183.93,COMPLIANCE
1107,HEALTH-001,Santé & Sécurité au Travail,2013-02-11,COMP,4.0,89.59,273.71,COMPLIANCE
1107,FIRE-001,Sécurité & Évacuation Incendie,2013-01-31,COMP,1.0,75.67,90.58,COMPLIANCE
1107,DEI-001,Égalité Femmes-Hommes,2013-01-19,COMP,3.0,74.16,184.32,COMPLIANCE
1107,FRAUD-001,Prévention Fraude & Corruption,2013-01-10,COMP,2.0,87.99,156.96,COMPLIANCE
1107,ETHICS-001,Code de Déontologie Novaryn Tech,2013-01-06,COMP,1.5,79.75,114.0,COMPLIANCE
1107,SAFE-001,SAFe Agile Practitioner,2022-01-11,COMP,16.0,94.54,1547.13,COURSE
1107,LEAD-001,Leadership & Management,2024-11-11,COMP,20.0,74.76,1668.59,COURSE
1107,SQL-001,Advanced SQL for Analytics,2023-04-04,COMP,16.0,97.49,901.13,ELEARN
1107,SCRUM-001,Scrum Fundamentals,2021-12-26,COMP,12.0,71.72,671.0,ELEARN
1107,REACT-001,React & TypeScript Masterclass,2023-06-30,COMP,36.0,78.45,1108.22,ELEARN
1108,GDPR-001,RGPD & Protection des Données,2021-05-07,COMP,2.0,83.31,189.68,COMPLIANCE
1108,HEALTH-001,Santé & Sécurité au Travail,2021-04-10,COMP,4.0,99.18,250.01,COMPLIANCE
1108,FIRE-001,Sécurité & Évacuation Incendie,2021-04-06,COMP,1.0,94.11,106.76,COMPLIANCE
1108,DEI-001,Égalité Femmes-Hommes,2021-04-09,COMP,3.0,77.35,187.99,COMPLIANCE
1108,FRAUD-001,Prévention Fraude & Corruption,2021-04-03,COMP,2.0,70.21,135.97,COMPLIANCE
1108,ETHICS-001,Code de Déontologie Novaryn Tech,2021-05-12,COMP,1.5,82.19,120.47,COMPLIANCE
1108,REACT-001,React & TypeScript Masterclass,2021-08-27,COMP,36.0,91.06,1252.95,ELEARN
1108,LEAD-001,Leadership & Management,2022-10-28,COMP,20.0,60.95,1491.36,COURSE
1108,EXCEL-001,Excel Avancé & Reporting,2025-05-07,ENR,8.0,0.0,437.4,ELEARN
1108,AZURE-001,Microsoft Azure Fundamentals,2025-04-05,ENR,28.0,0.0,1534.42,ELEARN
1108,ML-001,Machine Learning Fundamentals,2025-06-04,ENR,40.0,0.0,1662.05,ELEARN
1109,GDPR-001,RGPD & Protection des Données,2017-06-06,COMP,2.0,82.86,184.96,COMPLIANCE
1109,HEALTH-001,Santé & Sécurité au Travail,2017-05-18,COMP,4.0,95.41,262.9,COMPLIANCE
1109,FIRE-001,Sécurité & Évacuation Incendie,2017-06-15,COMP,1.0,92.61,92.24,COMPLIANCE
1109,DEI-001,Égalité Femmes-Hommes,2017-05-19,COMP,3.0,80.99,185.64,COMPLIANCE
1109,FRAUD-001,Prévention Fraude & Corruption,2017-05-18,COMP,2.0,97.39,158.87,COMPLIANCE
1109,ETHICS-001,Code de Déontologie Novaryn Tech,2017-05-22,COMP,1.5,77.94,115.92,COMPLIANCE
1109,K8S-001,Kubernetes Fundamentals,2023-03-30,COMP,24.0,69.79,1020.8,ELEARN
1109,COMM-001,Communication & Public Speaking,2023-04-14,COMP,8.0,77.79,434.48,OJT
1110,GDPR-001,RGPD & Protection des Données,2022-01-28,COMP,2.0,77.74,191.01,COMPLIANCE
1110,HEALTH-001,Santé & Sécurité au Travail,2021-12-17,COMP,4.0,92.84,232.4,COMPLIANCE
1110,FIRE-001,Sécurité & Évacuation Incendie,2022-01-02,COMP,1.0,70.78,107.6,COMPLIANCE
1110,DEI-001,Égalité Femmes-Hommes,2022-01-20,COMP,3.0,80.88,172.48,COMPLIANCE
1110,FRAUD-001,Prévention Fraude & Corruption,2022-01-29,COMP,2.0,74.75,154.02,COMPLIANCE
1110,ETHICS-001,Code de Déontologie Novaryn Tech,2022-01-14,COMP,1.5,91.39,124.16,COMPLIANCE
1110,COMM-001,Communication & Public Speaking,2024-12-14,COMP,8.0,71.69,386.11,OJT
1110,EXCEL-001,Excel Avancé & Reporting,2022-10-30,COMP,8.0,61.12,365.4,ELEARN
1110,PYTHON-001,Python for Data Science,2024-04-15,COMP,24.0,83.37,927.83,ELEARN
1111,GDPR-001,RGPD & Protection des Données,2021-03-07,COMP,2.0,85.26,214.81,COMPLIANCE
1111,HEALTH-001,Santé & Sécurité au Travail,2021-02-22,COMP,4.0,82.18,255.92,COMPLIANCE
1111,FIRE-001,Sécurité & Évacuation Incendie,2021-01-30,COMP,1.0,99.17,102.88,COMPLIANCE
1111,DEI-001,Égalité Femmes-Hommes,2021-02-26,COMP,3.0,95.58,173.31,COMPLIANCE
1111,FRAUD-001,Prévention Fraude & Corruption,2021-02-12,COMP,2.0,81.34,162.78,COMPLIANCE
1111,ETHICS-001,Code de Déontologie Novaryn Tech,2021-03-02,COMP,1.5,75.07,120.61,COMPLIANCE
1111,K8S-001,Kubernetes Fundamentals,2021-06-09,COMP,24.0,62.59,1009.19,ELEARN
1111,REACT-001,React & TypeScript Masterclass,2021-10-26,COMP,36.0,66.0,1239.11,ELEARN
1111,SCRUM-001,Scrum Fundamentals,2025-04-15,ENR,12.0,0.0,627.0,ELEARN
1112,GDPR-001,RGPD & Protection des Données,2020-09-19,COMP,2.0,84.96,202.78,COMPLIANCE
1112,HEALTH-001,Santé & Sécurité au Travail,2020-10-07,COMP,4.0,97.19,267.0,COMPLIANCE
1112,FIRE-001,Sécurité & Évacuation Incendie,2020-10-19,COMP,1.0,93.49,100.48,COMPLIANCE
1112,DEI-001,Égalité Femmes-Hommes,2020-09-11,COMP,3.0,92.24,175.09,COMPLIANCE
1112,FRAUD-001,Prévention Fraude & Corruption,2020-08-30,COMP,2.0,81.95,137.97,COMPLIANCE
1112,ETHICS-001,Code de Déontologie Novaryn Tech,2020-09-18,COMP,1.5,85.22,114.52,COMPLIANCE
1112,EXCEL-001,Excel Avancé & Reporting,2024-12-27,COMP,8.0,80.92,369.36,ELEARN
1112,SCRUM-001,Scrum Fundamentals,2025-04-23,ENR,12.0,0.0,634.15,ELEARN
1113,GDPR-001,RGPD & Protection des Données,2013-04-18,COMP,2.0,95.73,189.13,COMPLIANCE
1113,HEALTH-001,Santé & Sécurité au Travail,2013-04-22,COMP,4.0,83.68,227.01,COMPLIANCE
1113,FIRE-001,Sécurité & Évacuation Incendie,2013-04-15,COMP,1.0,77.97,95.55,COMPLIANCE
1113,DEI-001,Égalité Femmes-Hommes,2013-04-24,COMP,3.0,75.7,191.9,COMPLIANCE
1113,FRAUD-001,Prévention Fraude & Corruption,2013-03-12,COMP,2.0,97.18,138.98,COMPLIANCE
1113,ETHICS-001,Code de Déontologie Novaryn Tech,2013-03-27,COMP,1.5,71.83,113.46,COMPLIANCE
1113,K8S-001,Kubernetes Fundamentals,2025-04-09,ENR,24.0,0.0,999.82,ELEARN
1113,LEAD-001,Leadership & Management,2020-11-07,COMP,20.0,63.34,1363.83,COURSE
1113,ML-001,Machine Learning Fundamentals,2023-09-29,COMP,40.0,68.6,1593.87,ELEARN
1113,SCRUM-001,Scrum Fundamentals,2020-11-05,COMP,12.0,83.27,665.01,ELEARN
1113,SQL-001,Advanced SQL for Analytics,2024-06-22,COMP,16.0,95.46,866.58,ELEARN
1114,GDPR-001,RGPD & Protection des Données,2016-01-20,COMP,2.0,87.67,205.4,COMPLIANCE
1114,HEALTH-001,Santé & Sécurité au Travail,2016-02-25,COMP,4.0,83.69,225.02,COMPLIANCE
1114,FIRE-001,Sécurité & Évacuation Incendie,2016-02-25,COMP,1.0,82.22,95.41,COMPLIANCE
1114,DEI-001,Égalité Femmes-Hommes,2016-02-17,COMP,3.0,75.3,180.26,COMPLIANCE
1114,FRAUD-001,Prévention Fraude & Corruption,2016-02-09,COMP,2.0,78.51,154.36,COMPLIANCE
1114,ETHICS-001,Code de Déontologie Novaryn Tech,2016-01-24,COMP,1.5,96.02,113.98,COMPLIANCE
1114,SAFE-001,SAFe Agile Practitioner,2023-11-20,COMP,16.0,64.46,1507.78,COURSE
1114,ML-001,Machine Learning Fundamentals,2020-02-17,COMP,40.0,60.26,1788.82,ELEARN
1114,COMM-001,Communication & Public Speaking,2021-03-23,COMP,8.0,79.83,361.46,OJT
1114,AZURE-001,Microsoft Azure Fundamentals,2025-06-25,ENR,28.0,0.0,1506.23,ELEARN
1115,GDPR-001,RGPD & Protection des Données,2021-10-14,COMP,2.0,80.27,207.48,COMPLIANCE
1115,HEALTH-001,Santé & Sécurité au Travail,2021-11-07,COMP,4.0,75.48,263.94,COMPLIANCE
1115,FIRE-001,Sécurité & Évacuation Incendie,2021-11-03,COMP,1.0,76.95,96.14,COMPLIANCE
1115,DEI-001,Égalité Femmes-Hommes,2021-10-05,COMP,3.0,79.6,181.09,COMPLIANCE
1115,FRAUD-001,Prévention Fraude & Corruption,2021-09-22,COMP,2.0,90.54,162.83,COMPLIANCE
1115,ETHICS-001,Code de Déontologie Novaryn Tech,2021-09-29,COMP,1.5,87.13,111.71,COMPLIANCE
1115,AWS-001,AWS Cloud Practitioner,2025-06-17,ENR,30.0,0.0,1887.8,ELEARN
1115,REACT-001,React & TypeScript Masterclass,2022-08-04,COMP,36.0,80.66,1190.56,ELEARN
1115,PYTHON-001,Python for Data Science,2022-04-03,COMP,24.0,76.68,1067.94,ELEARN
1116,GDPR-001,RGPD & Protection des Données,2022-03-04,COMP,2.0,97.99,198.88,COMPLIANCE
1116,HEALTH-001,Santé & Sécurité au Travail,2022-04-12,COMP,4.0,79.11,232.25,COMPLIANCE
1116,FIRE-001,Sécurité & Évacuation Incendie,2022-03-11,COMP,1.0,91.8,106.58,COMPLIANCE
1116,DEI-001,Égalité Femmes-Hommes,2022-03-10,COMP,3.0,83.49,177.31,COMPLIANCE
1116,FRAUD-001,Prévention Fraude & Corruption,2022-03-15,COMP,2.0,92.88,135.17,COMPLIANCE
1116,ETHICS-001,Code de Déontologie Novaryn Tech,2022-03-15,COMP,1.5,71.66,117.81,COMPLIANCE
1116,K8S-001,Kubernetes Fundamentals,2025-04-25,ENR,24.0,0.0,1003.84,ELEARN
1116,AZURE-001,Microsoft Azure Fundamentals,2025-05-07,ENR,28.0,0.0,1759.62,ELEARN
1116,SCRUM-001,Scrum Fundamentals,2023-10-19,COMP,12.0,77.1,578.83,ELEARN
1117,GDPR-001,RGPD & Protection des Données,2013-07-05,COMP,2.0,86.8,187.98,COMPLIANCE
1117,HEALTH-001,Santé & Sécurité au Travail,2013-06-13,COMP,4.0,88.53,247.01,COMPLIANCE
1117,FIRE-001,Sécurité & Évacuation Incendie,2013-06-17,COMP,1.0,73.21,94.86,COMPLIANCE
1117,DEI-001,Égalité Femmes-Hommes,2013-06-20,COMP,3.0,91.69,195.89,COMPLIANCE
1117,FRAUD-001,Prévention Fraude & Corruption,2013-07-07,COMP,2.0,84.1,164.13,COMPLIANCE
1117,ETHICS-001,Code de Déontologie Novaryn Tech,2013-06-02,COMP,1.5,93.44,117.36,COMPLIANCE
1117,AWS-001,AWS Cloud Practitioner,2023-05-19,COMP,30.0,62.24,1715.05,ELEARN
1117,AZURE-001,Microsoft Azure Fundamentals,2020-09-06,COMP,28.0,77.52,1496.43,ELEARN
1117,PM-001,Product Management Essentials,2022-10-17,COMP,20.0,95.23,1046.64,COURSE
1117,SAFE-001,SAFe Agile Practitioner,2024-07-15,FAIL,16.0,53.92,1536.21,COURSE
1117,REACT-001,React & TypeScript Masterclass,2025-06-14,ENR,36.0,0.0,1127.59,ELEARN
1118,GDPR-001,RGPD & Protection des Données,2021-12-24,COMP,2.0,86.86,197.53,COMPLIANCE
1118,HEALTH-001,Santé & Sécurité au Travail,2022-01-01,COMP,4.0,87.18,263.14,COMPLIANCE
1118,FIRE-001,Sécurité & Évacuation Incendie,2021-12-28,COMP,1.0,86.7,106.35,COMPLIANCE
1118,DEI-001,Égalité Femmes-Hommes,2022-01-25,COMP,3.0,70.66,189.8,COMPLIANCE
1118,FRAUD-001,Prévention Fraude & Corruption,2021-12-16,COMP,2.0,96.12,155.98,COMPLIANCE
1118,ETHICS-001,Code de Déontologie Novaryn Tech,2022-01-28,COMP,1.5,79.42,128.48,COMPLIANCE
1118,COMM-001,Communication & Public Speaking,2023-07-09,COMP,8.0,74.49,363.88,OJT
1118,AWS-001,AWS Cloud Practitioner,2024-11-02,FAIL,30.0,44.92,1855.95,ELEARN
1118,PYTHON-001,Python for Data Science,2024-04-01,FAIL,24.0,42.67,1042.67,ELEARN
1118,SQL-001,Advanced SQL for Analytics,2024-06-22,COMP,16.0,92.24,871.54,ELEARN
1118,K8S-001,Kubernetes Fundamentals,2025-04-07,ENR,24.0,0.0,1236.28,ELEARN
1119,GDPR-001,RGPD & Protection des Données,2017-06-27,COMP,2.0,81.2,202.63,COMPLIANCE
1119,HEALTH-001,Santé & Sécurité au Travail,2017-05-28,COMP,4.0,98.79,268.65,COMPLIANCE
1119,FIRE-001,Sécurité & Évacuation Incendie,2017-06-15,COMP,1.0,93.7,99.84,COMPLIANCE
1119,DEI-001,Égalité Femmes-Hommes,2017-07-01,COMP,3.0,80.01,164.42,COMPLIANCE
1119,FRAUD-001,Prévention Fraude & Corruption,2017-05-30,COMP,2.0,86.96,164.23,COMPLIANCE
1119,ETHICS-001,Code de Déontologie Novaryn Tech,2017-07-14,COMP,1.5,73.37,111.8,COMPLIANCE
1119,PM-001,Product Management Essentials,2020-07-31,COMP,20.0,99.72,1290.69,COURSE
1119,K8S-001,Kubernetes Fundamentals,2025-05-25,ENR,24.0,0.0,1204.86,ELEARN
1120,GDPR-001,RGPD & Protection des Données,2023-06-29,COMP,2.0,83.54,215.22,COMPLIANCE
1120,HEALTH-001,Santé & Sécurité au Travail,2023-07-17,COMP,4.0,74.57,241.52,COMPLIANCE
1120,FIRE-001,Sécurité & Évacuation Incendie,2023-06-11,COMP,1.0,89.44,96.8,COMPLIANCE
1120,DEI-001,Égalité Femmes-Hommes,2023-07-03,COMP,3.0,93.43,188.62,COMPLIANCE
1120,FRAUD-001,Prévention Fraude & Corruption,2023-06-27,COMP,2.0,96.68,147.04,COMPLIANCE
1120,ETHICS-001,Code de Déontologie Novaryn Tech,2023-06-18,COMP,1.5,70.19,127.88,COMPLIANCE
1120,SCRUM-001,Scrum Fundamentals,2024-12-24,COMP,12.0,66.02,664.0,ELEARN
1120,AWS-001,AWS Cloud Practitioner,2024-04-01,COMP,30.0,90.71,1817.48,ELEARN
1121,GDPR-001,RGPD & Protection des Données,2016-08-25,COMP,2.0,89.96,210.8,COMPLIANCE
1121,HEALTH-001,Santé & Sécurité au Travail,2016-08-20,COMP,4.0,97.76,269.66,COMPLIANCE
1121,FIRE-001,Sécurité & Évacuation Incendie,2016-08-29,COMP,1.0,96.02,93.05,COMPLIANCE
1121,DEI-001,Égalité Femmes-Hommes,2016-09-02,COMP,3.0,74.45,173.11,COMPLIANCE
1121,FRAUD-001,Prévention Fraude & Corruption,2016-07-21,COMP,2.0,70.79,153.06,COMPLIANCE
1121,ETHICS-001,Code de Déontologie Novaryn Tech,2016-07-17,COMP,1.5,93.38,120.96,COMPLIANCE
1121,SQL-001,Advanced SQL for Analytics,2021-12-07,FAIL,16.0,52.51,728.41,ELEARN
1121,EXCEL-001,Excel Avancé & Reporting,2020-10-07,COMP,8.0,99.64,367.96,ELEARN
1122,GDPR-001,RGPD & Protection des Données,2023-06-25,COMP,2.0,93.17,181.09,COMPLIANCE
1122,HEALTH-001,Santé & Sécurité au Travail,2023-07-10,COMP,4.0,73.69,272.4,COMPLIANCE
1122,FIRE-001,Sécurité & Évacuation Incendie,2023-06-13,COMP,1.0,83.32,104.88,COMPLIANCE
1122,DEI-001,Égalité Femmes-Hommes,2023-07-29,COMP,3.0,76.26,163.77,COMPLIANCE
1122,FRAUD-001,Prévention Fraude & Corruption,2023-07-10,COMP,2.0,81.98,141.17,COMPLIANCE
1122,ETHICS-001,Code de Déontologie Novaryn Tech,2023-07-06,COMP,1.5,87.71,110.99,COMPLIANCE
1122,ML-001,Machine Learning Fundamentals,2024-08-05,COMP,40.0,90.26,1417.77,ELEARN
1122,PM-001,Product Management Essentials,2023-11-18,COMP,20.0,84.19,1289.89,COURSE
1122,EXCEL-001,Excel Avancé & Reporting,2023-11-20,COMP,8.0,67.64,458.22,ELEARN
1123,GDPR-001,RGPD & Protection des Données,2019-12-09,COMP,2.0,85.21,199.12,COMPLIANCE
1123,HEALTH-001,Santé & Sécurité au Travail,2019-11-20,COMP,4.0,73.36,247.85,COMPLIANCE
1123,FIRE-001,Sécurité & Évacuation Incendie,2019-10-19,COMP,1.0,81.4,98.4,COMPLIANCE
1123,DEI-001,Égalité Femmes-Hommes,2019-10-25,COMP,3.0,80.64,196.05,COMPLIANCE
1123,FRAUD-001,Prévention Fraude & Corruption,2019-12-11,COMP,2.0,71.96,163.38,COMPLIANCE
1123,ETHICS-001,Code de Déontologie Novaryn Tech,2019-11-29,COMP,1.5,79.02,131.99,COMPLIANCE
1123,SAFE-001,SAFe Agile Practitioner,2025-05-30,ENR,16.0,0.0,1196.66,COURSE
1123,EXCEL-001,Excel Avancé & Reporting,2021-06-09,FAIL,8.0,53.86,447.68,ELEARN
1124,GDPR-001,RGPD & Protection des Données,2013-04-04,COMP,2.0,74.22,189.96,COMPLIANCE
1124,HEALTH-001,Santé & Sécurité au Travail,2013-05-08,COMP,4.0,70.28,250.93,COMPLIANCE
1124,FIRE-001,Sécurité & Évacuation Incendie,2013-04-10,COMP,1.0,90.85,105.25,COMPLIANCE
1124,DEI-001,Égalité Femmes-Hommes,2013-04-05,COMP,3.0,87.89,169.55,COMPLIANCE
1124,FRAUD-001,Prévention Fraude & Corruption,2013-05-19,COMP,2.0,89.83,146.15,COMPLIANCE
1124,ETHICS-001,Code de Déontologie Novaryn Tech,2013-04-28,COMP,1.5,94.7,118.06,COMPLIANCE
1124,ML-001,Machine Learning Fundamentals,2022-07-19,COMP,40.0,95.16,1412.51,ELEARN
1124,PYTHON-001,Python for Data Science,2020-03-30,COMP,24.0,79.9,941.82,ELEARN
1124,SAFE-001,SAFe Agile Practitioner,2020-05-22,COMP,16.0,96.36,1301.38,COURSE
1125,GDPR-001,RGPD & Protection des Données,2022-08-22,COMP,2.0,70.85,181.03,COMPLIANCE
1125,HEALTH-001,Santé & Sécurité au Travail,2022-08-03,COMP,4.0,96.66,226.71,COMPLIANCE
1125,FIRE-001,Sécurité & Évacuation Incendie,2022-08-11,COMP,1.0,97.41,90.93,COMPLIANCE
1125,DEI-001,Égalité Femmes-Hommes,2022-08-26,COMP,3.0,92.88,188.01,COMPLIANCE
1125,FRAUD-001,Prévention Fraude & Corruption,2022-08-12,COMP,2.0,74.75,135.45,COMPLIANCE
1125,ETHICS-001,Code de Déontologie Novaryn Tech,2022-08-16,COMP,1.5,72.76,131.72,COMPLIANCE
1125,K8S-001,Kubernetes Fundamentals,2024-03-10,FAIL,24.0,56.27,1112.12,ELEARN
1125,EXCEL-001,Excel Avancé & Reporting,2023-01-19,COMP,8.0,84.13,416.42,ELEARN
1127,GDPR-001,RGPD & Protection des Données,2016-07-31,COMP,2.0,84.29,215.98,COMPLIANCE
1127,HEALTH-001,Santé & Sécurité au Travail,2016-07-28,COMP,4.0,73.85,257.82,COMPLIANCE
1127,FIRE-001,Sécurité & Évacuation Incendie,2016-08-04,COMP,1.0,98.71,103.37,COMPLIANCE
1127,DEI-001,Égalité Femmes-Hommes,2016-07-18,COMP,3.0,84.33,188.95,COMPLIANCE
1127,FRAUD-001,Prévention Fraude & Corruption,2016-08-17,COMP,2.0,75.89,141.58,COMPLIANCE
1127,ETHICS-001,Code de Déontologie Novaryn Tech,2016-07-20,COMP,1.5,94.16,111.42,COMPLIANCE
1127,COMM-001,Communication & Public Speaking,2025-05-06,ENR,8.0,0.0,446.43,OJT
1127,LEAD-001,Leadership & Management,2023-01-18,COMP,20.0,69.05,1358.08,COURSE
1129,GDPR-001,RGPD & Protection des Données,2016-12-24,COMP,2.0,79.03,208.42,COMPLIANCE
1129,HEALTH-001,Santé & Sécurité au Travail,2016-12-11,COMP,4.0,90.05,251.0,COMPLIANCE
1129,FIRE-001,Sécurité & Évacuation Incendie,2016-12-18,COMP,1.0,99.63,95.33,COMPLIANCE
1129,DEI-001,Égalité Femmes-Hommes,2016-11-20,COMP,3.0,79.84,175.49,COMPLIANCE
1129,FRAUD-001,Prévention Fraude & Corruption,2016-11-21,COMP,2.0,87.38,163.04,COMPLIANCE
1129,ETHICS-001,Code de Déontologie Novaryn Tech,2016-11-14,COMP,1.5,92.44,127.19,COMPLIANCE
1129,EXCEL-001,Excel Avancé & Reporting,2023-03-10,FAIL,8.0,40.27,416.16,ELEARN
1129,AWS-001,AWS Cloud Practitioner,2025-04-30,ENR,30.0,0.0,1617.42,ELEARN
1130,GDPR-001,RGPD & Protection des Données,2021-04-25,COMP,2.0,70.35,199.23,COMPLIANCE
1130,HEALTH-001,Santé & Sécurité au Travail,2021-04-27,COMP,4.0,75.63,268.48,COMPLIANCE
1130,FIRE-001,Sécurité & Évacuation Incendie,2021-05-11,COMP,1.0,82.17,109.85,COMPLIANCE
1130,DEI-001,Égalité Femmes-Hommes,2021-05-04,COMP,3.0,88.64,181.65,COMPLIANCE
1130,FRAUD-001,Prévention Fraude & Corruption,2021-04-12,COMP,2.0,92.35,154.66,COMPLIANCE
1130,ETHICS-001,Code de Déontologie Novaryn Tech,2021-05-07,COMP,1.5,97.72,116.09,COMPLIANCE
1130,AZURE-001,Microsoft Azure Fundamentals,2025-05-28,ENR,28.0,0.0,1678.36,ELEARN
1130,SQL-001,Advanced SQL for Analytics,2022-07-11,COMP,16.0,73.7,804.58,ELEARN
1130,K8S-001,Kubernetes Fundamentals,2023-09-30,COMP,24.0,74.62,1146.96,ELEARN
1131,GDPR-001,RGPD & Protection des Données,2023-03-28,COMP,2.0,73.79,189.09,COMPLIANCE
1131,HEALTH-001,Santé & Sécurité au Travail,2023-03-23,COMP,4.0,94.9,231.01,COMPLIANCE
1131,FIRE-001,Sécurité & Évacuation Incendie,2023-04-08,COMP,1.0,78.87,107.47,COMPLIANCE
1131,DEI-001,Égalité Femmes-Hommes,2023-03-13,COMP,3.0,83.58,181.92,COMPLIANCE
1131,FRAUD-001,Prévention Fraude & Corruption,2023-02-27,COMP,2.0,98.99,164.15,COMPLIANCE
1131,ETHICS-001,Code de Déontologie Novaryn Tech,2023-03-05,COMP,1.5,81.93,130.59,COMPLIANCE
1131,PYTHON-001,Python for Data Science,2025-04-25,ENR,24.0,0.0,1070.02,ELEARN
1131,SAFE-001,SAFe Agile Practitioner,2024-07-28,COMP,16.0,84.04,1253.74,COURSE
1131,AWS-001,AWS Cloud Practitioner,2025-06-06,ENR,30.0,0.0,1555.38,ELEARN
1132,GDPR-001,RGPD & Protection des Données,2021-07-19,COMP,2.0,80.88,189.22,COMPLIANCE
1132,HEALTH-001,Santé & Sécurité au Travail,2021-07-18,COMP,4.0,75.0,232.94,COMPLIANCE
1132,FIRE-001,Sécurité & Évacuation Incendie,2021-07-28,COMP,1.0,74.97,102.69,COMPLIANCE
1132,DEI-001,Égalité Femmes-Hommes,2021-07-24,COMP,3.0,76.79,195.5,COMPLIANCE
1132,FRAUD-001,Prévention Fraude & Corruption,2021-07-30,COMP,2.0,74.56,163.27,COMPLIANCE
1132,ETHICS-001,Code de Déontologie Novaryn Tech,2021-07-24,COMP,1.5,82.72,112.85,COMPLIANCE
1132,REACT-001,React & TypeScript Masterclass,2022-06-12,COMP,36.0,80.87,1171.66,ELEARN
1132,AZURE-001,Microsoft Azure Fundamentals,2022-05-28,COMP,28.0,72.88,1706.34,ELEARN
1133,GDPR-001,RGPD & Protection des Données,2013-10-31,COMP,2.0,70.01,190.05,COMPLIANCE
1133,HEALTH-001,Santé & Sécurité au Travail,2013-11-16,COMP,4.0,90.04,235.44,COMPLIANCE
1133,FIRE-001,Sécurité & Évacuation Incendie,2013-11-27,COMP,1.0,88.39,109.19,COMPLIANCE
1133,DEI-001,Égalité Femmes-Hommes,2013-10-15,COMP,3.0,92.66,167.05,COMPLIANCE
1133,FRAUD-001,Prévention Fraude & Corruption,2013-11-11,COMP,2.0,94.67,157.94,COMPLIANCE
1133,ETHICS-001,Code de Déontologie Novaryn Tech,2013-12-02,COMP,1.5,99.29,131.48,COMPLIANCE
1133,EXCEL-001,Excel Avancé & Reporting,2021-06-27,COMP,8.0,69.94,382.05,ELEARN
1133,PYTHON-001,Python for Data Science,2020-09-02,COMP,24.0,97.96,892.13,ELEARN
1133,SAFE-001,SAFe Agile Practitioner,2023-04-03,COMP,16.0,89.04,1436.09,COURSE
1133,REACT-001,React & TypeScript Masterclass,2022-01-18,COMP,36.0,68.23,1071.27,ELEARN
1133,PM-001,Product Management Essentials,2024-03-26,COMP,20.0,73.1,1249.23,COURSE
1134,GDPR-001,RGPD & Protection des Données,2014-01-27,COMP,2.0,79.33,184.1,COMPLIANCE
1134,HEALTH-001,Santé & Sécurité au Travail,2014-02-03,COMP,4.0,87.95,236.61,COMPLIANCE
1134,FIRE-001,Sécurité & Évacuation Incendie,2014-01-22,COMP,1.0,78.96,92.5,COMPLIANCE
1134,DEI-001,Égalité Femmes-Hommes,2014-02-10,COMP,3.0,88.3,167.53,COMPLIANCE
1134,FRAUD-001,Prévention Fraude & Corruption,2014-02-11,COMP,2.0,97.32,145.24,COMPLIANCE
1134,ETHICS-001,Code de Déontologie Novaryn Tech,2014-01-11,COMP,1.5,98.48,108.98,COMPLIANCE
1134,LEAD-001,Leadership & Management,2024-12-16,COMP,20.0,95.05,1586.15,COURSE
1134,SAFE-001,SAFe Agile Practitioner,2025-05-07,ENR,16.0,0.0,1284.35,COURSE
1134,K8S-001,Kubernetes Fundamentals,2021-12-22,COMP,24.0,99.9,1134.09,ELEARN
1134,REACT-001,React & TypeScript Masterclass,2023-12-03,COMP,36.0,74.5,1332.97,ELEARN
1135,GDPR-001,RGPD & Protection des Données,2021-07-18,COMP,2.0,84.84,208.06,COMPLIANCE
1135,HEALTH-001,Santé & Sécurité au Travail,2021-07-03,COMP,4.0,82.65,256.9,COMPLIANCE
1135,FIRE-001,Sécurité & Évacuation Incendie,2021-07-25,COMP,1.0,78.41,104.48,COMPLIANCE
1135,DEI-001,Égalité Femmes-Hommes,2021-06-23,COMP,3.0,97.14,185.05,COMPLIANCE
1135,FRAUD-001,Prévention Fraude & Corruption,2021-06-27,COMP,2.0,82.59,160.09,COMPLIANCE
1135,ETHICS-001,Code de Déontologie Novaryn Tech,2021-06-28,COMP,1.5,72.49,110.43,COMPLIANCE
1135,AWS-001,AWS Cloud Practitioner,2024-05-14,COMP,30.0,64.16,1951.7,ELEARN
1135,PM-001,Product Management Essentials,2025-06-10,ENR,20.0,0.0,1238.39,COURSE
1135,K8S-001,Kubernetes Fundamentals,2023-08-11,COMP,24.0,84.27,1222.23,ELEARN
1135,EXCEL-001,Excel Avancé & Reporting,2022-09-28,COMP,8.0,61.68,352.94,ELEARN
1135,REACT-001,React & TypeScript Masterclass,2025-06-21,ENR,36.0,0.0,1363.47,ELEARN
1136,GDPR-001,RGPD & Protection des Données,2016-11-28,COMP,2.0,72.85,218.67,COMPLIANCE
1136,HEALTH-001,Santé & Sécurité au Travail,2016-11-07,COMP,4.0,80.82,258.63,COMPLIANCE
1136,FIRE-001,Sécurité & Évacuation Incendie,2016-11-30,COMP,1.0,82.65,97.87,COMPLIANCE
1136,DEI-001,Égalité Femmes-Hommes,2016-12-09,COMP,3.0,71.2,185.3,COMPLIANCE
1136,FRAUD-001,Prévention Fraude & Corruption,2016-11-20,COMP,2.0,95.57,152.2,COMPLIANCE
1136,ETHICS-001,Code de Déontologie Novaryn Tech,2016-11-25,COMP,1.5,71.12,117.57,COMPLIANCE
1136,SAFE-001,SAFe Agile Practitioner,2020-01-30,COMP,16.0,97.84,1231.5,COURSE
1136,SCRUM-001,Scrum Fundamentals,2023-12-16,FAIL,12.0,55.24,641.23,ELEARN
1136,AWS-001,AWS Cloud Practitioner,2025-05-02,ENR,30.0,0.0,1723.64,ELEARN
1136,PM-001,Product Management Essentials,2024-08-25,COMP,20.0,74.1,1367.61,COURSE
1136,PYTHON-001,Python for Data Science,2021-05-05,COMP,24.0,91.35,947.35,ELEARN
1137,GDPR-001,RGPD & Protection des Données,2024-05-07,COMP,2.0,99.73,190.53,COMPLIANCE
1137,HEALTH-001,Santé & Sécurité au Travail,2024-05-13,COMP,4.0,74.82,252.92,COMPLIANCE
1137,FIRE-001,Sécurité & Évacuation Incendie,2024-04-28,COMP,1.0,89.45,104.81,COMPLIANCE
1137,DEI-001,Égalité Femmes-Hommes,2024-05-11,COMP,3.0,80.46,191.36,COMPLIANCE
1137,FRAUD-001,Prévention Fraude & Corruption,2024-04-24,COMP,2.0,95.7,145.01,COMPLIANCE
1137,ETHICS-001,Code de Déontologie Novaryn Tech,2024-05-02,COMP,1.5,86.15,127.32,COMPLIANCE
1137,SQL-001,Advanced SQL for Analytics,2024-07-13,FAIL,16.0,41.72,777.46,ELEARN
1137,AZURE-001,Microsoft Azure Fundamentals,2024-12-03,COMP,28.0,85.58,1723.15,ELEARN
1137,LEAD-001,Leadership & Management,2024-10-27,COMP,20.0,94.24,1493.45,COURSE
1138,GDPR-001,RGPD & Protection des Données,2023-10-09,COMP,2.0,94.18,215.83,COMPLIANCE
1138,HEALTH-001,Santé & Sécurité au Travail,2023-11-05,COMP,4.0,74.78,233.43,COMPLIANCE
1138,FIRE-001,Sécurité & Évacuation Incendie,2023-09-19,COMP,1.0,73.34,101.64,COMPLIANCE
1138,DEI-001,Égalité Femmes-Hommes,2023-10-20,COMP,3.0,91.01,182.18,COMPLIANCE
1138,FRAUD-001,Prévention Fraude & Corruption,2023-11-05,COMP,2.0,86.8,140.34,COMPLIANCE
1138,ETHICS-001,Code de Déontologie Novaryn Tech,2023-10-27,COMP,1.5,90.87,112.77,COMPLIANCE
1138,COMM-001,Communication & Public Speaking,2024-12-27,FAIL,8.0,52.6,442.27,OJT
1138,PM-001,Product Management Essentials,2024-07-25,COMP,20.0,73.61,1147.37,COURSE
1139,GDPR-001,RGPD & Protection des Données,2020-05-08,COMP,2.0,97.64,184.15,COMPLIANCE
1139,HEALTH-001,Santé & Sécurité au Travail,2020-06-16,COMP,4.0,94.44,269.37,COMPLIANCE
1139,FIRE-001,Sécurité & Évacuation Incendie,2020-05-18,COMP,1.0,88.4,109.41,COMPLIANCE
1139,DEI-001,Égalité Femmes-Hommes,2020-05-20,COMP,3.0,99.98,177.93,COMPLIANCE
1139,FRAUD-001,Prévention Fraude & Corruption,2020-05-02,COMP,2.0,77.38,139.65,COMPLIANCE
1139,ETHICS-001,Code de Déontologie Novaryn Tech,2020-05-17,COMP,1.5,70.79,113.39,COMPLIANCE
1139,AWS-001,AWS Cloud Practitioner,2023-02-06,COMP,30.0,68.64,1536.71,ELEARN
1139,EXCEL-001,Excel Avancé & Reporting,2024-03-01,COMP,8.0,60.83,413.47,ELEARN
1139,K8S-001,Kubernetes Fundamentals,2025-05-23,ENR,24.0,0.0,1118.59,ELEARN
1140,GDPR-001,RGPD & Protection des Données,2013-09-08,COMP,2.0,75.77,187.44,COMPLIANCE
1140,HEALTH-001,Santé & Sécurité au Travail,2013-09-05,COMP,4.0,87.43,256.36,COMPLIANCE
1140,FIRE-001,Sécurité & Évacuation Incendie,2013-08-27,COMP,1.0,92.4,104.13,COMPLIANCE
1140,DEI-001,Égalité Femmes-Hommes,2013-08-26,COMP,3.0,94.1,171.49,COMPLIANCE
1140,FRAUD-001,Prévention Fraude & Corruption,2013-08-26,COMP,2.0,80.94,162.77,COMPLIANCE
1140,ETHICS-001,Code de Déontologie Novaryn Tech,2013-08-18,COMP,1.5,79.6,116.57,COMPLIANCE
1140,SQL-001,Advanced SQL for Analytics,2025-06-13,ENR,16.0,0.0,710.9,ELEARN
1140,COMM-001,Communication & Public Speaking,2022-07-27,FAIL,8.0,54.9,400.89,OJT
1140,AWS-001,AWS Cloud Practitioner,2021-09-10,COMP,30.0,72.54,1965.92,ELEARN
1141,GDPR-001,RGPD & Protection des Données,2016-10-30,COMP,2.0,76.83,193.93,COMPLIANCE
1141,HEALTH-001,Santé & Sécurité au Travail,2016-11-05,COMP,4.0,89.35,252.7,COMPLIANCE
1141,FIRE-001,Sécurité & Évacuation Incendie,2016-10-06,COMP,1.0,83.96,101.49,COMPLIANCE
1141,DEI-001,Égalité Femmes-Hommes,2016-09-25,COMP,3.0,83.81,177.76,COMPLIANCE
1141,FRAUD-001,Prévention Fraude & Corruption,2016-10-29,COMP,2.0,83.09,163.59,COMPLIANCE
1141,ETHICS-001,Code de Déontologie Novaryn Tech,2016-10-02,COMP,1.5,70.66,118.76,COMPLIANCE
1141,SQL-001,Advanced SQL for Analytics,2025-04-18,ENR,16.0,0.0,695.31,ELEARN
1141,K8S-001,Kubernetes Fundamentals,2024-02-10,COMP,24.0,98.19,1026.11,ELEARN
1142,GDPR-001,RGPD & Protection des Données,2017-09-26,COMP,2.0,98.42,209.11,COMPLIANCE
1142,HEALTH-001,Santé & Sécurité au Travail,2017-10-25,COMP,4.0,87.93,246.54,COMPLIANCE
1142,FIRE-001,Sécurité & Évacuation Incendie,2017-10-28,COMP,1.0,98.28,109.72,COMPLIANCE
1142,DEI-001,Égalité Femmes-Hommes,2017-09-23,COMP,3.0,89.85,173.15,COMPLIANCE
1142,FRAUD-001,Prévention Fraude & Corruption,2017-10-24,COMP,2.0,90.24,144.92,COMPLIANCE
1142,ETHICS-001,Code de Déontologie Novaryn Tech,2017-10-16,COMP,1.5,93.95,120.19,COMPLIANCE
1142,PYTHON-001,Python for Data Science,2025-06-17,ENR,24.0,0.0,865.89,ELEARN
1142,ML-001,Machine Learning Fundamentals,2025-06-14,ENR,40.0,0.0,1417.45,ELEARN
1142,SAFE-001,SAFe Agile Practitioner,2023-03-30,FAIL,16.0,51.66,1412.5,COURSE
1142,PM-001,Product Management Essentials,2025-04-24,ENR,20.0,0.0,1109.57,COURSE
1142,SQL-001,Advanced SQL for Analytics,2023-01-20,COMP,16.0,90.35,723.04,ELEARN
1143,GDPR-001,RGPD & Protection des Données,2016-07-03,COMP,2.0,70.88,217.15,COMPLIANCE
1143,HEALTH-001,Santé & Sécurité au Travail,2016-08-07,COMP,4.0,73.59,229.46,COMPLIANCE
1143,FIRE-001,Sécurité & Évacuation Incendie,2016-07-17,COMP,1.0,87.22,108.98,COMPLIANCE
1143,DEI-001,Égalité Femmes-Hommes,2016-07-16,COMP,3.0,94.15,175.73,COMPLIANCE
1143,FRAUD-001,Prévention Fraude & Corruption,2016-07-22,COMP,2.0,74.16,145.3,COMPLIANCE
1143,ETHICS-001,Code de Déontologie Novaryn Tech,2016-06-28,COMP,1.5,79.34,112.26,COMPLIANCE
1143,AZURE-001,Microsoft Azure Fundamentals,2024-11-20,COMP,28.0,69.07,1833.11,ELEARN
1143,K8S-001,Kubernetes Fundamentals,2022-07-08,COMP,24.0,73.59,1183.1,ELEARN
1143,LEAD-001,Leadership & Management,2022-07-06,COMP,20.0,60.82,1547.77,COURSE
1143,PYTHON-001,Python for Data Science,2020-03-09,FAIL,24.0,41.12,961.94,ELEARN
1143,EXCEL-001,Excel Avancé & Reporting,2023-05-14,COMP,8.0,98.54,403.49,ELEARN
1144,GDPR-001,RGPD & Protection des Données,2019-07-15,COMP,2.0,79.81,192.25,COMPLIANCE
1144,HEALTH-001,Santé & Sécurité au Travail,2019-09-04,COMP,4.0,97.15,253.17,COMPLIANCE
1144,FIRE-001,Sécurité & Évacuation Incendie,2019-07-19,COMP,1.0,98.67,93.77,COMPLIANCE
1144,DEI-001,Égalité Femmes-Hommes,2019-08-23,COMP,3.0,84.95,181.27,COMPLIANCE
1144,FRAUD-001,Prévention Fraude & Corruption,2019-08-06,COMP,2.0,72.91,155.5,COMPLIANCE
1144,ETHICS-001,Code de Déontologie Novaryn Tech,2019-07-24,COMP,1.5,87.99,121.78,COMPLIANCE
1144,COMM-001,Communication & Public Speaking,2022-05-02,COMP,8.0,61.55,404.51,OJT
1144,PYTHON-001,Python for Data Science,2020-01-26,FAIL,24.0,57.87,1092.16,ELEARN
1144,ML-001,Machine Learning Fundamentals,2024-10-24,COMP,40.0,71.66,1527.55,ELEARN
1144,EXCEL-001,Excel Avancé & Reporting,2020-06-01,COMP,8.0,80.74,448.03,ELEARN
1144,K8S-001,Kubernetes Fundamentals,2024-03-23,COMP,24.0,84.14,1264.12,ELEARN
1145,GDPR-001,RGPD & Protection des Données,2019-05-09,COMP,2.0,98.13,217.14,COMPLIANCE
1145,HEALTH-001,Santé & Sécurité au Travail,2019-05-23,COMP,4.0,94.95,264.2,COMPLIANCE
1145,FIRE-001,Sécurité & Évacuation Incendie,2019-04-25,COMP,1.0,90.06,91.31,COMPLIANCE
1145,DEI-001,Égalité Femmes-Hommes,2019-05-03,COMP,3.0,80.97,170.62,COMPLIANCE
1145,FRAUD-001,Prévention Fraude & Corruption,2019-06-09,COMP,2.0,84.72,158.82,COMPLIANCE
1145,ETHICS-001,Code de Déontologie Novaryn Tech,2019-04-20,COMP,1.5,80.75,130.0,COMPLIANCE
1145,EXCEL-001,Excel Avancé & Reporting,2022-06-08,COMP,8.0,86.19,449.42,ELEARN
1145,SAFE-001,SAFe Agile Practitioner,2021-12-15,COMP,16.0,88.09,1409.1,COURSE
1145,PM-001,Product Management Essentials,2025-06-21,ENR,20.0,0.0,1092.34,COURSE
1145,LEAD-001,Leadership & Management,2021-11-11,COMP,20.0,77.92,1364.12,COURSE
1145,ML-001,Machine Learning Fundamentals,2021-08-13,FAIL,40.0,48.1,1568.87,ELEARN
1146,GDPR-001,RGPD & Protection des Données,2013-04-24,COMP,2.0,84.71,199.65,COMPLIANCE
1146,HEALTH-001,Santé & Sécurité au Travail,2013-05-09,COMP,4.0,86.84,255.48,COMPLIANCE
1146,FIRE-001,Sécurité & Évacuation Incendie,2013-05-08,COMP,1.0,84.93,105.73,COMPLIANCE
1146,DEI-001,Égalité Femmes-Hommes,2013-05-07,COMP,3.0,93.13,187.16,COMPLIANCE
1146,FRAUD-001,Prévention Fraude & Corruption,2013-05-22,COMP,2.0,94.94,140.64,COMPLIANCE
1146,ETHICS-001,Code de Déontologie Novaryn Tech,2013-04-24,COMP,1.5,79.21,122.1,COMPLIANCE
1146,SAFE-001,SAFe Agile Practitioner,2022-02-17,COMP,16.0,61.89,1317.24,COURSE
1146,SQL-001,Advanced SQL for Analytics,2021-02-28,COMP,16.0,98.57,692.58,ELEARN
1146,SCRUM-001,Scrum Fundamentals,2025-05-25,ENR,12.0,0.0,642.94,ELEARN
1147,GDPR-001,RGPD & Protection des Données,2012-09-20,COMP,2.0,95.48,200.35,COMPLIANCE
1147,HEALTH-001,Santé & Sécurité au Travail,2012-09-30,COMP,4.0,90.98,270.53,COMPLIANCE
1147,FIRE-001,Sécurité & Évacuation Incendie,2012-08-24,COMP,1.0,83.72,93.71,COMPLIANCE
1147,DEI-001,Égalité Femmes-Hommes,2012-09-01,COMP,3.0,91.37,164.63,COMPLIANCE
1147,FRAUD-001,Prévention Fraude & Corruption,2012-08-31,COMP,2.0,84.86,152.13,COMPLIANCE
1147,ETHICS-001,Code de Déontologie Novaryn Tech,2012-09-26,COMP,1.5,70.47,130.13,COMPLIANCE
1147,COMM-001,Communication & Public Speaking,2020-05-02,COMP,8.0,69.62,437.64,OJT
1147,LEAD-001,Leadership & Management,2025-04-22,ENR,20.0,0.0,1719.19,COURSE
1147,AZURE-001,Microsoft Azure Fundamentals,2025-05-17,ENR,28.0,0.0,1800.44,ELEARN
1148,GDPR-001,RGPD & Protection des Données,2021-06-27,COMP,2.0,71.34,185.67,COMPLIANCE
1148,HEALTH-001,Santé & Sécurité au Travail,2021-06-17,COMP,4.0,88.65,237.91,COMPLIANCE
1148,FIRE-001,Sécurité & Évacuation Incendie,2021-06-29,COMP,1.0,90.41,104.2,COMPLIANCE
1148,DEI-001,Égalité Femmes-Hommes,2021-07-12,COMP,3.0,79.29,195.85,COMPLIANCE
1148,FRAUD-001,Prévention Fraude & Corruption,2021-07-13,COMP,2.0,92.1,143.18,COMPLIANCE
1148,ETHICS-001,Code de Déontologie Novaryn Tech,2021-07-16,COMP,1.5,70.31,127.77,COMPLIANCE
1148,AZURE-001,Microsoft Azure Fundamentals,2021-10-14,COMP,28.0,75.82,1694.08,ELEARN
1148,AWS-001,AWS Cloud Practitioner,2024-02-10,COMP,30.0,86.52,1650.41,ELEARN
1148,K8S-001,Kubernetes Fundamentals,2023-03-13,COMP,24.0,64.61,1232.73,ELEARN
1148,EXCEL-001,Excel Avancé & Reporting,2024-10-04,COMP,8.0,67.33,379.29,ELEARN
1148,SCRUM-001,Scrum Fundamentals,2022-03-16,FAIL,12.0,44.87,632.56,ELEARN
1149,GDPR-001,RGPD & Protection des Données,2014-04-22,COMP,2.0,81.95,201.45,COMPLIANCE
1149,HEALTH-001,Santé & Sécurité au Travail,2014-03-27,COMP,4.0,95.67,238.07,COMPLIANCE
1149,FIRE-001,Sécurité & Évacuation Incendie,2014-04-26,COMP,1.0,73.58,106.46,COMPLIANCE
1149,DEI-001,Égalité Femmes-Hommes,2014-03-21,COMP,3.0,98.51,181.97,COMPLIANCE
1149,FRAUD-001,Prévention Fraude & Corruption,2014-04-09,COMP,2.0,76.02,150.55,COMPLIANCE
1149,ETHICS-001,Code de Déontologie Novaryn Tech,2014-03-11,COMP,1.5,84.07,110.62,COMPLIANCE
1149,SCRUM-001,Scrum Fundamentals,2020-10-07,COMP,12.0,87.74,522.13,ELEARN
1149,REACT-001,React & TypeScript Masterclass,2022-07-05,COMP,36.0,74.84,1285.8,ELEARN
1149,PYTHON-001,Python for Data Science,2022-10-12,COMP,24.0,90.77,1048.86,ELEARN
1150,GDPR-001,RGPD & Protection des Données,2018-04-23,COMP,2.0,93.0,187.56,COMPLIANCE
1150,HEALTH-001,Santé & Sécurité au Travail,2018-04-04,COMP,4.0,91.75,227.19,COMPLIANCE
1150,FIRE-001,Sécurité & Évacuation Incendie,2018-03-22,COMP,1.0,98.46,96.83,COMPLIANCE
1150,DEI-001,Égalité Femmes-Hommes,2018-04-07,COMP,3.0,97.66,174.6,COMPLIANCE
1150,FRAUD-001,Prévention Fraude & Corruption,2018-04-03,COMP,2.0,97.05,136.69,COMPLIANCE
1150,ETHICS-001,Code de Déontologie Novaryn Tech,2018-04-15,COMP,1.5,74.59,115.0,COMPLIANCE
1150,AWS-001,AWS Cloud Practitioner,2023-07-14,COMP,30.0,73.44,1919.44,ELEARN
1150,PYTHON-001,Python for Data Science,2021-06-29,COMP,24.0,77.62,1103.03,ELEARN
1151,GDPR-001,RGPD & Protection des Données,2015-09-12,COMP,2.0,85.86,202.27,COMPLIANCE
1151,HEALTH-001,Santé & Sécurité au Travail,2015-08-14,COMP,4.0,86.41,240.88,COMPLIANCE
1151,FIRE-001,Sécurité & Évacuation Incendie,2015-08-12,COMP,1.0,90.54,98.2,COMPLIANCE
1151,DEI-001,Égalité Femmes-Hommes,2015-09-08,COMP,3.0,70.52,187.94,COMPLIANCE
1151,FRAUD-001,Prévention Fraude & Corruption,2015-09-20,COMP,2.0,97.98,146.11,COMPLIANCE
1151,ETHICS-001,Code de Déontologie Novaryn Tech,2015-08-14,COMP,1.5,97.05,124.42,COMPLIANCE
1151,REACT-001,React & TypeScript Masterclass,2021-09-15,COMP,36.0,92.55,1296.73,ELEARN
1151,SCRUM-001,Scrum Fundamentals,2021-02-14,COMP,12.0,68.98,623.09,ELEARN
1152,GDPR-001,RGPD & Protection des Données,2023-06-19,COMP,2.0,86.37,180.79,COMPLIANCE
1152,HEALTH-001,Santé & Sécurité au Travail,2023-07-05,COMP,4.0,97.32,271.86,COMPLIANCE
1152,FIRE-001,Sécurité & Évacuation Incendie,2023-06-24,COMP,1.0,81.58,103.71,COMPLIANCE
1152,DEI-001,Égalité Femmes-Hommes,2023-06-07,COMP,3.0,83.49,188.93,COMPLIANCE
1152,FRAUD-001,Prévention Fraude & Corruption,2023-06-26,COMP,2.0,84.72,142.5,COMPLIANCE
1152,ETHICS-001,Code de Déontologie Novaryn Tech,2023-06-23,COMP,1.5,83.65,130.07,COMPLIANCE
1152,K8S-001,Kubernetes Fundamentals,2024-09-26,COMP,24.0,71.47,1176.22,ELEARN
1152,ML-001,Machine Learning Fundamentals,2024-05-15,FAIL,40.0,47.38,1483.46,ELEARN
1152,SQL-001,Advanced SQL for Analytics,2024-09-20,COMP,16.0,89.6,783.62,ELEARN
1153,GDPR-001,RGPD & Protection des Données,2021-08-05,COMP,2.0,74.32,198.4,COMPLIANCE
1153,HEALTH-001,Santé & Sécurité au Travail,2021-08-31,COMP,4.0,96.39,267.58,COMPLIANCE
1153,FIRE-001,Sécurité & Évacuation Incendie,2021-08-11,COMP,1.0,73.75,102.53,COMPLIANCE
1153,DEI-001,Égalité Femmes-Hommes,2021-07-30,COMP,3.0,98.26,177.16,COMPLIANCE
1153,FRAUD-001,Prévention Fraude & Corruption,2021-08-12,COMP,2.0,83.82,148.57,COMPLIANCE
1153,ETHICS-001,Code de Déontologie Novaryn Tech,2021-08-10,COMP,1.5,83.91,116.11,COMPLIANCE
1153,PYTHON-001,Python for Data Science,2023-11-26,COMP,24.0,67.64,908.38,ELEARN
1153,COMM-001,Communication & Public Speaking,2025-06-23,ENR,8.0,0.0,434.1,OJT
1153,ML-001,Machine Learning Fundamentals,2022-06-20,COMP,40.0,78.54,1773.97,ELEARN
1153,AWS-001,AWS Cloud Practitioner,2025-05-17,ENR,30.0,0.0,1877.76,ELEARN
1153,PM-001,Product Management Essentials,2023-10-26,COMP,20.0,65.65,1059.11,COURSE
1154,GDPR-001,RGPD & Protection des Données,2024-11-18,COMP,2.0,83.57,216.19,COMPLIANCE
1154,HEALTH-001,Santé & Sécurité au Travail,2024-11-26,COMP,4.0,96.1,245.61,COMPLIANCE
1154,FIRE-001,Sécurité & Évacuation Incendie,2024-10-20,COMP,1.0,76.52,101.03,COMPLIANCE
1154,DEI-001,Égalité Femmes-Hommes,2024-10-18,COMP,3.0,89.79,195.74,COMPLIANCE
1154,FRAUD-001,Prévention Fraude & Corruption,2024-11-04,COMP,2.0,75.41,148.29,COMPLIANCE
1154,ETHICS-001,Code de Déontologie Novaryn Tech,2024-11-21,COMP,1.5,76.19,121.62,COMPLIANCE
1154,AZURE-001,Microsoft Azure Fundamentals,2024-12-30,COMP,28.0,66.23,1552.9,ELEARN
1154,COMM-001,Communication & Public Speaking,2025-04-25,ENR,8.0,0.0,358.08,OJT
1154,SAFE-001,SAFe Agile Practitioner,2024-12-30,COMP,16.0,69.83,1500.16,COURSE
1155,GDPR-001,RGPD & Protection des Données,2014-11-30,COMP,2.0,97.94,192.65,COMPLIANCE
1155,HEALTH-001,Santé & Sécurité au Travail,2014-11-30,COMP,4.0,88.37,261.77,COMPLIANCE
1155,FIRE-001,Sécurité & Évacuation Incendie,2014-10-15,COMP,1.0,90.29,105.74,COMPLIANCE
1155,DEI-001,Égalité Femmes-Hommes,2014-10-18,COMP,3.0,70.64,195.13,COMPLIANCE
1155,FRAUD-001,Prévention Fraude & Corruption,2014-10-16,COMP,2.0,79.95,137.7,COMPLIANCE
1155,ETHICS-001,Code de Déontologie Novaryn Tech,2014-11-04,COMP,1.5,76.09,111.61,COMPLIANCE
1155,AZURE-001,Microsoft Azure Fundamentals,2023-12-26,COMP,28.0,72.62,1794.17,ELEARN
1155,LEAD-001,Leadership & Management,2020-08-21,COMP,20.0,73.54,1353.85,COURSE
1155,SQL-001,Advanced SQL for Analytics,2021-03-13,COMP,16.0,92.09,718.35,ELEARN
1156,GDPR-001,RGPD & Protection des Données,2012-06-19,COMP,2.0,74.9,184.74,COMPLIANCE
1156,HEALTH-001,Santé & Sécurité au Travail,2012-07-19,COMP,4.0,82.29,253.08,COMPLIANCE
1156,FIRE-001,Sécurité & Évacuation Incendie,2012-07-20,COMP,1.0,84.09,109.67,COMPLIANCE
1156,DEI-001,Égalité Femmes-Hommes,2012-07-24,COMP,3.0,95.44,170.98,COMPLIANCE
1156,FRAUD-001,Prévention Fraude & Corruption,2012-06-17,COMP,2.0,89.92,139.4,COMPLIANCE
1156,ETHICS-001,Code de Déontologie Novaryn Tech,2012-07-08,COMP,1.5,72.91,108.95,COMPLIANCE
1156,K8S-001,Kubernetes Fundamentals,2021-12-01,COMP,24.0,99.51,1054.59,ELEARN
1156,REACT-001,React & TypeScript Masterclass,2023-05-19,COMP,36.0,82.88,1181.04,ELEARN
1156,EXCEL-001,Excel Avancé & Reporting,2024-09-27,COMP,8.0,79.67,420.61,ELEARN
1156,PYTHON-001,Python for Data Science,2023-02-10,COMP,24.0,73.59,875.5,ELEARN
1156,SCRUM-001,Scrum Fundamentals,2020-10-07,COMP,12.0,67.09,622.33,ELEARN
1157,GDPR-001,RGPD & Protection des Données,2017-10-15,COMP,2.0,81.81,185.98,COMPLIANCE
1157,HEALTH-001,Santé & Sécurité au Travail,2017-10-22,COMP,4.0,98.81,234.86,COMPLIANCE
1157,FIRE-001,Sécurité & Évacuation Incendie,2017-10-12,COMP,1.0,79.62,104.23,COMPLIANCE
1157,DEI-001,Égalité Femmes-Hommes,2017-10-22,COMP,3.0,72.49,183.7,COMPLIANCE
1157,FRAUD-001,Prévention Fraude & Corruption,2017-10-23,COMP,2.0,84.84,153.66,COMPLIANCE
1157,ETHICS-001,Code de Déontologie Novaryn Tech,2017-10-09,COMP,1.5,82.53,112.06,COMPLIANCE
1157,AWS-001,AWS Cloud Practitioner,2023-05-10,FAIL,30.0,40.45,1702.03,ELEARN
1157,ML-001,Machine Learning Fundamentals,2020-02-13,COMP,40.0,85.98,1696.25,ELEARN
1157,AZURE-001,Microsoft Azure Fundamentals,2022-04-01,COMP,28.0,99.85,1522.01,ELEARN
1157,COMM-001,Communication & Public Speaking,2024-07-25,COMP,8.0,99.8,418.8,OJT
1158,GDPR-001,RGPD & Protection des Données,2024-08-21,COMP,2.0,72.41,202.05,COMPLIANCE
1158,HEALTH-001,Santé & Sécurité au Travail,2024-07-18,COMP,4.0,96.16,271.33,COMPLIANCE
1158,FIRE-001,Sécurité & Évacuation Incendie,2024-07-10,COMP,1.0,92.04,90.38,COMPLIANCE
1158,DEI-001,Égalité Femmes-Hommes,2024-08-03,COMP,3.0,75.99,178.92,COMPLIANCE
1158,FRAUD-001,Prévention Fraude & Corruption,2024-08-03,COMP,2.0,71.08,155.16,COMPLIANCE
1158,ETHICS-001,Code de Déontologie Novaryn Tech,2024-08-23,COMP,1.5,81.25,116.8,COMPLIANCE
1158,REACT-001,React & TypeScript Masterclass,2025-06-09,ENR,36.0,0.0,1089.45,ELEARN
1158,COMM-001,Communication & Public Speaking,2024-11-14,COMP,8.0,63.33,393.98,OJT
1158,SQL-001,Advanced SQL for Analytics,2024-11-05,COMP,16.0,92.22,899.2,ELEARN
1158,PYTHON-001,Python for Data Science,2025-04-14,ENR,24.0,0.0,856.9,ELEARN
1158,SAFE-001,SAFe Agile Practitioner,2024-12-12,COMP,16.0,90.48,1292.04,COURSE
1159,GDPR-001,RGPD & Protection des Données,2014-10-04,COMP,2.0,81.2,186.16,COMPLIANCE
1159,HEALTH-001,Santé & Sécurité au Travail,2014-11-13,COMP,4.0,77.11,229.37,COMPLIANCE
1159,FIRE-001,Sécurité & Évacuation Incendie,2014-09-27,COMP,1.0,70.29,90.27,COMPLIANCE
1159,DEI-001,Égalité Femmes-Hommes,2014-11-13,COMP,3.0,80.23,194.72,COMPLIANCE
1159,FRAUD-001,Prévention Fraude & Corruption,2014-09-27,COMP,2.0,74.69,153.78,COMPLIANCE
1159,ETHICS-001,Code de Déontologie Novaryn Tech,2014-10-22,COMP,1.5,88.93,115.94,COMPLIANCE
1159,PM-001,Product Management Essentials,2022-03-25,COMP,20.0,65.55,1350.48,COURSE
1159,LEAD-001,Leadership & Management,2024-12-21,FAIL,20.0,43.53,1598.21,COURSE
1160,GDPR-001,RGPD & Protection des Données,2012-09-09,COMP,2.0,70.12,211.66,COMPLIANCE
1160,HEALTH-001,Santé & Sécurité au Travail,2012-09-18,COMP,4.0,76.31,260.85,COMPLIANCE
1160,FIRE-001,Sécurité & Évacuation Incendie,2012-09-28,COMP,1.0,79.61,100.59,COMPLIANCE
1160,DEI-001,Égalité Femmes-Hommes,2012-10-04,COMP,3.0,94.53,187.5,COMPLIANCE
1160,FRAUD-001,Prévention Fraude & Corruption,2012-10-05,COMP,2.0,88.16,140.58,COMPLIANCE
1160,ETHICS-001,Code de Déontologie Novaryn Tech,2012-09-22,COMP,1.5,91.95,122.2,COMPLIANCE
1160,K8S-001,Kubernetes Fundamentals,2023-03-29,COMP,24.0,63.18,1256.48,ELEARN
1160,PYTHON-001,Python for Data Science,2023-02-28,COMP,24.0,95.13,1022.63,ELEARN
1161,GDPR-001,RGPD & Protection des Données,2015-06-13,COMP,2.0,91.0,208.11,COMPLIANCE
1161,HEALTH-001,Santé & Sécurité au Travail,2015-06-05,COMP,4.0,75.65,267.43,COMPLIANCE
1161,FIRE-001,Sécurité & Évacuation Incendie,2015-07-19,COMP,1.0,99.76,93.25,COMPLIANCE
1161,DEI-001,Égalité Femmes-Hommes,2015-07-11,COMP,3.0,95.08,172.68,COMPLIANCE
1161,FRAUD-001,Prévention Fraude & Corruption,2015-06-27,COMP,2.0,85.2,143.56,COMPLIANCE
1161,ETHICS-001,Code de Déontologie Novaryn Tech,2015-06-28,COMP,1.5,77.53,116.27,COMPLIANCE
1161,ML-001,Machine Learning Fundamentals,2020-12-02,FAIL,40.0,52.99,1495.1,ELEARN
1161,SCRUM-001,Scrum Fundamentals,2021-12-27,COMP,12.0,62.46,598.91,ELEARN
1161,SAFE-001,SAFe Agile Practitioner,2024-01-04,FAIL,16.0,41.15,1507.37,COURSE
1162,GDPR-001,RGPD & Protection des Données,2017-04-14,COMP,2.0,72.4,210.58,COMPLIANCE
1162,HEALTH-001,Santé & Sécurité au Travail,2017-05-02,COMP,4.0,83.38,273.86,COMPLIANCE
1162,FIRE-001,Sécurité & Évacuation Incendie,2017-04-30,COMP,1.0,72.65,101.76,COMPLIANCE
1162,DEI-001,Égalité Femmes-Hommes,2017-04-10,COMP,3.0,90.94,183.8,COMPLIANCE
1162,FRAUD-001,Prévention Fraude & Corruption,2017-03-22,COMP,2.0,87.08,156.81,COMPLIANCE
1162,ETHICS-001,Code de Déontologie Novaryn Tech,2017-04-07,COMP,1.5,83.52,125.81,COMPLIANCE
1162,SQL-001,Advanced SQL for Analytics,2020-03-18,COMP,16.0,89.8,734.75,ELEARN
1162,K8S-001,Kubernetes Fundamentals,2024-10-10,COMP,24.0,87.63,1070.21,ELEARN
1162,AZURE-001,Microsoft Azure Fundamentals,2025-05-11,ENR,28.0,0.0,1803.25,ELEARN
1162,COMM-001,Communication & Public Speaking,2025-05-21,ENR,8.0,0.0,395.63,OJT
1162,EXCEL-001,Excel Avancé & Reporting,2020-07-15,FAIL,8.0,48.59,357.05,ELEARN
1163,GDPR-001,RGPD & Protection des Données,2012-07-21,COMP,2.0,81.57,217.99,COMPLIANCE
1163,HEALTH-001,Santé & Sécurité au Travail,2012-06-11,COMP,4.0,93.65,244.07,COMPLIANCE
1163,FIRE-001,Sécurité & Évacuation Incendie,2012-07-13,COMP,1.0,74.48,97.31,COMPLIANCE
1163,DEI-001,Égalité Femmes-Hommes,2012-06-30,COMP,3.0,93.74,185.82,COMPLIANCE
1163,FRAUD-001,Prévention Fraude & Corruption,2012-06-14,COMP,2.0,74.53,163.38,COMPLIANCE
1163,ETHICS-001,Code de Déontologie Novaryn Tech,2012-06-16,COMP,1.5,72.85,117.39,COMPLIANCE
1163,AZURE-001,Microsoft Azure Fundamentals,2023-12-13,COMP,28.0,75.69,1505.69,ELEARN
1163,SQL-001,Advanced SQL for Analytics,2022-07-27,FAIL,16.0,50.44,734.66,ELEARN
1163,AWS-001,AWS Cloud Practitioner,2023-06-22,COMP,30.0,88.95,1763.74,ELEARN
1164,GDPR-001,RGPD & Protection des Données,2017-08-18,COMP,2.0,84.62,206.63,COMPLIANCE
1164,HEALTH-001,Santé & Sécurité au Travail,2017-08-30,COMP,4.0,98.84,228.35,COMPLIANCE
1164,FIRE-001,Sécurité & Évacuation Incendie,2017-08-28,COMP,1.0,91.18,102.16,COMPLIANCE
1164,DEI-001,Égalité Femmes-Hommes,2017-08-17,COMP,3.0,77.05,195.96,COMPLIANCE
1164,FRAUD-001,Prévention Fraude & Corruption,2017-09-28,COMP,2.0,76.49,149.72,COMPLIANCE
1164,ETHICS-001,Code de Déontologie Novaryn Tech,2017-08-27,COMP,1.5,88.95,116.13,COMPLIANCE
1164,SAFE-001,SAFe Agile Practitioner,2020-12-28,COMP,16.0,65.18,1308.4,COURSE
1164,PM-001,Product Management Essentials,2025-06-27,ENR,20.0,0.0,1331.08,COURSE
1164,REACT-001,React & TypeScript Masterclass,2020-05-20,COMP,36.0,98.82,1042.72,ELEARN
1164,COMM-001,Communication & Public Speaking,2020-04-25,COMP,8.0,76.68,365.13,OJT
1165,GDPR-001,RGPD & Protection des Données,2016-10-27,COMP,2.0,90.65,216.41,COMPLIANCE
1165,HEALTH-001,Santé & Sécurité au Travail,2016-10-27,COMP,4.0,89.02,270.09,COMPLIANCE
1165,FIRE-001,Sécurité & Évacuation Incendie,2016-11-06,COMP,1.0,93.6,101.1,COMPLIANCE
1165,DEI-001,Égalité Femmes-Hommes,2016-11-12,COMP,3.0,93.81,187.14,COMPLIANCE
1165,FRAUD-001,Prévention Fraude & Corruption,2016-10-15,COMP,2.0,98.96,158.45,COMPLIANCE
1165,ETHICS-001,Code de Déontologie Novaryn Tech,2016-11-12,COMP,1.5,99.13,113.49,COMPLIANCE
1165,AWS-001,AWS Cloud Practitioner,2022-08-03,COMP,30.0,60.78,1805.92,ELEARN
1165,K8S-001,Kubernetes Fundamentals,2024-03-10,COMP,24.0,90.01,1140.79,ELEARN
1165,PM-001,Product Management Essentials,2020-12-26,COMP,20.0,79.64,1236.94,COURSE
1166,GDPR-001,RGPD & Protection des Données,2020-10-23,COMP,2.0,77.98,197.98,COMPLIANCE
1166,HEALTH-001,Santé & Sécurité au Travail,2020-10-26,COMP,4.0,75.8,263.5,COMPLIANCE
1166,FIRE-001,Sécurité & Évacuation Incendie,2020-10-22,COMP,1.0,74.29,106.96,COMPLIANCE
1166,DEI-001,Égalité Femmes-Hommes,2020-09-10,COMP,3.0,84.21,170.04,COMPLIANCE
1166,FRAUD-001,Prévention Fraude & Corruption,2020-09-07,COMP,2.0,79.82,159.75,COMPLIANCE
1166,ETHICS-001,Code de Déontologie Novaryn Tech,2020-10-07,COMP,1.5,86.86,126.81,COMPLIANCE
1166,K8S-001,Kubernetes Fundamentals,2021-04-28,COMP,24.0,92.43,997.1,ELEARN
1166,SQL-001,Advanced SQL for Analytics,2021-11-28,FAIL,16.0,51.5,750.95,ELEARN
1166,PM-001,Product Management Essentials,2024-09-07,COMP,20.0,95.39,1208.46,COURSE
1166,ML-001,Machine Learning Fundamentals,2023-03-14,COMP,40.0,69.93,1540.48,ELEARN
1167,GDPR-001,RGPD & Protection des Données,2021-04-05,COMP,2.0,94.56,180.44,COMPLIANCE
1167,HEALTH-001,Santé & Sécurité au Travail,2021-03-08,COMP,4.0,76.13,239.81,COMPLIANCE
1167,FIRE-001,Sécurité & Évacuation Incendie,2021-02-21,COMP,1.0,89.55,105.25,COMPLIANCE
1167,DEI-001,Égalité Femmes-Hommes,2021-02-25,COMP,3.0,81.06,189.93,COMPLIANCE
1167,FRAUD-001,Prévention Fraude & Corruption,2021-03-01,COMP,2.0,83.4,146.46,COMPLIANCE
1167,ETHICS-001,Code de Déontologie Novaryn Tech,2021-03-02,COMP,1.5,87.82,126.2,COMPLIANCE
1167,AZURE-001,Microsoft Azure Fundamentals,2021-12-10,COMP,28.0,88.25,1577.6,ELEARN
1167,K8S-001,Kubernetes Fundamentals,2023-01-07,COMP,24.0,65.14,1250.51,ELEARN
1168,GDPR-001,RGPD & Protection des Données,2013-12-31,COMP,2.0,71.57,193.06,COMPLIANCE
1168,HEALTH-001,Santé & Sécurité au Travail,2014-01-23,COMP,4.0,81.06,240.76,COMPLIANCE
1168,FIRE-001,Sécurité & Évacuation Incendie,2014-02-08,COMP,1.0,81.25,90.51,COMPLIANCE
1168,DEI-001,Égalité Femmes-Hommes,2014-01-20,COMP,3.0,89.39,176.24,COMPLIANCE
1168,FRAUD-001,Prévention Fraude & Corruption,2014-01-13,COMP,2.0,88.39,157.82,COMPLIANCE
1168,ETHICS-001,Code de Déontologie Novaryn Tech,2014-02-03,COMP,1.5,78.49,121.57,COMPLIANCE
1168,ML-001,Machine Learning Fundamentals,2025-04-16,ENR,40.0,0.0,1598.4,ELEARN
1168,SCRUM-001,Scrum Fundamentals,2023-02-26,FAIL,12.0,42.66,528.41,ELEARN
1169,GDPR-001,RGPD & Protection des Données,2021-12-03,COMP,2.0,98.2,189.4,COMPLIANCE
1169,HEALTH-001,Santé & Sécurité au Travail,2022-01-10,COMP,4.0,80.81,242.85,COMPLIANCE
1169,FIRE-001,Sécurité & Évacuation Incendie,2021-11-28,COMP,1.0,82.38,105.02,COMPLIANCE
1169,DEI-001,Égalité Femmes-Hommes,2021-12-24,COMP,3.0,82.02,164.24,COMPLIANCE
1169,FRAUD-001,Prévention Fraude & Corruption,2021-12-19,COMP,2.0,89.25,146.88,COMPLIANCE
1169,ETHICS-001,Code de Déontologie Novaryn Tech,2021-12-02,COMP,1.5,86.44,110.15,COMPLIANCE
1169,K8S-001,Kubernetes Fundamentals,2025-05-03,ENR,24.0,0.0,1010.04,ELEARN
1169,PYTHON-001,Python for Data Science,2024-06-02,COMP,24.0,87.34,857.27,ELEARN
1169,LEAD-001,Leadership & Management,2023-11-27,COMP,20.0,87.89,1490.41,COURSE
1170,GDPR-001,RGPD & Protection des Données,2013-11-13,COMP,2.0,76.57,189.31,COMPLIANCE
1170,HEALTH-001,Santé & Sécurité au Travail,2013-11-20,COMP,4.0,98.63,231.88,COMPLIANCE
1170,FIRE-001,Sécurité & Évacuation Incendie,2013-12-01,COMP,1.0,79.69,105.12,COMPLIANCE
1170,DEI-001,Égalité Femmes-Hommes,2013-12-23,COMP,3.0,81.87,180.37,COMPLIANCE
1170,FRAUD-001,Prévention Fraude & Corruption,2013-11-29,COMP,2.0,84.77,155.09,COMPLIANCE
1170,ETHICS-001,Code de Déontologie Novaryn Tech,2013-12-25,COMP,1.5,82.45,109.63,COMPLIANCE
1170,PM-001,Product Management Essentials,2024-12-29,COMP,20.0,79.66,1145.78,COURSE
1170,SCRUM-001,Scrum Fundamentals,2021-04-25,COMP,12.0,95.27,601.65,ELEARN
1170,AWS-001,AWS Cloud Practitioner,2025-05-20,ENR,30.0,0.0,1644.9,ELEARN
1171,GDPR-001,RGPD & Protection des Données,2024-07-04,COMP,2.0,70.22,205.11,COMPLIANCE
1171,HEALTH-001,Santé & Sécurité au Travail,2024-07-09,COMP,4.0,78.44,252.81,COMPLIANCE
1171,FIRE-001,Sécurité & Évacuation Incendie,2024-07-02,COMP,1.0,81.65,106.7,COMPLIANCE
1171,DEI-001,Égalité Femmes-Hommes,2024-07-18,COMP,3.0,88.23,174.04,COMPLIANCE
1171,FRAUD-001,Prévention Fraude & Corruption,2024-06-20,COMP,2.0,96.94,146.78,COMPLIANCE
1171,ETHICS-001,Code de Déontologie Novaryn Tech,2024-07-11,COMP,1.5,78.56,108.69,COMPLIANCE
1171,AWS-001,AWS Cloud Practitioner,2025-04-26,ENR,30.0,0.0,1638.08,ELEARN
1171,PYTHON-001,Python for Data Science,2024-09-10,COMP,24.0,89.89,1099.88,ELEARN
1171,LEAD-001,Leadership & Management,2024-11-25,COMP,20.0,95.47,1643.04,COURSE
1171,SCRUM-001,Scrum Fundamentals,2024-12-19,COMP,12.0,62.17,622.7,ELEARN
1171,REACT-001,React & TypeScript Masterclass,2024-11-09,COMP,36.0,95.38,1110.84,ELEARN
1172,GDPR-001,RGPD & Protection des Données,2022-06-02,COMP,2.0,70.71,180.49,COMPLIANCE
1172,HEALTH-001,Santé & Sécurité au Travail,2022-06-23,COMP,4.0,75.43,241.7,COMPLIANCE
1172,FIRE-001,Sécurité & Évacuation Incendie,2022-06-01,COMP,1.0,98.4,97.77,COMPLIANCE
1172,DEI-001,Égalité Femmes-Hommes,2022-05-21,COMP,3.0,83.74,176.07,COMPLIANCE
1172,FRAUD-001,Prévention Fraude & Corruption,2022-06-18,COMP,2.0,74.96,149.75,COMPLIANCE
1172,ETHICS-001,Code de Déontologie Novaryn Tech,2022-06-05,COMP,1.5,87.9,127.08,COMPLIANCE
1172,LEAD-001,Leadership & Management,2023-09-30,FAIL,20.0,56.2,1553.67,COURSE
1172,PM-001,Product Management Essentials,2025-05-05,ENR,20.0,0.0,1354.86,COURSE
1172,EXCEL-001,Excel Avancé & Reporting,2024-02-18,COMP,8.0,75.26,408.17,ELEARN
1173,GDPR-001,RGPD & Protection des Données,2018-08-07,COMP,2.0,72.92,194.72,COMPLIANCE
1173,HEALTH-001,Santé & Sécurité au Travail,2018-09-07,COMP,4.0,75.72,246.16,COMPLIANCE
1173,FIRE-001,Sécurité & Évacuation Incendie,2018-08-20,COMP,1.0,72.28,98.35,COMPLIANCE
1173,DEI-001,Égalité Femmes-Hommes,2018-07-29,COMP,3.0,78.92,163.26,COMPLIANCE
1173,FRAUD-001,Prévention Fraude & Corruption,2018-08-04,COMP,2.0,79.06,142.88,COMPLIANCE
1173,ETHICS-001,Code de Déontologie Novaryn Tech,2018-09-17,COMP,1.5,97.44,110.89,COMPLIANCE
1173,K8S-001,Kubernetes Fundamentals,2021-11-06,COMP,24.0,63.44,1012.48,ELEARN
1173,PYTHON-001,Python for Data Science,2025-06-13,ENR,24.0,0.0,1058.48,ELEARN
1175,GDPR-001,RGPD & Protection des Données,2020-11-28,COMP,2.0,78.1,208.12,COMPLIANCE
1175,HEALTH-001,Santé & Sécurité au Travail,2020-12-11,COMP,4.0,71.9,259.59,COMPLIANCE
1175,FIRE-001,Sécurité & Évacuation Incendie,2020-11-24,COMP,1.0,71.95,103.56,COMPLIANCE
1175,DEI-001,Égalité Femmes-Hommes,2020-11-12,COMP,3.0,71.11,177.57,COMPLIANCE
1175,FRAUD-001,Prévention Fraude & Corruption,2020-12-10,COMP,2.0,82.37,164.19,COMPLIANCE
1175,ETHICS-001,Code de Déontologie Novaryn Tech,2020-12-17,COMP,1.5,96.92,123.76,COMPLIANCE
1175,COMM-001,Communication & Public Speaking,2025-04-03,ENR,8.0,0.0,420.55,OJT
1175,AZURE-001,Microsoft Azure Fundamentals,2022-02-03,FAIL,28.0,43.57,1691.04,ELEARN
1175,K8S-001,Kubernetes Fundamentals,2025-06-22,ENR,24.0,0.0,949.56,ELEARN
1175,AWS-001,AWS Cloud Practitioner,2022-08-19,COMP,30.0,94.28,1831.83,ELEARN
1176,GDPR-001,RGPD & Protection des Données,2024-05-18,COMP,2.0,84.66,189.26,COMPLIANCE
1176,HEALTH-001,Santé & Sécurité au Travail,2024-05-21,COMP,4.0,71.42,243.2,COMPLIANCE
1176,FIRE-001,Sécurité & Évacuation Incendie,2024-05-12,COMP,1.0,81.02,106.41,COMPLIANCE
1176,DEI-001,Égalité Femmes-Hommes,2024-05-08,COMP,3.0,74.92,185.71,COMPLIANCE
1176,FRAUD-001,Prévention Fraude & Corruption,2024-04-27,COMP,2.0,91.79,151.22,COMPLIANCE
1176,ETHICS-001,Code de Déontologie Novaryn Tech,2024-04-24,COMP,1.5,92.06,116.32,COMPLIANCE
1176,PM-001,Product Management Essentials,2024-07-15,COMP,20.0,73.9,1125.28,COURSE
1176,REACT-001,React & TypeScript Masterclass,2025-06-02,ENR,36.0,0.0,1263.26,ELEARN
1176,SQL-001,Advanced SQL for Analytics,2024-09-05,COMP,16.0,98.46,700.75,ELEARN
1177,GDPR-001,RGPD & Protection des Données,2019-05-26,COMP,2.0,96.54,193.31,COMPLIANCE
1177,HEALTH-001,Santé & Sécurité au Travail,2019-06-01,COMP,4.0,89.36,247.54,COMPLIANCE
1177,FIRE-001,Sécurité & Évacuation Incendie,2019-06-13,COMP,1.0,95.85,93.29,COMPLIANCE
1177,DEI-001,Égalité Femmes-Hommes,2019-05-12,COMP,3.0,80.3,195.06,COMPLIANCE
1177,FRAUD-001,Prévention Fraude & Corruption,2019-06-19,COMP,2.0,74.35,145.25,COMPLIANCE
1177,ETHICS-001,Code de Déontologie Novaryn Tech,2019-06-19,COMP,1.5,94.96,111.83,COMPLIANCE
1177,EXCEL-001,Excel Avancé & Reporting,2024-08-18,COMP,8.0,76.76,353.43,ELEARN
1177,AWS-001,AWS Cloud Practitioner,2023-01-19,COMP,30.0,61.68,1586.06,ELEARN
1177,REACT-001,React & TypeScript Masterclass,2020-07-07,COMP,36.0,97.38,1259.27,ELEARN
1178,GDPR-001,RGPD & Protection des Données,2017-08-30,COMP,2.0,92.19,207.36,COMPLIANCE
1178,HEALTH-001,Santé & Sécurité au Travail,2017-10-09,COMP,4.0,80.05,230.85,COMPLIANCE
1178,FIRE-001,Sécurité & Évacuation Incendie,2017-10-05,COMP,1.0,95.09,97.47,COMPLIANCE
1178,DEI-001,Égalité Femmes-Hommes,2017-09-14,COMP,3.0,85.69,191.5,COMPLIANCE
1178,FRAUD-001,Prévention Fraude & Corruption,2017-09-03,COMP,2.0,87.31,157.49,COMPLIANCE
1178,ETHICS-001,Code de Déontologie Novaryn Tech,2017-10-03,COMP,1.5,92.55,110.55,COMPLIANCE
1178,PYTHON-001,Python for Data Science,2025-06-02,ENR,24.0,0.0,893.31,ELEARN
1178,COMM-001,Communication & Public Speaking,2022-05-07,COMP,8.0,98.0,369.02,OJT
1178,AWS-001,AWS Cloud Practitioner,2021-08-12,COMP,30.0,93.01,1822.66,ELEARN
1178,SCRUM-001,Scrum Fundamentals,2021-01-14,COMP,12.0,92.58,514.23,ELEARN
1178,ML-001,Machine Learning Fundamentals,2023-11-13,COMP,40.0,64.84,1449.14,ELEARN
1179,GDPR-001,RGPD & Protection des Données,2023-06-10,COMP,2.0,90.41,182.68,COMPLIANCE
1179,HEALTH-001,Santé & Sécurité au Travail,2023-05-20,COMP,4.0,98.53,246.1,COMPLIANCE
1179,FIRE-001,Sécurité & Évacuation Incendie,2023-05-14,COMP,1.0,89.85,90.21,COMPLIANCE
1179,DEI-001,Égalité Femmes-Hommes,2023-05-30,COMP,3.0,79.01,175.96,COMPLIANCE
1179,FRAUD-001,Prévention Fraude & Corruption,2023-05-05,COMP,2.0,79.11,153.58,COMPLIANCE
1179,ETHICS-001,Code de Déontologie Novaryn Tech,2023-05-22,COMP,1.5,89.06,122.24,COMPLIANCE
1179,SCRUM-001,Scrum Fundamentals,2023-09-23,COMP,12.0,78.94,653.61,ELEARN
1179,K8S-001,Kubernetes Fundamentals,2025-04-12,ENR,24.0,0.0,1074.49,ELEARN
1179,SQL-001,Advanced SQL for Analytics,2023-12-25,COMP,16.0,95.23,907.79,ELEARN
1179,SAFE-001,SAFe Agile Practitioner,2024-11-23,COMP,16.0,99.79,1349.59,COURSE
1179,EXCEL-001,Excel Avancé & Reporting,2024-11-21,FAIL,8.0,54.42,350.42,ELEARN
1180,GDPR-001,RGPD & Protection des Données,2017-03-04,COMP,2.0,86.31,183.32,COMPLIANCE
1180,HEALTH-001,Santé & Sécurité au Travail,2017-04-03,COMP,4.0,94.92,256.56,COMPLIANCE
1180,FIRE-001,Sécurité & Évacuation Incendie,2017-02-22,COMP,1.0,83.64,104.98,COMPLIANCE
1180,DEI-001,Égalité Femmes-Hommes,2017-03-03,COMP,3.0,88.11,178.89,COMPLIANCE
1180,FRAUD-001,Prévention Fraude & Corruption,2017-03-08,COMP,2.0,79.29,158.31,COMPLIANCE
1180,ETHICS-001,Code de Déontologie Novaryn Tech,2017-03-16,COMP,1.5,76.5,117.85,COMPLIANCE
1180,SAFE-001,SAFe Agile Practitioner,2020-03-07,COMP,16.0,87.01,1201.86,COURSE
1180,PYTHON-001,Python for Data Science,2020-06-06,COMP,24.0,62.76,904.37,ELEARN
1181,GDPR-001,RGPD & Protection des Données,2023-05-30,COMP,2.0,90.91,195.53,COMPLIANCE
1181,HEALTH-001,Santé & Sécurité au Travail,2023-06-16,COMP,4.0,89.61,227.44,COMPLIANCE
1181,FIRE-001,Sécurité & Évacuation Incendie,2023-06-19,COMP,1.0,73.53,100.33,COMPLIANCE
1181,DEI-001,Égalité Femmes-Hommes,2023-05-24,COMP,3.0,97.07,172.56,COMPLIANCE
1181,FRAUD-001,Prévention Fraude & Corruption,2023-05-23,COMP,2.0,71.19,153.03,COMPLIANCE
1181,ETHICS-001,Code de Déontologie Novaryn Tech,2023-06-09,COMP,1.5,73.29,111.72,COMPLIANCE
1181,AWS-001,AWS Cloud Practitioner,2024-04-19,COMP,30.0,60.23,1948.9,ELEARN
1181,K8S-001,Kubernetes Fundamentals,2025-04-22,ENR,24.0,0.0,1189.91,ELEARN
1182,GDPR-001,RGPD & Protection des Données,2018-11-14,COMP,2.0,79.07,188.94,COMPLIANCE
1182,HEALTH-001,Santé & Sécurité au Travail,2018-12-25,COMP,4.0,87.51,249.67,COMPLIANCE
1182,FIRE-001,Sécurité & Évacuation Incendie,2018-12-27,COMP,1.0,83.34,104.02,COMPLIANCE
1182,DEI-001,Égalité Femmes-Hommes,2018-11-19,COMP,3.0,73.05,167.01,COMPLIANCE
1182,FRAUD-001,Prévention Fraude & Corruption,2018-12-29,COMP,2.0,99.36,153.16,COMPLIANCE
1182,ETHICS-001,Code de Déontologie Novaryn Tech,2018-11-13,COMP,1.5,83.14,116.8,COMPLIANCE
1182,SCRUM-001,Scrum Fundamentals,2021-01-26,COMP,12.0,78.95,560.2,ELEARN
1182,COMM-001,Communication & Public Speaking,2024-10-20,COMP,8.0,76.89,347.82,OJT
1182,ML-001,Machine Learning Fundamentals,2021-09-29,COMP,40.0,97.95,1531.67,ELEARN
1182,SQL-001,Advanced SQL for Analytics,2020-08-01,COMP,16.0,96.77,897.59,ELEARN
1182,SAFE-001,SAFe Agile Practitioner,2025-04-15,ENR,16.0,0.0,1200.13,COURSE
1183,GDPR-001,RGPD & Protection des Données,2014-03-13,COMP,2.0,87.11,206.59,COMPLIANCE
1183,HEALTH-001,Santé & Sécurité au Travail,2014-04-05,COMP,4.0,89.8,252.3,COMPLIANCE
1183,FIRE-001,Sécurité & Évacuation Incendie,2014-04-12,COMP,1.0,77.89,91.34,COMPLIANCE
1183,DEI-001,Égalité Femmes-Hommes,2014-04-27,COMP,3.0,89.69,182.96,COMPLIANCE
1183,FRAUD-001,Prévention Fraude & Corruption,2014-03-15,COMP,2.0,86.79,141.97,COMPLIANCE
1183,ETHICS-001,Code de Déontologie Novaryn Tech,2014-03-17,COMP,1.5,79.01,125.92,COMPLIANCE
1183,SCRUM-001,Scrum Fundamentals,2021-10-05,COMP,12.0,86.64,615.4,ELEARN
1183,SQL-001,Advanced SQL for Analytics,2024-12-26,COMP,16.0,95.22,712.89,ELEARN
1183,EXCEL-001,Excel Avancé & Reporting,2021-11-01,FAIL,8.0,56.35,436.15,ELEARN
1183,ML-001,Machine Learning Fundamentals,2021-12-24,COMP,40.0,78.99,1589.79,ELEARN
1183,SAFE-001,SAFe Agile Practitioner,2022-10-17,COMP,16.0,75.51,1456.03,COURSE
1184,GDPR-001,RGPD & Protection des Données,2023-06-04,COMP,2.0,95.76,182.84,COMPLIANCE
1184,HEALTH-001,Santé & Sécurité au Travail,2023-06-12,COMP,4.0,73.81,250.49,COMPLIANCE
1184,FIRE-001,Sécurité & Évacuation Incendie,2023-06-18,COMP,1.0,72.04,100.27,COMPLIANCE
1184,DEI-001,Égalité Femmes-Hommes,2023-05-05,COMP,3.0,86.98,170.89,COMPLIANCE
1184,FRAUD-001,Prévention Fraude & Corruption,2023-06-18,COMP,2.0,82.41,153.77,COMPLIANCE
1184,ETHICS-001,Code de Déontologie Novaryn Tech,2023-05-15,COMP,1.5,94.84,117.75,COMPLIANCE
1184,SCRUM-001,Scrum Fundamentals,2023-11-14,COMP,12.0,97.23,580.34,ELEARN
1184,SQL-001,Advanced SQL for Analytics,2024-10-27,COMP,16.0,94.68,859.67,ELEARN
1184,REACT-001,React & TypeScript Masterclass,2023-07-25,COMP,36.0,84.6,1304.57,ELEARN
1184,EXCEL-001,Excel Avancé & Reporting,2024-02-23,FAIL,8.0,52.27,430.65,ELEARN
1184,AWS-001,AWS Cloud Practitioner,2023-11-12,COMP,30.0,83.96,1685.32,ELEARN
1185,GDPR-001,RGPD & Protection des Données,2024-11-17,COMP,2.0,72.25,203.99,COMPLIANCE
1185,HEALTH-001,Santé & Sécurité au Travail,2024-10-25,COMP,4.0,71.99,229.24,COMPLIANCE
1185,FIRE-001,Sécurité & Évacuation Incendie,2024-11-17,COMP,1.0,74.37,102.83,COMPLIANCE
1185,DEI-001,Égalité Femmes-Hommes,2024-10-22,COMP,3.0,78.32,172.11,COMPLIANCE
1185,FRAUD-001,Prévention Fraude & Corruption,2024-11-09,COMP,2.0,94.2,162.51,COMPLIANCE
1185,ETHICS-001,Code de Déontologie Novaryn Tech,2024-10-18,COMP,1.5,95.09,122.53,COMPLIANCE
1185,K8S-001,Kubernetes Fundamentals,2025-06-27,ENR,24.0,0.0,1129.56,ELEARN
1185,ML-001,Machine Learning Fundamentals,2024-12-27,COMP,40.0,87.29,1647.68,ELEARN
1185,EXCEL-001,Excel Avancé & Reporting,2025-04-17,ENR,8.0,0.0,396.32,ELEARN
1185,REACT-001,React & TypeScript Masterclass,2024-12-30,COMP,36.0,79.59,1143.27,ELEARN
1186,GDPR-001,RGPD & Protection des Données,2021-10-16,COMP,2.0,88.49,182.52,COMPLIANCE
1186,HEALTH-001,Santé & Sécurité au Travail,2021-10-23,COMP,4.0,78.05,238.56,COMPLIANCE
1186,FIRE-001,Sécurité & Évacuation Incendie,2021-10-01,COMP,1.0,87.83,94.56,COMPLIANCE
1186,DEI-001,Égalité Femmes-Hommes,2021-10-03,COMP,3.0,97.22,182.38,COMPLIANCE
1186,FRAUD-001,Prévention Fraude & Corruption,2021-10-05,COMP,2.0,99.17,140.76,COMPLIANCE
1186,ETHICS-001,Code de Déontologie Novaryn Tech,2021-10-04,COMP,1.5,85.53,117.88,COMPLIANCE
1186,PM-001,Product Management Essentials,2025-04-17,ENR,20.0,0.0,1308.81,COURSE
1186,REACT-001,React & TypeScript Masterclass,2022-05-24,COMP,36.0,67.6,1266.95,ELEARN
1186,SAFE-001,SAFe Agile Practitioner,2025-06-09,ENR,16.0,0.0,1324.88,COURSE
1186,AWS-001,AWS Cloud Practitioner,2025-06-13,ENR,30.0,0.0,1810.86,ELEARN
1187,GDPR-001,RGPD & Protection des Données,2021-05-11,COMP,2.0,91.74,215.05,COMPLIANCE
1187,HEALTH-001,Santé & Sécurité au Travail,2021-06-13,COMP,4.0,77.41,254.91,COMPLIANCE
1187,FIRE-001,Sécurité & Évacuation Incendie,2021-06-13,COMP,1.0,94.91,93.66,COMPLIANCE
1187,DEI-001,Égalité Femmes-Hommes,2021-06-14,COMP,3.0,94.29,175.5,COMPLIANCE
1187,FRAUD-001,Prévention Fraude & Corruption,2021-05-29,COMP,2.0,84.53,143.12,COMPLIANCE
1187,ETHICS-001,Code de Déontologie Novaryn Tech,2021-06-09,COMP,1.5,83.77,116.19,COMPLIANCE
1187,PM-001,Product Management Essentials,2022-02-15,FAIL,20.0,55.45,1374.19,COURSE
1187,LEAD-001,Leadership & Management,2021-08-18,COMP,20.0,67.56,1695.35,COURSE
1187,AZURE-001,Microsoft Azure Fundamentals,2023-02-02,FAIL,28.0,48.64,1835.61,ELEARN
1187,COMM-001,Communication & Public Speaking,2024-12-04,COMP,8.0,71.08,408.09,OJT
1189,GDPR-001,RGPD & Protection des Données,2021-12-01,COMP,2.0,77.97,219.26,COMPLIANCE
1189,HEALTH-001,Santé & Sécurité au Travail,2021-12-29,COMP,4.0,99.45,254.76,COMPLIANCE
1189,FIRE-001,Sécurité & Évacuation Incendie,2021-12-19,COMP,1.0,83.12,96.26,COMPLIANCE
1189,DEI-001,Égalité Femmes-Hommes,2021-11-27,COMP,3.0,75.43,175.01,COMPLIANCE
1189,FRAUD-001,Prévention Fraude & Corruption,2022-01-09,COMP,2.0,99.83,136.23,COMPLIANCE
1189,ETHICS-001,Code de Déontologie Novaryn Tech,2021-11-23,COMP,1.5,78.32,121.16,COMPLIANCE
1189,PYTHON-001,Python for Data Science,2023-02-14,COMP,24.0,95.65,1019.97,ELEARN
1189,LEAD-001,Leadership & Management,2024-08-12,COMP,20.0,73.5,1555.96,COURSE
1189,SAFE-001,SAFe Agile Practitioner,2023-06-27,COMP,16.0,77.19,1286.81,COURSE
1189,REACT-001,React & TypeScript Masterclass,2022-03-06,COMP,36.0,82.82,1116.02,ELEARN
1191,GDPR-001,RGPD & Protection des Données,2015-10-01,COMP,2.0,80.61,189.45,COMPLIANCE
1191,HEALTH-001,Santé & Sécurité au Travail,2015-08-28,COMP,4.0,86.61,240.84,COMPLIANCE
1191,FIRE-001,Sécurité & Évacuation Incendie,2015-09-10,COMP,1.0,75.16,109.33,COMPLIANCE
1191,DEI-001,Égalité Femmes-Hommes,2015-09-20,COMP,3.0,76.09,184.19,COMPLIANCE
1191,FRAUD-001,Prévention Fraude & Corruption,2015-09-06,COMP,2.0,72.74,157.21,COMPLIANCE
1191,ETHICS-001,Code de Déontologie Novaryn Tech,2015-09-13,COMP,1.5,94.29,110.99,COMPLIANCE
1191,REACT-001,React & TypeScript Masterclass,2021-06-25,COMP,36.0,66.63,1082.48,ELEARN
1191,AWS-001,AWS Cloud Practitioner,2022-04-04,COMP,30.0,64.3,1658.94,ELEARN
1191,COMM-001,Communication & Public Speaking,2020-06-11,COMP,8.0,83.19,411.97,OJT
1192,GDPR-001,RGPD & Protection des Données,2024-08-09,COMP,2.0,83.38,189.29,COMPLIANCE
1192,HEALTH-001,Santé & Sécurité au Travail,2024-07-21,COMP,4.0,82.26,247.21,COMPLIANCE
1192,FIRE-001,Sécurité & Évacuation Incendie,2024-07-25,COMP,1.0,92.17,97.69,COMPLIANCE
1192,DEI-001,Égalité Femmes-Hommes,2024-08-24,COMP,3.0,92.52,162.83,COMPLIANCE
1192,FRAUD-001,Prévention Fraude & Corruption,2024-09-02,COMP,2.0,78.15,161.45,COMPLIANCE
1192,ETHICS-001,Code de Déontologie Novaryn Tech,2024-08-16,COMP,1.5,83.1,129.0,COMPLIANCE
1192,SQL-001,Advanced SQL for Analytics,2024-10-19,COMP,16.0,93.53,825.57,ELEARN
1192,SCRUM-001,Scrum Fundamentals,2024-12-18,COMP,12.0,88.14,618.17,ELEARN
1192,K8S-001,Kubernetes Fundamentals,2024-11-16,COMP,24.0,75.11,1195.06,ELEARN
1192,ML-001,Machine Learning Fundamentals,2024-11-27,COMP,40.0,72.57,1554.45,ELEARN
1193,GDPR-001,RGPD & Protection des Données,2013-07-02,COMP,2.0,91.45,215.94,COMPLIANCE
1193,HEALTH-001,Santé & Sécurité au Travail,2013-07-11,COMP,4.0,88.01,248.49,COMPLIANCE
1193,FIRE-001,Sécurité & Évacuation Incendie,2013-06-18,COMP,1.0,90.59,101.27,COMPLIANCE
1193,DEI-001,Égalité Femmes-Hommes,2013-07-28,COMP,3.0,90.93,178.28,COMPLIANCE
1193,FRAUD-001,Prévention Fraude & Corruption,2013-08-07,COMP,2.0,70.66,152.15,COMPLIANCE
1193,ETHICS-001,Code de Déontologie Novaryn Tech,2013-07-10,COMP,1.5,81.43,119.78,COMPLIANCE
1193,REACT-001,React & TypeScript Masterclass,2020-12-19,COMP,36.0,74.66,1378.96,ELEARN
1193,LEAD-001,Leadership & Management,2020-07-16,COMP,20.0,66.74,1659.14,COURSE
1193,EXCEL-001,Excel Avancé & Reporting,2024-01-19,COMP,8.0,83.96,437.22,ELEARN
1193,AZURE-001,Microsoft Azure Fundamentals,2025-05-18,ENR,28.0,0.0,1534.99,ELEARN
1193,SQL-001,Advanced SQL for Analytics,2025-04-11,ENR,16.0,0.0,849.71,ELEARN
1194,GDPR-001,RGPD & Protection des Données,2023-05-05,COMP,2.0,72.77,207.81,COMPLIANCE
1194,HEALTH-001,Santé & Sécurité au Travail,2023-04-28,COMP,4.0,77.51,251.26,COMPLIANCE
1194,FIRE-001,Sécurité & Évacuation Incendie,2023-05-11,COMP,1.0,83.59,95.86,COMPLIANCE
1194,DEI-001,Égalité Femmes-Hommes,2023-05-22,COMP,3.0,78.36,194.97,COMPLIANCE
1194,FRAUD-001,Prévention Fraude & Corruption,2023-05-09,COMP,2.0,82.28,140.0,COMPLIANCE
1194,ETHICS-001,Code de Déontologie Novaryn Tech,2023-04-29,COMP,1.5,76.95,110.21,COMPLIANCE
1194,PM-001,Product Management Essentials,2025-04-22,ENR,20.0,0.0,1123.77,COURSE
1194,SAFE-001,SAFe Agile Practitioner,2024-10-20,COMP,16.0,76.93,1260.53,COURSE
1195,GDPR-001,RGPD & Protection des Données,2017-09-21,COMP,2.0,94.23,187.82,COMPLIANCE
1195,HEALTH-001,Santé & Sécurité au Travail,2017-11-04,COMP,4.0,72.31,263.64,COMPLIANCE
1195,FIRE-001,Sécurité & Évacuation Incendie,2017-10-07,COMP,1.0,94.52,93.57,COMPLIANCE
1195,DEI-001,Égalité Femmes-Hommes,2017-09-27,COMP,3.0,93.37,181.92,COMPLIANCE
1195,FRAUD-001,Prévention Fraude & Corruption,2017-10-13,COMP,2.0,91.7,139.58,COMPLIANCE
1195,ETHICS-001,Code de Déontologie Novaryn Tech,2017-10-01,COMP,1.5,77.37,108.21,COMPLIANCE
1195,EXCEL-001,Excel Avancé & Reporting,2025-06-03,ENR,8.0,0.0,400.54,ELEARN
1195,AZURE-001,Microsoft Azure Fundamentals,2023-11-05,COMP,28.0,65.4,1383.21,ELEARN
1195,ML-001,Machine Learning Fundamentals,2024-04-14,COMP,40.0,65.29,1773.61,ELEARN
1196,GDPR-001,RGPD & Protection des Données,2016-02-28,COMP,2.0,81.02,211.33,COMPLIANCE
1196,HEALTH-001,Santé & Sécurité au Travail,2016-02-04,COMP,4.0,77.37,233.76,COMPLIANCE
1196,FIRE-001,Sécurité & Évacuation Incendie,2016-01-13,COMP,1.0,91.4,93.24,COMPLIANCE
1196,DEI-001,Égalité Femmes-Hommes,2016-02-13,COMP,3.0,92.64,164.41,COMPLIANCE
1196,FRAUD-001,Prévention Fraude & Corruption,2016-01-30,COMP,2.0,74.08,143.62,COMPLIANCE
1196,ETHICS-001,Code de Déontologie Novaryn Tech,2016-02-08,COMP,1.5,93.97,124.26,COMPLIANCE
1196,ML-001,Machine Learning Fundamentals,2021-11-19,FAIL,40.0,57.92,1529.89,ELEARN
1196,EXCEL-001,Excel Avancé & Reporting,2020-05-14,COMP,8.0,88.73,429.92,ELEARN
1196,REACT-001,React & TypeScript Masterclass,2025-06-06,ENR,36.0,0.0,1357.27,ELEARN
1196,COMM-001,Communication & Public Speaking,2022-07-26,COMP,8.0,94.32,355.15,OJT
1196,K8S-001,Kubernetes Fundamentals,2023-11-24,COMP,24.0,62.94,1263.26,ELEARN
1197,GDPR-001,RGPD & Protection des Données,2015-12-26,COMP,2.0,78.95,204.18,COMPLIANCE
1197,HEALTH-001,Santé & Sécurité au Travail,2015-11-29,COMP,4.0,81.48,239.98,COMPLIANCE
1197,FIRE-001,Sécurité & Évacuation Incendie,2015-11-04,COMP,1.0,79.44,93.97,COMPLIANCE
1197,DEI-001,Égalité Femmes-Hommes,2015-11-04,COMP,3.0,76.47,189.9,COMPLIANCE
1197,FRAUD-001,Prévention Fraude & Corruption,2015-12-21,COMP,2.0,74.42,160.96,COMPLIANCE
1197,ETHICS-001,Code de Déontologie Novaryn Tech,2015-12-23,COMP,1.5,92.76,111.36,COMPLIANCE
1197,REACT-001,React & TypeScript Masterclass,2020-04-06,FAIL,36.0,57.17,1111.05,ELEARN
1197,AWS-001,AWS Cloud Practitioner,2020-07-07,COMP,30.0,88.52,1730.65,ELEARN
1197,PYTHON-001,Python for Data Science,2024-01-28,COMP,24.0,65.22,1137.89,ELEARN
1197,SCRUM-001,Scrum Fundamentals,2023-06-01,COMP,12.0,65.82,625.2,ELEARN
1198,GDPR-001,RGPD & Protection des Données,2012-06-13,COMP,2.0,78.86,182.12,COMPLIANCE
1198,HEALTH-001,Santé & Sécurité au Travail,2012-07-06,COMP,4.0,97.28,269.35,COMPLIANCE
1198,FIRE-001,Sécurité & Évacuation Incendie,2012-07-04,COMP,1.0,72.34,95.88,COMPLIANCE
1198,DEI-001,Égalité Femmes-Hommes,2012-07-29,COMP,3.0,85.38,179.18,COMPLIANCE
1198,FRAUD-001,Prévention Fraude & Corruption,2012-07-07,COMP,2.0,72.03,144.94,COMPLIANCE
1198,ETHICS-001,Code de Déontologie Novaryn Tech,2012-06-26,COMP,1.5,97.66,111.98,COMPLIANCE
1198,PYTHON-001,Python for Data Science,2025-05-04,ENR,24.0,0.0,867.97,ELEARN
1198,COMM-001,Communication & Public Speaking,2020-12-01,COMP,8.0,85.23,384.55,OJT
1199,GDPR-001,RGPD & Protection des Données,2020-03-06,COMP,2.0,82.1,211.94,COMPLIANCE
1199,HEALTH-001,Santé & Sécurité au Travail,2020-03-07,COMP,4.0,80.41,241.33,COMPLIANCE
1199,FIRE-001,Sécurité & Évacuation Incendie,2020-03-01,COMP,1.0,71.53,100.34,COMPLIANCE
1199,DEI-001,Égalité Femmes-Hommes,2020-02-14,COMP,3.0,96.51,189.31,COMPLIANCE
1199,FRAUD-001,Prévention Fraude & Corruption,2020-03-05,COMP,2.0,92.91,136.08,COMPLIANCE
1199,ETHICS-001,Code de Déontologie Novaryn Tech,2020-03-27,COMP,1.5,86.44,125.97,COMPLIANCE
1199,PYTHON-001,Python for Data Science,2024-07-01,COMP,24.0,88.57,1069.43,ELEARN
1199,REACT-001,React & TypeScript Masterclass,2024-02-07,COMP,36.0,65.76,1294.36,ELEARN
1200,GDPR-001,RGPD & Protection des Données,2013-04-16,COMP,2.0,72.8,195.36,COMPLIANCE
1200,HEALTH-001,Santé & Sécurité au Travail,2013-04-29,COMP,4.0,76.61,227.2,COMPLIANCE
1200,FIRE-001,Sécurité & Évacuation Incendie,2013-04-04,COMP,1.0,98.61,93.89,COMPLIANCE
1200,DEI-001,Égalité Femmes-Hommes,2013-05-10,COMP,3.0,75.81,190.78,COMPLIANCE
1200,FRAUD-001,Prévention Fraude & Corruption,2013-04-13,COMP,2.0,82.81,152.05,COMPLIANCE
1200,ETHICS-001,Code de Déontologie Novaryn Tech,2013-04-17,COMP,1.5,70.02,109.59,COMPLIANCE
1200,AZURE-001,Microsoft Azure Fundamentals,2020-08-16,COMP,28.0,62.64,1584.79,ELEARN
1200,COMM-001,Communication & Public Speaking,2020-09-08,FAIL,8.0,57.57,399.22,OJT
1201,GDPR-001,RGPD & Protection des Données,2022-09-30,COMP,2.0,90.08,212.47,COMPLIANCE
1201,HEALTH-001,Santé & Sécurité au Travail,2022-10-16,COMP,4.0,88.5,273.97,COMPLIANCE
1201,FIRE-001,Sécurité & Évacuation Incendie,2022-10-25,COMP,1.0,98.67,95.16,COMPLIANCE
1201,DEI-001,Égalité Femmes-Hommes,2022-10-30,COMP,3.0,86.44,194.45,COMPLIANCE
1201,FRAUD-001,Prévention Fraude & Corruption,2022-11-11,COMP,2.0,79.92,154.95,COMPLIANCE
1201,ETHICS-001,Code de Déontologie Novaryn Tech,2022-10-28,COMP,1.5,74.67,124.37,COMPLIANCE
1201,EXCEL-001,Excel Avancé & Reporting,2025-05-25,ENR,8.0,0.0,398.01,ELEARN
1201,PM-001,Product Management Essentials,2024-04-02,COMP,20.0,80.35,1199.59,COURSE
1201,AWS-001,AWS Cloud Practitioner,2025-05-21,ENR,30.0,0.0,1557.69,ELEARN
1201,SAFE-001,SAFe Agile Practitioner,2023-02-06,COMP,16.0,92.07,1298.21,COURSE
1202,GDPR-001,RGPD & Protection des Données,2024-01-03,COMP,2.0,74.44,188.95,COMPLIANCE
1202,HEALTH-001,Santé & Sécurité au Travail,2024-01-01,COMP,4.0,76.57,272.81,COMPLIANCE
1202,FIRE-001,Sécurité & Évacuation Incendie,2023-12-11,COMP,1.0,97.16,108.52,COMPLIANCE
1202,DEI-001,Égalité Femmes-Hommes,2023-12-26,COMP,3.0,86.27,175.07,COMPLIANCE
1202,FRAUD-001,Prévention Fraude & Corruption,2023-12-29,COMP,2.0,82.0,152.0,COMPLIANCE
1202,ETHICS-001,Code de Déontologie Novaryn Tech,2023-12-01,COMP,1.5,72.43,111.9,COMPLIANCE
1202,SAFE-001,SAFe Agile Practitioner,2024-03-23,COMP,16.0,77.29,1363.97,COURSE
1202,LEAD-001,Leadership & Management,2024-05-19,FAIL,20.0,46.34,1441.67,COURSE
1202,SQL-001,Advanced SQL for Analytics,2024-10-02,COMP,16.0,79.46,919.47,ELEARN
1202,SCRUM-001,Scrum Fundamentals,2024-10-05,FAIL,12.0,47.53,548.53,ELEARN
1202,REACT-001,React & TypeScript Masterclass,2024-09-17,COMP,36.0,69.4,1107.56,ELEARN
1203,GDPR-001,RGPD & Protection des Données,2018-12-16,COMP,2.0,74.95,186.37,COMPLIANCE
1203,HEALTH-001,Santé & Sécurité au Travail,2018-11-15,COMP,4.0,87.8,267.66,COMPLIANCE
1203,FIRE-001,Sécurité & Évacuation Incendie,2018-11-01,COMP,1.0,72.46,105.92,COMPLIANCE
1203,DEI-001,Égalité Femmes-Hommes,2018-10-26,COMP,3.0,74.5,177.43,COMPLIANCE
1203,FRAUD-001,Prévention Fraude & Corruption,2018-10-31,COMP,2.0,98.03,158.81,COMPLIANCE
1203,ETHICS-001,Code de Déontologie Novaryn Tech,2018-12-09,COMP,1.5,89.44,131.8,COMPLIANCE
1203,K8S-001,Kubernetes Fundamentals,2024-08-30,COMP,24.0,71.66,1213.38,ELEARN
1203,PYTHON-001,Python for Data Science,2022-10-07,COMP,24.0,96.72,1060.0,ELEARN
1204,GDPR-001,RGPD & Protection des Données,2023-04-18,COMP,2.0,87.16,181.62,COMPLIANCE
1204,HEALTH-001,Santé & Sécurité au Travail,2023-03-26,COMP,4.0,79.9,226.95,COMPLIANCE
1204,FIRE-001,Sécurité & Évacuation Incendie,2023-04-13,COMP,1.0,72.47,90.79,COMPLIANCE
1204,DEI-001,Égalité Femmes-Hommes,2023-03-07,COMP,3.0,94.64,168.92,COMPLIANCE
1204,FRAUD-001,Prévention Fraude & Corruption,2023-03-17,COMP,2.0,96.91,159.73,COMPLIANCE
1204,ETHICS-001,Code de Déontologie Novaryn Tech,2023-04-07,COMP,1.5,73.23,122.24,COMPLIANCE
1204,PM-001,Product Management Essentials,2024-03-19,COMP,20.0,78.49,1326.86,COURSE
1204,AZURE-001,Microsoft Azure Fundamentals,2024-09-04,COMP,28.0,91.04,1607.15,ELEARN
1205,GDPR-001,RGPD & Protection des Données,2013-12-01,COMP,2.0,88.19,207.56,COMPLIANCE
1205,HEALTH-001,Santé & Sécurité au Travail,2013-11-02,COMP,4.0,81.8,241.93,COMPLIANCE
1205,FIRE-001,Sécurité & Évacuation Incendie,2013-11-10,COMP,1.0,90.85,106.21,COMPLIANCE
1205,DEI-001,Égalité Femmes-Hommes,2013-11-22,COMP,3.0,98.55,173.03,COMPLIANCE
1205,FRAUD-001,Prévention Fraude & Corruption,2013-12-11,COMP,2.0,91.17,147.03,COMPLIANCE
1205,ETHICS-001,Code de Déontologie Novaryn Tech,2013-12-21,COMP,1.5,97.91,127.06,COMPLIANCE
1205,SAFE-001,SAFe Agile Practitioner,2024-07-06,COMP,16.0,88.13,1205.46,COURSE
1205,SQL-001,Advanced SQL for Analytics,2022-07-05,COMP,16.0,95.01,715.44,ELEARN
1205,AWS-001,AWS Cloud Practitioner,2023-11-10,FAIL,30.0,42.4,1920.3,ELEARN
1205,EXCEL-001,Excel Avancé & Reporting,2024-04-19,COMP,8.0,73.31,378.39,ELEARN
1206,GDPR-001,RGPD & Protection des Données,2015-01-19,COMP,2.0,91.56,197.41,COMPLIANCE
1206,HEALTH-001,Santé & Sécurité au Travail,2015-01-11,COMP,4.0,97.9,258.41,COMPLIANCE
1206,FIRE-001,Sécurité & Évacuation Incendie,2015-02-15,COMP,1.0,86.56,101.75,COMPLIANCE
1206,DEI-001,Égalité Femmes-Hommes,2015-02-18,COMP,3.0,76.29,179.04,COMPLIANCE
1206,FRAUD-001,Prévention Fraude & Corruption,2015-01-06,COMP,2.0,80.93,146.72,COMPLIANCE
1206,ETHICS-001,Code de Déontologie Novaryn Tech,2015-01-26,COMP,1.5,71.98,108.75,COMPLIANCE
1206,REACT-001,React & TypeScript Masterclass,2023-08-29,COMP,36.0,75.9,1275.29,ELEARN
1206,PYTHON-001,Python for Data Science,2020-11-04,COMP,24.0,65.32,948.07,ELEARN
1206,K8S-001,Kubernetes Fundamentals,2020-12-21,FAIL,24.0,48.02,1038.88,ELEARN
1206,SAFE-001,SAFe Agile Practitioner,2024-09-08,FAIL,16.0,50.76,1483.94,COURSE
1207,GDPR-001,RGPD & Protection des Données,2021-07-02,COMP,2.0,96.08,186.57,COMPLIANCE
1207,HEALTH-001,Santé & Sécurité au Travail,2021-07-18,COMP,4.0,82.47,249.34,COMPLIANCE
1207,FIRE-001,Sécurité & Évacuation Incendie,2021-07-23,COMP,1.0,74.45,107.68,COMPLIANCE
1207,DEI-001,Égalité Femmes-Hommes,2021-07-17,COMP,3.0,85.38,179.83,COMPLIANCE
1207,FRAUD-001,Prévention Fraude & Corruption,2021-07-19,COMP,2.0,97.22,156.62,COMPLIANCE
1207,ETHICS-001,Code de Déontologie Novaryn Tech,2021-07-28,COMP,1.5,71.15,108.22,COMPLIANCE
1207,COMM-001,Communication & Public Speaking,2024-10-16,COMP,8.0,64.18,432.59,OJT
1207,SQL-001,Advanced SQL for Analytics,2022-08-23,FAIL,16.0,43.83,715.47,ELEARN
1207,PM-001,Product Management Essentials,2023-07-23,COMP,20.0,94.31,1287.86,COURSE
1207,EXCEL-001,Excel Avancé & Reporting,2023-08-25,COMP,8.0,75.63,403.45,ELEARN
1208,GDPR-001,RGPD & Protection des Données,2019-11-20,COMP,2.0,88.37,204.49,COMPLIANCE
1208,HEALTH-001,Santé & Sécurité au Travail,2019-11-10,COMP,4.0,93.09,261.56,COMPLIANCE
1208,FIRE-001,Sécurité & Évacuation Incendie,2019-10-16,COMP,1.0,83.65,104.38,COMPLIANCE
1208,DEI-001,Égalité Femmes-Hommes,2019-11-18,COMP,3.0,78.71,197.88,COMPLIANCE
1208,FRAUD-001,Prévention Fraude & Corruption,2019-11-12,COMP,2.0,71.34,144.98,COMPLIANCE
1208,ETHICS-001,Code de Déontologie Novaryn Tech,2019-11-09,COMP,1.5,87.68,131.16,COMPLIANCE
1208,K8S-001,Kubernetes Fundamentals,2021-12-14,FAIL,24.0,57.37,1135.89,ELEARN
1208,REACT-001,React & TypeScript Masterclass,2023-07-13,COMP,36.0,72.61,1232.72,ELEARN
1209,GDPR-001,RGPD & Protection des Données,2023-06-15,COMP,2.0,77.94,215.66,COMPLIANCE
1209,HEALTH-001,Santé & Sécurité au Travail,2023-05-20,COMP,4.0,94.5,258.42,COMPLIANCE
1209,FIRE-001,Sécurité & Évacuation Incendie,2023-06-24,COMP,1.0,77.62,95.31,COMPLIANCE
1209,DEI-001,Égalité Femmes-Hommes,2023-06-20,COMP,3.0,76.88,169.98,COMPLIANCE
1209,FRAUD-001,Prévention Fraude & Corruption,2023-07-09,COMP,2.0,83.48,146.91,COMPLIANCE
1209,ETHICS-001,Code de Déontologie Novaryn Tech,2023-06-14,COMP,1.5,71.43,109.83,COMPLIANCE
1209,ML-001,Machine Learning Fundamentals,2024-04-28,COMP,40.0,98.1,1741.42,ELEARN
1209,EXCEL-001,Excel Avancé & Reporting,2024-07-26,COMP,8.0,72.25,412.03,ELEARN
1209,REACT-001,React & TypeScript Masterclass,2024-06-13,COMP,36.0,99.55,1096.83,ELEARN
1209,SCRUM-001,Scrum Fundamentals,2024-06-27,COMP,12.0,71.5,530.86,ELEARN
1210,GDPR-001,RGPD & Protection des Données,2019-08-04,COMP,2.0,97.77,195.56,COMPLIANCE
1210,HEALTH-001,Santé & Sécurité au Travail,2019-09-04,COMP,4.0,79.86,252.25,COMPLIANCE
1210,FIRE-001,Sécurité & Évacuation Incendie,2019-08-01,COMP,1.0,70.43,98.59,COMPLIANCE
1210,DEI-001,Égalité Femmes-Hommes,2019-08-10,COMP,3.0,89.41,196.08,COMPLIANCE
1210,FRAUD-001,Prévention Fraude & Corruption,2019-07-21,COMP,2.0,72.98,162.93,COMPLIANCE
1210,ETHICS-001,Code de Déontologie Novaryn Tech,2019-09-04,COMP,1.5,77.75,123.78,COMPLIANCE
1210,REACT-001,React & TypeScript Masterclass,2025-05-16,ENR,36.0,0.0,1055.14,ELEARN
1210,PYTHON-001,Python for Data Science,2022-08-29,FAIL,24.0,45.88,1012.7,ELEARN
1210,EXCEL-001,Excel Avancé & Reporting,2023-08-18,COMP,8.0,62.74,457.94,ELEARN
1210,AWS-001,AWS Cloud Practitioner,2025-03-31,ENR,30.0,0.0,2044.94,ELEARN
1211,GDPR-001,RGPD & Protection des Données,2020-08-13,COMP,2.0,93.36,211.78,COMPLIANCE
1211,HEALTH-001,Santé & Sécurité au Travail,2020-08-26,COMP,4.0,98.95,230.67,COMPLIANCE
1211,FIRE-001,Sécurité & Évacuation Incendie,2020-09-06,COMP,1.0,80.13,100.01,COMPLIANCE
1211,DEI-001,Égalité Femmes-Hommes,2020-10-01,COMP,3.0,93.39,178.75,COMPLIANCE
1211,FRAUD-001,Prévention Fraude & Corruption,2020-08-16,COMP,2.0,84.44,153.43,COMPLIANCE
1211,ETHICS-001,Code de Déontologie Novaryn Tech,2020-09-28,COMP,1.5,72.5,126.94,COMPLIANCE
1211,PYTHON-001,Python for Data Science,2023-08-30,FAIL,24.0,53.78,1123.28,ELEARN
1211,REACT-001,React & TypeScript Masterclass,2021-11-30,COMP,36.0,98.78,1295.93,ELEARN
1211,AWS-001,AWS Cloud Practitioner,2022-06-04,FAIL,30.0,43.08,1714.73,ELEARN
1211,ML-001,Machine Learning Fundamentals,2024-11-20,COMP,40.0,87.58,1453.2,ELEARN
1212,GDPR-001,RGPD & Protection des Données,2019-09-26,COMP,2.0,88.95,181.19,COMPLIANCE
1212,HEALTH-001,Santé & Sécurité au Travail,2019-09-02,COMP,4.0,93.78,246.62,COMPLIANCE
1212,FIRE-001,Sécurité & Évacuation Incendie,2019-09-29,COMP,1.0,85.37,106.24,COMPLIANCE
1212,DEI-001,Égalité Femmes-Hommes,2019-08-22,COMP,3.0,75.03,184.36,COMPLIANCE
1212,FRAUD-001,Prévention Fraude & Corruption,2019-09-08,COMP,2.0,93.2,157.43,COMPLIANCE
1212,ETHICS-001,Code de Déontologie Novaryn Tech,2019-08-13,COMP,1.5,99.28,125.87,COMPLIANCE
1212,ML-001,Machine Learning Fundamentals,2021-04-19,COMP,40.0,61.68,1577.4,ELEARN
1212,K8S-001,Kubernetes Fundamentals,2024-01-13,COMP,24.0,74.22,1260.93,ELEARN
1212,REACT-001,React & TypeScript Masterclass,2020-07-27,FAIL,36.0,52.33,1169.59,ELEARN
1212,SQL-001,Advanced SQL for Analytics,2025-05-10,ENR,16.0,0.0,886.88,ELEARN
1212,PM-001,Product Management Essentials,2020-09-22,COMP,20.0,93.72,1234.07,COURSE
1213,GDPR-001,RGPD & Protection des Données,2020-03-10,COMP,2.0,92.98,203.72,COMPLIANCE
1213,HEALTH-001,Santé & Sécurité au Travail,2020-03-05,COMP,4.0,84.83,274.81,COMPLIANCE
1213,FIRE-001,Sécurité & Évacuation Incendie,2020-03-21,COMP,1.0,92.85,92.4,COMPLIANCE
1213,DEI-001,Égalité Femmes-Hommes,2020-03-26,COMP,3.0,70.97,192.07,COMPLIANCE
1213,FRAUD-001,Prévention Fraude & Corruption,2020-02-24,COMP,2.0,77.38,151.11,COMPLIANCE
1213,ETHICS-001,Code de Déontologie Novaryn Tech,2020-03-02,COMP,1.5,78.8,128.61,COMPLIANCE
1213,AZURE-001,Microsoft Azure Fundamentals,2021-02-10,FAIL,28.0,42.6,1483.98,ELEARN
1213,SAFE-001,SAFe Agile Practitioner,2023-12-29,COMP,16.0,66.12,1332.78,COURSE
1214,GDPR-001,RGPD & Protection des Données,2024-11-17,COMP,2.0,99.44,219.01,COMPLIANCE
1214,HEALTH-001,Santé & Sécurité au Travail,2024-11-14,COMP,4.0,72.25,240.42,COMPLIANCE
1214,FIRE-001,Sécurité & Évacuation Incendie,2024-11-10,COMP,1.0,82.21,90.52,COMPLIANCE
1214,DEI-001,Égalité Femmes-Hommes,2024-11-09,COMP,3.0,79.83,187.62,COMPLIANCE
1214,FRAUD-001,Prévention Fraude & Corruption,2024-10-30,COMP,2.0,97.94,153.09,COMPLIANCE
1214,ETHICS-001,Code de Déontologie Novaryn Tech,2024-10-28,COMP,1.5,80.88,110.28,COMPLIANCE
1214,EXCEL-001,Excel Avancé & Reporting,2024-12-31,COMP,8.0,68.49,436.04,ELEARN
1214,SQL-001,Advanced SQL for Analytics,2024-12-31,COMP,16.0,71.06,881.95,ELEARN
1214,COMM-001,Communication & Public Speaking,2024-12-31,COMP,8.0,81.65,443.11,OJT
1214,LEAD-001,Leadership & Management,2025-06-09,ENR,20.0,0.0,1695.84,COURSE
1215,GDPR-001,RGPD & Protection des Données,2016-11-09,COMP,2.0,86.38,216.25,COMPLIANCE
1215,HEALTH-001,Santé & Sécurité au Travail,2016-11-07,COMP,4.0,78.93,269.77,COMPLIANCE
1215,FIRE-001,Sécurité & Évacuation Incendie,2016-11-13,COMP,1.0,97.92,96.24,COMPLIANCE
1215,DEI-001,Égalité Femmes-Hommes,2016-10-22,COMP,3.0,72.79,174.0,COMPLIANCE
1215,FRAUD-001,Prévention Fraude & Corruption,2016-11-12,COMP,2.0,71.56,137.06,COMPLIANCE
1215,ETHICS-001,Code de Déontologie Novaryn Tech,2016-11-02,COMP,1.5,70.12,129.39,COMPLIANCE
1215,K8S-001,Kubernetes Fundamentals,2020-10-27,COMP,24.0,64.28,987.41,ELEARN
1215,SQL-001,Advanced SQL for Analytics,2023-03-03,FAIL,16.0,57.01,739.42,ELEARN
1216,GDPR-001,RGPD & Protection des Données,2022-09-27,COMP,2.0,75.05,205.94,COMPLIANCE
1216,HEALTH-001,Santé & Sécurité au Travail,2022-10-12,COMP,4.0,91.02,230.19,COMPLIANCE
1216,FIRE-001,Sécurité & Évacuation Incendie,2022-10-27,COMP,1.0,70.51,94.37,COMPLIANCE
1216,DEI-001,Égalité Femmes-Hommes,2022-10-21,COMP,3.0,73.8,188.56,COMPLIANCE
1216,FRAUD-001,Prévention Fraude & Corruption,2022-10-28,COMP,2.0,95.91,150.29,COMPLIANCE
1216,ETHICS-001,Code de Déontologie Novaryn Tech,2022-10-02,COMP,1.5,70.16,120.55,COMPLIANCE
1216,PM-001,Product Management Essentials,2024-08-19,COMP,20.0,62.37,1095.96,COURSE
1216,COMM-001,Communication & Public Speaking,2023-03-09,COMP,8.0,67.7,403.33,OJT
1216,AWS-001,AWS Cloud Practitioner,2024-02-03,COMP,30.0,76.18,1849.02,ELEARN
1216,K8S-001,Kubernetes Fundamentals,2023-01-13,FAIL,24.0,45.47,1017.18,ELEARN
1217,GDPR-001,RGPD & Protection des Données,2019-07-10,COMP,2.0,91.21,190.2,COMPLIANCE
1217,HEALTH-001,Santé & Sécurité au Travail,2019-08-10,COMP,4.0,84.93,273.89,COMPLIANCE
1217,FIRE-001,Sécurité & Évacuation Incendie,2019-07-28,COMP,1.0,87.72,104.94,COMPLIANCE
1217,DEI-001,Égalité Femmes-Hommes,2019-08-16,COMP,3.0,73.85,168.64,COMPLIANCE
1217,FRAUD-001,Prévention Fraude & Corruption,2019-08-13,COMP,2.0,87.41,164.02,COMPLIANCE
1217,ETHICS-001,Code de Déontologie Novaryn Tech,2019-07-18,COMP,1.5,73.97,108.96,COMPLIANCE
1217,COMM-001,Communication & Public Speaking,2024-12-27,COMP,8.0,65.32,366.18,OJT
1217,SCRUM-001,Scrum Fundamentals,2024-10-10,FAIL,12.0,50.92,627.33,ELEARN
1217,LEAD-001,Leadership & Management,2025-06-28,ENR,20.0,0.0,1281.19,COURSE
1218,GDPR-001,RGPD & Protection des Données,2016-11-23,COMP,2.0,80.24,197.88,COMPLIANCE
1218,HEALTH-001,Santé & Sécurité au Travail,2016-11-26,COMP,4.0,91.73,264.28,COMPLIANCE
1218,FIRE-001,Sécurité & Évacuation Incendie,2016-12-10,COMP,1.0,79.75,98.22,COMPLIANCE
1218,DEI-001,Égalité Femmes-Hommes,2016-12-29,COMP,3.0,85.57,171.9,COMPLIANCE
1218,FRAUD-001,Prévention Fraude & Corruption,2016-12-29,COMP,2.0,76.05,154.05,COMPLIANCE
1218,ETHICS-001,Code de Déontologie Novaryn Tech,2016-11-30,COMP,1.5,81.68,112.51,COMPLIANCE
1218,K8S-001,Kubernetes Fundamentals,2022-10-21,COMP,24.0,70.08,1077.99,ELEARN
1218,EXCEL-001,Excel Avancé & Reporting,2021-01-14,COMP,8.0,91.26,440.04,ELEARN
1218,AZURE-001,Microsoft Azure Fundamentals,2025-06-06,ENR,28.0,0.0,1498.75,ELEARN
1219,GDPR-001,RGPD & Protection des Données,2017-10-20,COMP,2.0,73.31,191.49,COMPLIANCE
1219,HEALTH-001,Santé & Sécurité au Travail,2017-10-12,COMP,4.0,78.38,246.31,COMPLIANCE
1219,FIRE-001,Sécurité & Évacuation Incendie,2017-09-24,COMP,1.0,84.2,105.25,COMPLIANCE
1219,DEI-001,Égalité Femmes-Hommes,2017-09-28,COMP,3.0,87.59,174.52,COMPLIANCE
1219,FRAUD-001,Prévention Fraude & Corruption,2017-11-04,COMP,2.0,76.73,141.03,COMPLIANCE
1219,ETHICS-001,Code de Déontologie Novaryn Tech,2017-10-11,COMP,1.5,95.18,131.12,COMPLIANCE
1219,PYTHON-001,Python for Data Science,2023-01-03,FAIL,24.0,40.33,920.33,ELEARN
1219,K8S-001,Kubernetes Fundamentals,2023-08-07,COMP,24.0,68.75,1248.01,ELEARN
1219,AWS-001,AWS Cloud Practitioner,2020-06-08,COMP,30.0,97.36,1589.31,ELEARN
1219,COMM-001,Communication & Public Speaking,2025-06-05,ENR,8.0,0.0,370.58,OJT
1220,GDPR-001,RGPD & Protection des Données,2013-05-28,COMP,2.0,78.15,206.33,COMPLIANCE
1220,HEALTH-001,Santé & Sécurité au Travail,2013-07-12,COMP,4.0,79.31,245.19,COMPLIANCE
1220,FIRE-001,Sécurité & Évacuation Incendie,2013-05-26,COMP,1.0,87.01,107.7,COMPLIANCE
1220,DEI-001,Égalité Femmes-Hommes,2013-06-06,COMP,3.0,96.96,171.08,COMPLIANCE
1220,FRAUD-001,Prévention Fraude & Corruption,2013-06-06,COMP,2.0,92.73,155.05,COMPLIANCE
1220,ETHICS-001,Code de Déontologie Novaryn Tech,2013-06-26,COMP,1.5,95.68,121.79,COMPLIANCE
1220,SAFE-001,SAFe Agile Practitioner,2022-08-28,COMP,16.0,98.34,1327.5,COURSE
1220,K8S-001,Kubernetes Fundamentals,2022-12-28,COMP,24.0,82.15,1122.42,ELEARN
1220,ML-001,Machine Learning Fundamentals,2020-11-17,COMP,40.0,67.74,1412.06,ELEARN
1221,GDPR-001,RGPD & Protection des Données,2016-01-03,COMP,2.0,91.63,196.99,COMPLIANCE
1221,HEALTH-001,Santé & Sécurité au Travail,2016-01-28,COMP,4.0,94.14,254.31,COMPLIANCE
1221,FIRE-001,Sécurité & Évacuation Incendie,2016-01-24,COMP,1.0,82.06,106.84,COMPLIANCE
1221,DEI-001,Égalité Femmes-Hommes,2016-01-22,COMP,3.0,86.96,174.85,COMPLIANCE
1221,FRAUD-001,Prévention Fraude & Corruption,2016-01-08,COMP,2.0,84.16,140.89,COMPLIANCE
1221,ETHICS-001,Code de Déontologie Novaryn Tech,2015-12-30,COMP,1.5,79.74,128.59,COMPLIANCE
1221,K8S-001,Kubernetes Fundamentals,2024-11-30,COMP,24.0,77.23,1120.6,ELEARN
1221,AWS-001,AWS Cloud Practitioner,2024-04-25,COMP,30.0,64.13,2013.8,ELEARN
1221,ML-001,Machine Learning Fundamentals,2021-10-22,COMP,40.0,94.66,1458.38,ELEARN
1221,SQL-001,Advanced SQL for Analytics,2021-04-25,COMP,16.0,99.84,697.42,ELEARN
1222,GDPR-001,RGPD & Protection des Données,2014-09-26,COMP,2.0,99.69,201.94,COMPLIANCE
1222,HEALTH-001,Santé & Sécurité au Travail,2014-09-28,COMP,4.0,74.07,261.9,COMPLIANCE
1222,FIRE-001,Sécurité & Évacuation Incendie,2014-08-27,COMP,1.0,81.13,90.73,COMPLIANCE
1222,DEI-001,Égalité Femmes-Hommes,2014-08-14,COMP,3.0,97.55,176.73,COMPLIANCE
1222,FRAUD-001,Prévention Fraude & Corruption,2014-08-31,COMP,2.0,89.29,161.69,COMPLIANCE
1222,ETHICS-001,Code de Déontologie Novaryn Tech,2014-08-27,COMP,1.5,72.8,130.17,COMPLIANCE
1222,LEAD-001,Leadership & Management,2025-06-07,ENR,20.0,0.0,1610.89,COURSE
1222,AZURE-001,Microsoft Azure Fundamentals,2021-11-27,FAIL,28.0,44.58,1588.49,ELEARN
1223,GDPR-001,RGPD & Protection des Données,2019-02-14,COMP,2.0,86.23,206.29,COMPLIANCE
1223,HEALTH-001,Santé & Sécurité au Travail,2019-03-13,COMP,4.0,91.86,271.31,COMPLIANCE
1223,FIRE-001,Sécurité & Évacuation Incendie,2019-02-28,COMP,1.0,94.51,94.33,COMPLIANCE
1223,DEI-001,Égalité Femmes-Hommes,2019-02-23,COMP,3.0,96.62,165.6,COMPLIANCE
1223,FRAUD-001,Prévention Fraude & Corruption,2019-03-01,COMP,2.0,87.49,162.74,COMPLIANCE
1223,ETHICS-001,Code de Déontologie Novaryn Tech,2019-02-14,COMP,1.5,70.0,124.71,COMPLIANCE
1223,EXCEL-001,Excel Avancé & Reporting,2020-12-02,COMP,8.0,63.9,415.26,ELEARN
1223,K8S-001,Kubernetes Fundamentals,2022-12-23,COMP,24.0,71.01,991.78,ELEARN
1223,ML-001,Machine Learning Fundamentals,2024-09-24,COMP,40.0,89.5,1711.57,ELEARN
1223,PYTHON-001,Python for Data Science,2023-02-15,COMP,24.0,68.36,889.79,ELEARN
1224,GDPR-001,RGPD & Protection des Données,2021-04-30,COMP,2.0,71.84,197.98,COMPLIANCE
1224,HEALTH-001,Santé & Sécurité au Travail,2021-05-10,COMP,4.0,74.04,230.89,COMPLIANCE
1224,FIRE-001,Sécurité & Évacuation Incendie,2021-05-17,COMP,1.0,76.12,102.54,COMPLIANCE
1224,DEI-001,Égalité Femmes-Hommes,2021-05-19,COMP,3.0,78.99,186.72,COMPLIANCE
1224,FRAUD-001,Prévention Fraude & Corruption,2021-04-10,COMP,2.0,90.64,160.01,COMPLIANCE
1224,ETHICS-001,Code de Déontologie Novaryn Tech,2021-04-11,COMP,1.5,84.21,108.18,COMPLIANCE
1224,SCRUM-001,Scrum Fundamentals,2021-12-18,COMP,12.0,90.58,548.12,ELEARN
1224,ML-001,Machine Learning Fundamentals,2024-09-19,COMP,40.0,64.34,1470.04,ELEARN
1224,PYTHON-001,Python for Data Science,2025-05-04,ENR,24.0,0.0,1064.11,ELEARN
1224,REACT-001,React & TypeScript Masterclass,2025-06-25,ENR,36.0,0.0,1211.11,ELEARN
1225,GDPR-001,RGPD & Protection des Données,2013-03-06,COMP,2.0,96.97,216.69,COMPLIANCE
1225,HEALTH-001,Santé & Sécurité au Travail,2013-02-18,COMP,4.0,96.59,232.87,COMPLIANCE
1225,FIRE-001,Sécurité & Évacuation Incendie,2013-03-07,COMP,1.0,85.99,101.35,COMPLIANCE
1225,DEI-001,Égalité Femmes-Hommes,2013-02-25,COMP,3.0,82.75,183.99,COMPLIANCE
1225,FRAUD-001,Prévention Fraude & Corruption,2013-03-19,COMP,2.0,83.35,144.47,COMPLIANCE
1225,ETHICS-001,Code de Déontologie Novaryn Tech,2013-03-07,COMP,1.5,76.42,125.6,COMPLIANCE
1225,AWS-001,AWS Cloud Practitioner,2021-12-03,COMP,30.0,90.9,1781.03,ELEARN
1225,REACT-001,React & TypeScript Masterclass,2023-08-26,COMP,36.0,83.26,1306.78,ELEARN
1226,GDPR-001,RGPD & Protection des Données,2018-09-01,COMP,2.0,97.02,189.19,COMPLIANCE
1226,HEALTH-001,Santé & Sécurité au Travail,2018-10-07,COMP,4.0,86.01,267.86,COMPLIANCE
1226,FIRE-001,Sécurité & Évacuation Incendie,2018-09-28,COMP,1.0,84.38,108.19,COMPLIANCE
1226,DEI-001,Égalité Femmes-Hommes,2018-09-30,COMP,3.0,91.37,191.4,COMPLIANCE
1226,FRAUD-001,Prévention Fraude & Corruption,2018-08-27,COMP,2.0,85.54,151.17,COMPLIANCE
1226,ETHICS-001,Code de Déontologie Novaryn Tech,2018-09-07,COMP,1.5,93.97,113.77,COMPLIANCE
1226,ML-001,Machine Learning Fundamentals,2024-10-08,COMP,40.0,62.97,1618.72,ELEARN
1226,PM-001,Product Management Essentials,2024-09-25,COMP,20.0,81.0,1053.67,COURSE
1227,GDPR-001,RGPD & Protection des Données,2021-11-09,COMP,2.0,79.96,185.45,COMPLIANCE
1227,HEALTH-001,Santé & Sécurité au Travail,2021-11-04,COMP,4.0,71.32,249.53,COMPLIANCE
1227,FIRE-001,Sécurité & Évacuation Incendie,2021-12-16,COMP,1.0,76.16,106.06,COMPLIANCE
1227,DEI-001,Égalité Femmes-Hommes,2021-11-07,COMP,3.0,90.96,165.22,COMPLIANCE
1227,FRAUD-001,Prévention Fraude & Corruption,2021-11-02,COMP,2.0,88.75,137.14,COMPLIANCE
1227,ETHICS-001,Code de Déontologie Novaryn Tech,2021-12-09,COMP,1.5,89.02,109.92,COMPLIANCE
1227,K8S-001,Kubernetes Fundamentals,2022-02-24,FAIL,24.0,46.42,945.93,ELEARN
1227,PYTHON-001,Python for Data Science,2024-08-18,COMP,24.0,61.09,1049.46,ELEARN
1227,SAFE-001,SAFe Agile Practitioner,2024-11-01,COMP,16.0,92.38,1202.75,COURSE
1227,AZURE-001,Microsoft Azure Fundamentals,2024-12-27,COMP,28.0,90.3,1747.83,ELEARN
1228,GDPR-001,RGPD & Protection des Données,2012-03-21,COMP,2.0,72.43,207.52,COMPLIANCE
1228,HEALTH-001,Santé & Sécurité au Travail,2012-03-14,COMP,4.0,98.59,229.91,COMPLIANCE
1228,FIRE-001,Sécurité & Évacuation Incendie,2012-04-03,COMP,1.0,96.83,102.95,COMPLIANCE
1228,DEI-001,Égalité Femmes-Hommes,2012-02-16,COMP,3.0,93.62,188.94,COMPLIANCE
1228,FRAUD-001,Prévention Fraude & Corruption,2012-03-22,COMP,2.0,70.78,139.49,COMPLIANCE
1228,ETHICS-001,Code de Déontologie Novaryn Tech,2012-03-06,COMP,1.5,79.39,124.13,COMPLIANCE
1228,EXCEL-001,Excel Avancé & Reporting,2022-04-10,COMP,8.0,92.51,412.04,ELEARN
1228,AZURE-001,Microsoft Azure Fundamentals,2020-03-30,COMP,28.0,79.07,1595.75,ELEARN
1228,COMM-001,Communication & Public Speaking,2021-07-14,FAIL,8.0,41.46,361.09,OJT
1228,PYTHON-001,Python for Data Science,2025-06-03,ENR,24.0,0.0,1036.5,ELEARN
1229,GDPR-001,RGPD & Protection des Données,2024-11-03,COMP,2.0,79.42,198.75,COMPLIANCE
1229,HEALTH-001,Santé & Sécurité au Travail,2024-12-03,COMP,4.0,83.04,226.31,COMPLIANCE
1229,FIRE-001,Sécurité & Évacuation Incendie,2024-12-09,COMP,1.0,71.47,103.24,COMPLIANCE
1229,DEI-001,Égalité Femmes-Hommes,2024-11-16,COMP,3.0,81.34,184.92,COMPLIANCE
1229,FRAUD-001,Prévention Fraude & Corruption,2024-11-06,COMP,2.0,80.84,150.48,COMPLIANCE
1229,ETHICS-001,Code de Déontologie Novaryn Tech,2024-12-04,COMP,1.5,74.5,117.07,COMPLIANCE
1229,AWS-001,AWS Cloud Practitioner,2024-12-31,COMP,30.0,70.78,1653.04,ELEARN
1229,REACT-001,React & TypeScript Masterclass,2024-12-31,COMP,36.0,86.45,1151.84,ELEARN
1230,GDPR-001,RGPD & Protection des Données,2021-04-26,COMP,2.0,75.11,203.07,COMPLIANCE
1230,HEALTH-001,Santé & Sécurité au Travail,2021-04-20,COMP,4.0,71.26,260.71,COMPLIANCE
1230,FIRE-001,Sécurité & Évacuation Incendie,2021-04-14,COMP,1.0,84.09,98.13,COMPLIANCE
1230,DEI-001,Égalité Femmes-Hommes,2021-03-20,COMP,3.0,82.31,192.82,COMPLIANCE
1230,FRAUD-001,Prévention Fraude & Corruption,2021-04-09,COMP,2.0,83.8,145.65,COMPLIANCE
1230,ETHICS-001,Code de Déontologie Novaryn Tech,2021-03-06,COMP,1.5,93.17,126.69,COMPLIANCE
1230,PYTHON-001,Python for Data Science,2024-05-22,COMP,24.0,61.88,886.72,ELEARN
1230,LEAD-001,Leadership & Management,2024-08-23,COMP,20.0,93.4,1330.92,COURSE
1230,SCRUM-001,Scrum Fundamentals,2022-09-18,COMP,12.0,81.17,510.89,ELEARN
1231,GDPR-001,RGPD & Protection des Données,2015-11-18,COMP,2.0,92.0,218.49,COMPLIANCE
1231,HEALTH-001,Santé & Sécurité au Travail,2015-11-19,COMP,4.0,75.32,272.42,COMPLIANCE
1231,FIRE-001,Sécurité & Évacuation Incendie,2015-11-09,COMP,1.0,96.41,94.98,COMPLIANCE
1231,DEI-001,Égalité Femmes-Hommes,2015-10-21,COMP,3.0,81.34,189.5,COMPLIANCE
1231,FRAUD-001,Prévention Fraude & Corruption,2015-11-11,COMP,2.0,89.43,146.99,COMPLIANCE
1231,ETHICS-001,Code de Déontologie Novaryn Tech,2015-10-24,COMP,1.5,74.65,109.57,COMPLIANCE
1231,PM-001,Product Management Essentials,2022-11-21,COMP,20.0,86.78,1283.0,COURSE
1231,SAFE-001,SAFe Agile Practitioner,2022-12-26,COMP,16.0,66.34,1291.94,COURSE
1231,AZURE-001,Microsoft Azure Fundamentals,2020-01-19,COMP,28.0,88.68,1536.76,ELEARN
1231,PYTHON-001,Python for Data Science,2025-06-06,ENR,24.0,0.0,979.27,ELEARN
1231,ML-001,Machine Learning Fundamentals,2021-03-21,COMP,40.0,98.43,1480.89,ELEARN
1232,GDPR-001,RGPD & Protection des Données,2016-09-27,COMP,2.0,96.2,212.88,COMPLIANCE
1232,HEALTH-001,Santé & Sécurité au Travail,2016-09-16,COMP,4.0,98.36,256.58,COMPLIANCE
1232,FIRE-001,Sécurité & Évacuation Incendie,2016-09-08,COMP,1.0,80.64,105.01,COMPLIANCE
1232,DEI-001,Égalité Femmes-Hommes,2016-10-16,COMP,3.0,78.72,193.44,COMPLIANCE
1232,FRAUD-001,Prévention Fraude & Corruption,2016-09-09,COMP,2.0,82.1,141.87,COMPLIANCE
1232,ETHICS-001,Code de Déontologie Novaryn Tech,2016-10-11,COMP,1.5,81.07,121.04,COMPLIANCE
1232,AZURE-001,Microsoft Azure Fundamentals,2024-10-25,COMP,28.0,78.79,1507.71,ELEARN
1232,AWS-001,AWS Cloud Practitioner,2025-05-07,ENR,30.0,0.0,1807.01,ELEARN
1232,SCRUM-001,Scrum Fundamentals,2020-08-04,FAIL,12.0,50.08,674.93,ELEARN
1233,GDPR-001,RGPD & Protection des Données,2012-07-07,COMP,2.0,93.16,209.23,COMPLIANCE
1233,HEALTH-001,Santé & Sécurité au Travail,2012-07-29,COMP,4.0,77.24,259.87,COMPLIANCE
1233,FIRE-001,Sécurité & Évacuation Incendie,2012-08-08,COMP,1.0,75.35,109.65,COMPLIANCE
1233,DEI-001,Égalité Femmes-Hommes,2012-07-27,COMP,3.0,91.76,166.83,COMPLIANCE
1233,FRAUD-001,Prévention Fraude & Corruption,2012-08-14,COMP,2.0,94.95,136.85,COMPLIANCE
1233,ETHICS-001,Code de Déontologie Novaryn Tech,2012-08-19,COMP,1.5,80.2,114.95,COMPLIANCE
1233,AZURE-001,Microsoft Azure Fundamentals,2021-03-16,COMP,28.0,68.65,1825.47,ELEARN
1233,AWS-001,AWS Cloud Practitioner,2025-04-24,ENR,30.0,0.0,1977.4,ELEARN
1234,GDPR-001,RGPD & Protection des Données,2023-06-11,COMP,2.0,87.61,215.34,COMPLIANCE
1234,HEALTH-001,Santé & Sécurité au Travail,2023-06-02,COMP,4.0,81.84,236.09,COMPLIANCE
1234,FIRE-001,Sécurité & Évacuation Incendie,2023-06-04,COMP,1.0,94.18,91.8,COMPLIANCE
1234,DEI-001,Égalité Femmes-Hommes,2023-07-10,COMP,3.0,88.0,180.94,COMPLIANCE
1234,FRAUD-001,Prévention Fraude & Corruption,2023-07-11,COMP,2.0,96.36,138.71,COMPLIANCE
1234,ETHICS-001,Code de Déontologie Novaryn Tech,2023-05-29,COMP,1.5,88.19,112.77,COMPLIANCE
1234,SAFE-001,SAFe Agile Practitioner,2023-10-27,COMP,16.0,68.67,1360.1,COURSE
1234,EXCEL-001,Excel Avancé & Reporting,2024-10-02,COMP,8.0,69.03,445.89,ELEARN
1235,GDPR-001,RGPD & Protection des Données,2024-05-05,COMP,2.0,91.7,218.25,COMPLIANCE
1235,HEALTH-001,Santé & Sécurité au Travail,2024-06-20,COMP,4.0,88.36,250.24,COMPLIANCE
1235,FIRE-001,Sécurité & Évacuation Incendie,2024-06-20,COMP,1.0,98.85,109.83,COMPLIANCE
1235,DEI-001,Égalité Femmes-Hommes,2024-05-09,COMP,3.0,83.85,180.02,COMPLIANCE
1235,FRAUD-001,Prévention Fraude & Corruption,2024-05-29,COMP,2.0,93.37,156.61,COMPLIANCE
1235,ETHICS-001,Code de Déontologie Novaryn Tech,2024-06-05,COMP,1.5,96.75,108.26,COMPLIANCE
1235,AWS-001,AWS Cloud Practitioner,2024-09-04,COMP,30.0,73.38,1754.11,ELEARN
1235,SCRUM-001,Scrum Fundamentals,2024-10-06,COMP,12.0,93.5,604.3,ELEARN
1235,COMM-001,Communication & Public Speaking,2024-10-14,COMP,8.0,87.54,380.06,OJT
1236,GDPR-001,RGPD & Protection des Données,2014-04-20,COMP,2.0,91.09,190.56,COMPLIANCE
1236,HEALTH-001,Santé & Sécurité au Travail,2014-03-29,COMP,4.0,94.69,254.8,COMPLIANCE
1236,FIRE-001,Sécurité & Évacuation Incendie,2014-04-26,COMP,1.0,97.24,108.33,COMPLIANCE
1236,DEI-001,Égalité Femmes-Hommes,2014-04-19,COMP,3.0,90.4,176.1,COMPLIANCE
1236,FRAUD-001,Prévention Fraude & Corruption,2014-04-19,COMP,2.0,93.76,139.02,COMPLIANCE
1236,ETHICS-001,Code de Déontologie Novaryn Tech,2014-03-14,COMP,1.5,72.29,122.49,COMPLIANCE
1236,ML-001,Machine Learning Fundamentals,2025-05-06,ENR,40.0,0.0,1412.25,ELEARN
1236,SAFE-001,SAFe Agile Practitioner,2022-11-25,COMP,16.0,69.25,1412.55,COURSE
1237,GDPR-001,RGPD & Protection des Données,2022-02-22,COMP,2.0,95.14,203.46,COMPLIANCE
1237,HEALTH-001,Santé & Sécurité au Travail,2022-03-21,COMP,4.0,99.91,234.74,COMPLIANCE
1237,FIRE-001,Sécurité & Évacuation Incendie,2022-03-25,COMP,1.0,91.69,108.83,COMPLIANCE
1237,DEI-001,Égalité Femmes-Hommes,2022-03-11,COMP,3.0,88.06,167.32,COMPLIANCE
1237,FRAUD-001,Prévention Fraude & Corruption,2022-02-16,COMP,2.0,83.54,145.06,COMPLIANCE
1237,ETHICS-001,Code de Déontologie Novaryn Tech,2022-02-27,COMP,1.5,72.3,114.12,COMPLIANCE
1237,COMM-001,Communication & Public Speaking,2025-05-07,ENR,8.0,0.0,355.61,OJT
1237,EXCEL-001,Excel Avancé & Reporting,2023-11-20,COMP,8.0,97.63,345.14,ELEARN
1238,GDPR-001,RGPD & Protection des Données,2012-07-17,COMP,2.0,88.91,211.12,COMPLIANCE
1238,HEALTH-001,Santé & Sécurité au Travail,2012-07-15,COMP,4.0,77.13,271.78,COMPLIANCE
1238,FIRE-001,Sécurité & Évacuation Incendie,2012-07-21,COMP,1.0,83.06,105.81,COMPLIANCE
1238,DEI-001,Égalité Femmes-Hommes,2012-06-26,COMP,3.0,85.58,165.46,COMPLIANCE
1238,FRAUD-001,Prévention Fraude & Corruption,2012-08-10,COMP,2.0,73.86,158.41,COMPLIANCE
1238,ETHICS-001,Code de Déontologie Novaryn Tech,2012-06-25,COMP,1.5,98.17,130.65,COMPLIANCE
1238,ML-001,Machine Learning Fundamentals,2022-08-26,COMP,40.0,75.91,1651.57,ELEARN
1238,AWS-001,AWS Cloud Practitioner,2025-04-03,ENR,30.0,0.0,1738.59,ELEARN
1239,GDPR-001,RGPD & Protection des Données,2019-06-06,COMP,2.0,83.67,192.82,COMPLIANCE
1239,HEALTH-001,Santé & Sécurité au Travail,2019-06-10,COMP,4.0,76.39,272.64,COMPLIANCE
1239,FIRE-001,Sécurité & Évacuation Incendie,2019-06-12,COMP,1.0,76.56,107.95,COMPLIANCE
1239,DEI-001,Égalité Femmes-Hommes,2019-05-16,COMP,3.0,71.56,177.47,COMPLIANCE
1239,FRAUD-001,Prévention Fraude & Corruption,2019-05-29,COMP,2.0,75.5,152.16,COMPLIANCE
1239,ETHICS-001,Code de Déontologie Novaryn Tech,2019-05-25,COMP,1.5,88.79,119.65,COMPLIANCE
1239,PM-001,Product Management Essentials,2025-05-07,ENR,20.0,0.0,1289.88,COURSE
1239,AWS-001,AWS Cloud Practitioner,2020-09-20,COMP,30.0,69.68,2014.03,ELEARN
1239,ML-001,Machine Learning Fundamentals,2020-06-12,COMP,40.0,81.11,1574.77,ELEARN
1240,GDPR-001,RGPD & Protection des Données,2015-02-22,COMP,2.0,80.28,189.5,COMPLIANCE
1240,HEALTH-001,Santé & Sécurité au Travail,2015-03-24,COMP,4.0,97.38,261.83,COMPLIANCE
1240,FIRE-001,Sécurité & Évacuation Incendie,2015-03-15,COMP,1.0,74.09,90.92,COMPLIANCE
1240,DEI-001,Égalité Femmes-Hommes,2015-02-24,COMP,3.0,89.35,184.12,COMPLIANCE
1240,FRAUD-001,Prévention Fraude & Corruption,2015-02-17,COMP,2.0,71.6,155.01,COMPLIANCE
1240,ETHICS-001,Code de Déontologie Novaryn Tech,2015-03-10,COMP,1.5,90.73,108.43,COMPLIANCE
1240,ML-001,Machine Learning Fundamentals,2021-04-28,FAIL,40.0,51.04,1391.12,ELEARN
1240,SQL-001,Advanced SQL for Analytics,2021-05-04,COMP,16.0,82.96,904.39,ELEARN
1241,GDPR-001,RGPD & Protection des Données,2018-08-04,COMP,2.0,99.86,219.68,COMPLIANCE
1241,HEALTH-001,Santé & Sécurité au Travail,2018-07-27,COMP,4.0,94.22,245.14,COMPLIANCE
1241,FIRE-001,Sécurité & Évacuation Incendie,2018-07-28,COMP,1.0,91.18,102.48,COMPLIANCE
1241,DEI-001,Égalité Femmes-Hommes,2018-07-30,COMP,3.0,82.62,184.48,COMPLIANCE
1241,FRAUD-001,Prévention Fraude & Corruption,2018-08-10,COMP,2.0,81.28,158.42,COMPLIANCE
1241,ETHICS-001,Code de Déontologie Novaryn Tech,2018-07-08,COMP,1.5,94.91,123.4,COMPLIANCE
1241,LEAD-001,Leadership & Management,2025-06-13,ENR,20.0,0.0,1447.84,COURSE
1241,ML-001,Machine Learning Fundamentals,2020-09-10,FAIL,40.0,44.72,1518.57,ELEARN
1241,AZURE-001,Microsoft Azure Fundamentals,2022-04-25,COMP,28.0,60.85,1600.21,ELEARN
1241,PYTHON-001,Python for Data Science,2023-10-08,COMP,24.0,84.75,1142.46,ELEARN
1241,COMM-001,Communication & Public Speaking,2023-08-10,COMP,8.0,67.0,362.85,OJT
1243,GDPR-001,RGPD & Protection des Données,2024-12-31,COMP,2.0,95.18,212.28,COMPLIANCE
1243,HEALTH-001,Santé & Sécurité au Travail,2025-01-03,COMP,4.0,78.83,232.06,COMPLIANCE
1243,FIRE-001,Sécurité & Évacuation Incendie,2025-01-16,COMP,1.0,82.13,101.2,COMPLIANCE
1243,DEI-001,Égalité Femmes-Hommes,2024-12-23,COMP,3.0,82.23,187.19,COMPLIANCE
1243,FRAUD-001,Prévention Fraude & Corruption,2025-01-24,COMP,2.0,84.19,146.94,COMPLIANCE
1243,ETHICS-001,Code de Déontologie Novaryn Tech,2024-12-27,COMP,1.5,83.72,118.02,COMPLIANCE
1243,SAFE-001,SAFe Agile Practitioner,2024-12-31,COMP,16.0,68.64,1425.9,COURSE
1243,K8S-001,Kubernetes Fundamentals,2024-12-31,FAIL,24.0,44.33,1135.22,ELEARN
1244,GDPR-001,RGPD & Protection des Données,2024-11-12,COMP,2.0,90.1,204.1,COMPLIANCE
1244,HEALTH-001,Santé & Sécurité au Travail,2024-11-15,COMP,4.0,89.51,269.93,COMPLIANCE
1244,FIRE-001,Sécurité & Évacuation Incendie,2024-11-25,COMP,1.0,74.16,107.94,COMPLIANCE
1244,DEI-001,Égalité Femmes-Hommes,2024-12-10,COMP,3.0,70.52,191.48,COMPLIANCE
1244,FRAUD-001,Prévention Fraude & Corruption,2024-11-10,COMP,2.0,94.84,161.92,COMPLIANCE
1244,ETHICS-001,Code de Déontologie Novaryn Tech,2024-11-18,COMP,1.5,96.62,110.83,COMPLIANCE
1244,COMM-001,Communication & Public Speaking,2024-12-31,COMP,8.0,61.2,436.55,OJT
1244,PM-001,Product Management Essentials,2025-05-21,ENR,20.0,0.0,1232.58,COURSE
1244,EXCEL-001,Excel Avancé & Reporting,2024-12-31,COMP,8.0,87.06,392.1,ELEARN
1245,GDPR-001,RGPD & Protection des Données,2013-06-16,COMP,2.0,72.8,202.02,COMPLIANCE
1245,HEALTH-001,Santé & Sécurité au Travail,2013-07-05,COMP,4.0,81.35,245.35,COMPLIANCE
1245,FIRE-001,Sécurité & Évacuation Incendie,2013-06-03,COMP,1.0,97.7,94.33,COMPLIANCE
1245,DEI-001,Égalité Femmes-Hommes,2013-07-04,COMP,3.0,84.46,177.33,COMPLIANCE
1245,FRAUD-001,Prévention Fraude & Corruption,2013-07-12,COMP,2.0,94.92,161.47,COMPLIANCE
1245,ETHICS-001,Code de Déontologie Novaryn Tech,2013-07-18,COMP,1.5,75.71,120.68,COMPLIANCE
1245,EXCEL-001,Excel Avancé & Reporting,2025-05-21,ENR,8.0,0.0,404.98,ELEARN
1245,LEAD-001,Leadership & Management,2023-10-05,COMP,20.0,91.85,1414.83,COURSE
1245,AZURE-001,Microsoft Azure Fundamentals,2023-07-10,COMP,28.0,85.04,1379.47,ELEARN
1245,AWS-001,AWS Cloud Practitioner,2022-04-28,COMP,30.0,98.37,1788.35,ELEARN
1246,GDPR-001,RGPD & Protection des Données,2024-10-19,COMP,2.0,70.03,206.71,COMPLIANCE
1246,HEALTH-001,Santé & Sécurité au Travail,2024-11-06,COMP,4.0,83.03,244.53,COMPLIANCE
1246,FIRE-001,Sécurité & Évacuation Incendie,2024-10-29,COMP,1.0,71.88,91.1,COMPLIANCE
1246,DEI-001,Égalité Femmes-Hommes,2024-11-27,COMP,3.0,99.39,175.94,COMPLIANCE
1246,FRAUD-001,Prévention Fraude & Corruption,2024-10-17,COMP,2.0,72.25,155.05,COMPLIANCE
1246,ETHICS-001,Code de Déontologie Novaryn Tech,2024-11-26,COMP,1.5,88.36,127.77,COMPLIANCE
1246,SCRUM-001,Scrum Fundamentals,2024-12-28,COMP,12.0,62.24,626.69,ELEARN
1246,LEAD-001,Leadership & Management,2024-12-30,COMP,20.0,85.19,1307.92,COURSE
1247,GDPR-001,RGPD & Protection des Données,2015-12-18,COMP,2.0,79.64,198.13,COMPLIANCE
1247,HEALTH-001,Santé & Sécurité au Travail,2015-12-20,COMP,4.0,75.32,256.48,COMPLIANCE
1247,FIRE-001,Sécurité & Évacuation Incendie,2015-11-13,COMP,1.0,96.16,108.99,COMPLIANCE
1247,DEI-001,Égalité Femmes-Hommes,2015-12-12,COMP,3.0,82.33,167.17,COMPLIANCE
1247,FRAUD-001,Prévention Fraude & Corruption,2015-12-17,COMP,2.0,81.05,154.13,COMPLIANCE
1247,ETHICS-001,Code de Déontologie Novaryn Tech,2015-11-18,COMP,1.5,70.5,119.89,COMPLIANCE
1247,PM-001,Product Management Essentials,2025-05-27,ENR,20.0,0.0,1338.76,COURSE
1247,AZURE-001,Microsoft Azure Fundamentals,2025-05-22,ENR,28.0,0.0,1682.27,ELEARN
1247,REACT-001,React & TypeScript Masterclass,2023-08-28,COMP,36.0,73.78,1219.97,ELEARN
1247,PYTHON-001,Python for Data Science,2020-12-10,COMP,24.0,94.9,1067.5,ELEARN
1247,SCRUM-001,Scrum Fundamentals,2025-05-19,ENR,12.0,0.0,676.16,ELEARN
1248,GDPR-001,RGPD & Protection des Données,2023-02-18,COMP,2.0,86.96,217.3,COMPLIANCE
1248,HEALTH-001,Santé & Sécurité au Travail,2023-02-12,COMP,4.0,93.07,238.18,COMPLIANCE
1248,FIRE-001,Sécurité & Évacuation Incendie,2023-03-05,COMP,1.0,98.1,103.49,COMPLIANCE
1248,DEI-001,Égalité Femmes-Hommes,2023-02-24,COMP,3.0,72.01,169.03,COMPLIANCE
1248,FRAUD-001,Prévention Fraude & Corruption,2023-02-20,COMP,2.0,83.62,137.68,COMPLIANCE
1248,ETHICS-001,Code de Déontologie Novaryn Tech,2023-02-16,COMP,1.5,98.63,115.54,COMPLIANCE
1248,AWS-001,AWS Cloud Practitioner,2024-10-09,COMP,30.0,81.79,1572.74,ELEARN
1248,SQL-001,Advanced SQL for Analytics,2024-10-09,COMP,16.0,93.98,895.79,ELEARN
1248,REACT-001,React & TypeScript Masterclass,2024-08-04,COMP,36.0,64.07,1237.05,ELEARN
1249,GDPR-001,RGPD & Protection des Données,2012-07-18,COMP,2.0,81.39,188.75,COMPLIANCE
1249,HEALTH-001,Santé & Sécurité au Travail,2012-08-14,COMP,4.0,77.14,250.66,COMPLIANCE
1249,FIRE-001,Sécurité & Évacuation Incendie,2012-08-29,COMP,1.0,79.53,99.35,COMPLIANCE
1249,DEI-001,Égalité Femmes-Hommes,2012-08-21,COMP,3.0,87.2,174.42,COMPLIANCE
1249,FRAUD-001,Prévention Fraude & Corruption,2012-07-25,COMP,2.0,75.71,148.42,COMPLIANCE
1249,ETHICS-001,Code de Déontologie Novaryn Tech,2012-08-29,COMP,1.5,86.36,115.37,COMPLIANCE
1249,COMM-001,Communication & Public Speaking,2025-05-11,ENR,8.0,0.0,345.73,OJT
1249,PYTHON-001,Python for Data Science,2025-05-07,ENR,24.0,0.0,1003.08,ELEARN
1250,GDPR-001,RGPD & Protection des Données,2012-07-04,COMP,2.0,72.84,191.02,COMPLIANCE
1250,HEALTH-001,Santé & Sécurité au Travail,2012-05-16,COMP,4.0,77.1,235.24,COMPLIANCE
1250,FIRE-001,Sécurité & Évacuation Incendie,2012-05-29,COMP,1.0,94.96,97.97,COMPLIANCE
1250,DEI-001,Égalité Femmes-Hommes,2012-06-16,COMP,3.0,73.25,167.1,COMPLIANCE
1250,FRAUD-001,Prévention Fraude & Corruption,2012-06-11,COMP,2.0,92.23,149.99,COMPLIANCE
1250,ETHICS-001,Code de Déontologie Novaryn Tech,2012-06-14,COMP,1.5,75.11,112.48,COMPLIANCE
1250,PYTHON-001,Python for Data Science,2022-08-16,COMP,24.0,79.66,1096.19,ELEARN
1250,SAFE-001,SAFe Agile Practitioner,2020-05-21,COMP,16.0,67.3,1453.87,COURSE
